U,Y,R,D,M
55.78735979457585,0.0,44.4503623329178,23.27151336961274,20.20140940330276
49.002518596845924,0.0,41.72911598358256,18.627210765916484,25.723065269990173
57.400544023127075,0.0,46.894080921798555,6.053064215398983,39.57409349076101
66.75369892060118,0.0,63.575786461504386,32.5578587154949,61.000681431189506
47.977929286195256,0.0,56.622639946493045,-6.926111068356942,55.399652849232254
47.978104712604974,0.0,35.79622643346237,4.85317173593358,44.97273811209274
67.35402236936855,0.0,73.58750750615366,-3.4499522958205233,47.90495023802764
58.680050256717976,0.0,46.20150378793464,41.91699379088253,43.033986128871824
45.46348855038194,0.0,32.51450943505376,9.426789087606798,34.337830993053366
56.27723009658251,0.0,60.773145070196726,49.167782748224305,46.96989462562816
45.528205236040804,0.0,51.30262239608856,24.04015967203006,35.763066188366174
45.503500515781695,0.0,50.53207238755995,19.02613634468687,17.368574843810563
53.065297259943705,0.0,35.031576001762,8.606655990399922,25.592747422188506
30.03620372321457,0.0,21.39141941854784,-10.533754887823763,13.145441666125242
32.04888469782988,0.0,37.008282174189304,12.686721466324949,-14.160527277493557
44.47176602145879,0.0,40.948533696818146,11.136913575884675,43.17433266346026
39.65763934032599,0.0,24.41648596795349,-9.373653021050153,9.341812462196394
53.83767411276636,0.0,54.5633338562486,-4.082976225886622,55.062879709487476
40.777518528001124,0.0,29.314613272395153,-3.395369272553612,36.29455934476336
35.38921415662747,0.0,50.57136321062863,32.813428098231725,24.33467391329605
66.14057328809443,0.0,78.15146157599185,55.24233045569672,75.56537663452288
48.06743959638597,0.0,50.4349645800561,17.009440439374124,50.08727061615207
51.20144276937515,0.0,61.524210401105705,17.942067459232202,42.7180208241658
35.256242946140304,0.0,32.13762969793803,2.3406083845750025,20.171658138681924
44.66308157850303,0.0,48.796406462905615,-0.9186310285892247,51.397229227560274
51.66511836231494,0.0,63.21490226900646,35.4765896460709,50.33848727771374
38.181352507827995,0.0,36.92453758871522,35.089305572989716,42.17105263727281
54.494284020648806,0.0,47.65873990887418,5.063177525301674,15.082924217070442
44.061978046396305,0.0,22.068891598638093,10.752119721177658,30.374501036927214
47.36310164167298,0.0,42.47086382560917,7.3943509879021905,18.168468064754347
44.05056713435488,0.0,48.80800526947536,5.9913161273952555,36.91290721098164
70.27176729925048,0.0,75.87107783713333,43.03545477472048,74.46650292564422
50.335673753101744,0.0,51.60884991225077,-3.1203009930236902,64.61521499915405
39.178091770679245,0.0,29.5786780302279,15.808647970609524,15.960852183818975
59.26891092944259,0.0,34.13384112715861,30.53908267992135,37.908904884784185
37.43499387664706,0.0,28.35321466306978,6.274189391930031,24.769725992296962
52.711632875201,0.0,45.38661085721027,29.257999751427583,30.68184831570437
29.540520819913148,0.0,22.52345901245576,6.0192791166009005,30.35193752529782
36.28802404529493,0.0,39.011277736849294,24.798340282278385,27.434896985082524
52.58338584540494,0.0,69.49226685322479,-4.847665286022593,51.570726913172045
58.37052118446174,0.0,55.475624242527275,14.868443208927744,57.9860942423737
52.31098975382151,0.0,45.91993464073096,15.441046604567378,41.805002855727885
49.24417419154595,0.0,42.45629613613429,-22.88828407296898,29.092621023368913
47.26255494204143,0.0,44.56788752601154,-1.6244152693868443,37.62924208562917
34.681661683769306,0.0,22.122821426864817,-4.700821578845183,11.274996217614158
42.78824898137874,0.0,40.12629166373539,24.581208411338608,34.98439159590811
45.55789843798665,0.0,46.34663933021551,2.781001409706299,50.090167077041315
61.775405148863754,0.0,59.73357024893108,10.126465234335564,39.48163723973947
54.151507247695356,0.0,54.86355444520013,28.98426266049833,27.694177830637965
31.641541889707586,0.0,32.48922452632707,-17.70571093568862,23.383012808486296
53.94278007055894,0.0,31.06777495014128,-11.837419352619868,29.870540332502905
46.36523101190098,0.0,49.10883459265086,8.089858883927828,39.49870643201955
43.24687929209229,0.0,32.204860764537045,-8.929095976037466,35.58875769414266
57.01574767170507,0.0,41.241508581868096,-0.8260125021690641,18.136348480083804
61.49628009312643,0.0,45.55379338687798,29.581771345578954,58.24989185092231
60.4307631266726,0.0,60.78078192306342,33.25946355359379,38.83304443997559
41.51272698686168,0.0,35.24568932437789,21.63480754504768,30.9004551150115
47.17591246222506,0.0,25.36893580542776,29.255323924108126,24.304153609795073
54.019493712248334,0.0,54.9506886570661,34.88161616202069,39.856919367667544
60.903741458393704,0.0,41.425020427090544,-8.819855759250817,69.07807677317294
45.35984415989962,0.0,42.86126500865569,18.97978894869011,40.4237751888239
48.49609929282482,0.0,46.98769243270721,6.893338753913999,51.38796840415215
38.65853646626948,0.0,44.16645249161338,-1.5826613634079294,33.5746345410013
37.69824423915838,0.0,52.704786961098094,16.31917974297238,41.278594398098605
59.16185543460877,0.0,40.50599908175968,-4.164546894914412,51.52835268943853
64.97152428488192,0.0,60.100655409310725,-1.2649101613534732,59.888303989256976
49.71045456577356,0.0,42.73346639394635,23.951872542165162,53.55877594165003
61.202795038715806,0.0,61.541728323028,28.213556896893415,56.209558327873424
54.344029487093685,0.0,52.49339972129416,19.497136405347575,74.77495353775585
43.58669111624178,0.0,35.90867683184538,-0.7411943090921849,44.96150270448958
54.34146056781194,0.0,45.543416541071096,28.050722268570794,29.920584773651754
66.91404789618119,0.0,50.75135049859285,34.065276870286134,53.167757832915925
50.09708698114144,0.0,56.49045307917322,16.438357722552574,49.15874127504894
67.19834868587127,0.0,67.70343891589566,8.044540364208341,61.27930914390263
22.487519430935667,0.0,28.61437876531551,-5.930078834619986,23.142501502747383
59.26204670532643,0.0,51.76025612447891,32.07969252013286,59.75248456686599
51.410004790143404,0.0,40.377530813147985,34.660154386243704,23.35942235869453
47.28495470799312,0.0,31.86361982702661,9.089321163350782,50.57597441368813
51.460371479027344,0.0,51.175148658193905,12.467218186305619,37.43752827353802
29.242418004920463,0.0,14.53922481206748,1.4963210360170156,8.052288055259009
48.132666172431556,0.0,63.66835055922785,18.030348926698256,37.39023867959566
54.29569569922395,0.0,36.32708807938925,9.355587461583928,51.41083707540869
66.2714159195469,0.0,64.82913818114955,-16.658336959760476,55.80834998543308
44.94209767270975,0.0,57.55075918584072,29.211235308295723,32.28439889093994
41.84101674068558,0.0,44.262714859196755,35.98896123048529,28.87040139353592
45.11854345161456,0.0,43.00348637621267,3.8704013929245242,13.894891973760576
60.261104270655395,0.0,45.778613411326006,5.791399663850756,38.24714621797024
53.99264917294538,0.0,35.24489183546433,15.445260662758065,25.28504434231084
44.81932543307958,0.0,48.99876929327245,9.693439647824283,34.522802037979865
55.96423410590829,0.0,67.74082469081651,32.48929248161163,60.403406021345425
51.51718200382527,0.0,42.78946111546814,16.786704355548977,48.056304289330605
60.830012451222146,0.0,44.53277286871877,9.96560738276335,64.50543206698926
42.97834974139006,0.0,13.030304866427421,-7.254664313471675,38.482253716039665
46.97877386039475,0.0,32.5949292626358,25.72070029462244,27.973839226764014
46.29015849512744,0.0,41.09340654964586,21.592133920792158,36.85528993788405
34.842014208714886,0.0,47.965952901302956,21.797299564974125,29.505686803393058
53.64398377201838,0.0,56.64603454159398,3.5422624554596496,20.1220202280205
53.26930887057381,0.0,52.38333154335213,42.8863015682499,30.199169418113385
50.534531709487226,0.0,42.233545167073444,-9.094840404375901,38.13207661841431
47.973294509138974,0.0,37.779500078422274,24.06851292869237,34.74728424398082
35.35644236088855,0.0,46.424278728866,-19.774185079907365,36.23488646697278
45.98523450452802,0.0,44.120482707362,1.8393763426185092,43.08724602208445
46.81793700215953,0.0,20.566235034214746,35.431480511475925,8.703287309262326
41.90743920985109,0.0,30.861757436561682,22.450632538408858,36.6278123206851
48.75653133015,0.0,35.63883164911771,6.802375722542291,39.08736745893116
54.79723840476856,0.0,44.87647155927707,10.50815659585351,52.073361869365144
70.63407640073666,0.0,72.17739784060994,27.941104006861032,78.03265670334177
52.34528408674845,0.0,47.1100503071567,23.71695453422597,41.303397017140256
53.23185868002509,0.0,48.30494080433835,34.59592905538033,59.67685482685292
49.68442773504824,0.0,59.53033155509365,8.580393989719221,33.704682371269776
29.977531868166817,0.0,18.89463115104556,-18.533912383774542,5.568928721855579
50.19658886381036,0.0,65.86114949753357,17.502908360346407,52.468791738803716
51.12346258738091,0.0,39.94278448932081,9.354405848448737,35.37538318464748
76.80000963811567,0.0,73.22465631789167,11.583825346740962,73.03125270778825
48.4244875321651,0.0,41.41811824619371,18.511680716473684,63.23041611627246
53.701972788460736,0.0,50.8862603837295,14.214356420828173,50.18351450554881
50.108993118920814,0.0,50.753586165709024,19.562082409522052,45.12232792894433
37.99239136542157,0.0,38.73169838035036,-4.0205207777181595,18.68354390433414
62.69112894753938,0.0,50.44569875744515,29.016372918313127,30.81834334306223
58.51441227620798,0.0,42.42788243276141,1.3022569035071285,45.49818534915086
58.93219011286311,0.0,81.2076436521059,8.427848278521768,71.78627624823847
40.76295061344869,0.0,31.74273223360311,6.683278942786385,25.51205292289723
65.46896386073237,0.0,68.54344824224913,48.229579569696796,64.662086580833
35.50090218658261,0.0,14.6813520327849,18.27386290598607,38.14274590235946
56.75055080416291,0.0,49.61771746293295,34.07236354417059,64.72142239894382
73.88524460823494,0.0,68.07026111494534,48.27893020300006,71.31983877597277
39.89586261230775,0.0,41.014871731359186,60.39964630705927,33.80901850296633
44.428916421686274,0.0,11.659396515944604,12.707172815497191,7.318340385162411
51.54468361580972,0.0,49.21815404406892,36.04765074687515,35.24469837743969
45.10017983713084,0.0,28.960653364578512,26.759733877754265,28.524876115399998
33.910819435985644,0.0,33.561817773501815,20.376228360337286,14.195897141004828
51.21249944520603,0.0,36.167839042299775,40.85125689583291,42.004660686975676
39.12901716804361,0.0,26.20593681956521,3.2995376575315625,50.473514590169415
55.54030068019772,0.0,48.49162765743666,11.200510364381177,64.90247207946858
40.655706101163034,0.0,25.623430287465652,14.553424202972092,30.651518514985128
67.0411781076662,0.0,57.65810366921081,21.974015308851104,67.28988511513181
42.110713291461934,0.0,25.560924426656964,15.335258474687848,19.610636753566983
47.038617446531006,0.0,23.634074147550542,35.57708411472606,50.178838393490366
59.17244864045457,0.0,65.7280740169601,13.486116162241842,34.46890975711035
37.327921533957955,0.0,19.774021922976416,3.925059045494243,34.67571497248042
52.91033758747862,0.0,46.911600132005276,19.238736519491503,49.646492778201534
64.4469124542064,0.0,68.10698381205262,19.905394300164723,49.299589925551274
33.30369120815181,0.0,23.026110944294103,-20.96468201719698,18.57183291481674
52.45273446196256,0.0,39.62113795375926,8.355958222572692,26.743305347125627
53.25678076584767,0.0,51.5367018423847,26.659030889375984,31.501139882122047
58.83378974534763,0.0,66.453140712989,40.29527366781497,34.065508071324615
37.26288748516757,0.0,21.051127826476446,-8.087733763821486,33.198757768553705
36.3706142406026,0.0,30.958458301495437,-8.643838083905365,40.97958879414702
56.056918528784294,0.0,33.56245785865552,18.93777627623517,14.848511538622244
53.65321997632943,0.0,45.37176774998475,-12.057871021096794,66.51028430218932
53.156447789484865,0.0,49.40610799181088,10.64730231363015,44.25497428605297
54.181745371825066,0.0,41.00867572602952,-6.982537599339029,46.26649096143835
43.21372624417974,0.0,34.43694744072751,30.745591244086732,13.861133018919322
52.96155966828118,0.0,33.9515891734231,5.969413244412959,56.0613808531799
53.61141752600289,0.0,50.30691473714293,40.45887225663802,47.52643501961077
42.846940280486834,0.0,50.082853328648184,26.94303053959937,50.91210721599816
70.41597759862925,0.0,54.39730484594079,17.295631192999117,74.40243856201931
55.54287035531917,0.0,44.80076742559219,3.1235378337545328,61.503783576945764
37.75063489433822,0.0,39.221163300527856,5.723427775208423,21.40403522680148
57.49526864784124,0.0,66.13397100884116,17.827589489117802,50.205466544551236
40.0652720073126,0.0,20.378225940519805,14.60068619808218,17.93025514914492
58.890012150333746,0.0,52.8930754160891,9.125992505058676,61.03428042672925
62.859663331068674,0.0,61.57631797720779,32.768378192790834,59.693356995745894
41.71077846528319,0.0,36.71559043150378,14.366166415824914,45.12182254615211
60.773713868332706,0.0,30.322343347918256,16.30730009979788,58.360791784985665
54.8905205295909,0.0,56.050649587113725,7.836865840777955,26.188286158371824
59.26373127955664,0.0,71.12309466877568,17.668825649981855,72.5301543553324
70.74741467653318,0.0,67.56683468359599,15.073975989111002,75.2752761568376
47.85788436974629,0.0,32.92622772535722,14.829133687632197,30.738213223721193
42.42610828577986,0.0,33.06889213990356,12.224365648579006,35.58732892003259
40.97529690489133,0.0,55.800877496449004,13.910931462400715,35.44872270855355
41.76283688178247,0.0,47.47535855554604,35.54513583813355,42.76501816762959
49.65605017666574,0.0,52.376416147563724,13.12752305441922,37.98202940986243
54.12515430008826,0.0,53.76756208952932,31.606497281225693,52.447338514858735
53.43637685226307,0.0,42.323509961259745,20.30677727468908,43.31475049718061
59.31847226385254,0.0,52.97781544264919,16.946989865974743,44.82135851992681
50.61882083775378,0.0,45.72568725459912,13.843864771803513,43.71582712843979
66.0111259671052,0.0,67.49289428033815,23.153490338135253,93.53147135991998
47.65199520033762,0.0,59.60097370012283,17.834870166737556,34.710810486282945
79.54531422288773,0.0,86.8124825491598,17.902275805138295,72.86803879572382
57.16524426070443,0.0,37.96486199190501,-1.5282074175955067,35.67703846076532
41.32103500818249,0.0,39.78264380547621,19.633187343379134,25.376216412629855
39.03724470330761,0.0,42.96398100611208,21.8139588031449,41.799656800604154
55.63518466406638,0.0,58.02867568896683,28.787190647781088,57.854568467172655
48.092159857160794,0.0,37.408853941733504,16.3182025767627,36.8111893527517
58.10909734166731,0.0,84.74702178496618,30.451046676058873,71.7200493280609
55.536509523555566,0.0,37.869894049498626,28.279112885312948,52.641551890848405
49.701705658795944,0.0,34.18720936136229,26.11797603065031,35.117725708798524
41.431774194569265,0.0,39.993059987217315,-1.638428870365793,13.409160389927965
34.29352103947254,0.0,52.90469150021919,-8.90704392783424,41.34433049050308
45.70881358740901,0.0,32.876582959891635,7.348949652250634,35.8002294290516
59.630644801321786,0.0,52.594101038495246,20.230840720381174,50.61684771701247
52.767517812749475,0.0,60.061243040969416,13.294847183072937,41.516148688521255
37.16898564598674,0.0,33.14286053244889,-18.314523209298798,36.50345639874805
52.330358137257555,0.0,44.69171488191234,40.725145356022566,46.69297878812728
54.59706835762664,0.0,56.44520393135664,13.84765509439584,44.686342234065805
41.03574273858582,0.0,40.015704496472324,12.689954619367878,16.96168012899782
52.122469747404296,0.0,58.93150510921441,33.88715168270466,59.82623652437949
51.10186264381436,0.0,60.69053471931241,-17.25603712498753,53.79612034834393
38.2670824685156,0.0,37.65959623522985,1.524029725832742,32.607386806200154
54.30290592040192,0.0,53.25784919542666,12.092625871165684,13.289098971682876
56.47196146230684,0.0,54.56822476337288,14.000671798202088,48.04000214216387
62.05246063209062,0.0,62.96277924209222,19.362101771758855,52.327813437398994
61.7399285835741,0.0,58.06371037732629,42.02756596417631,45.894763959900445
35.7592872676323,0.0,31.939992617527444,16.84653085136465,35.17683977797269
40.45909069848959,0.0,49.22737149496336,23.43964015627591,43.5282870504506
55.9831236816436,0.0,67.86487478130218,19.13517766681306,57.617426314292736
55.9697745473205,0.0,35.857017615149324,-1.2556354100584137,55.415690120872746
55.9832563815849,0.0,51.928368772873355,-10.835113007102429,34.57790919756279
91.64691462318433,0.0,79.58481991795034,16.519712437801996,77.42446109981573
56.57994543930602,0.0,49.11822801854742,23.868873911716236,47.8788334343361
62.6135849378506,0.0,62.59774268400216,22.562889159425687,47.89474696115178
60.67354734688328,0.0,63.51551228736535,18.087426471691106,63.524254374645864
57.44010807594163,0.0,52.067650946128055,14.078060886313807,41.980544832800646
47.111193899541455,0.0,22.857089643483064,41.94373841406867,47.93068622351274
58.58959501129137,0.0,44.172251731926,8.307593548815497,35.366866017102076
42.22213888613446,0.0,47.7842992287006,23.982800779879714,62.13314753570649
47.949450877409696,0.0,14.929167533042037,14.082916430071588,55.296509656339396
45.29371044294104,0.0,53.881434996522614,11.737657003165454,38.542782323834736
51.354731259906636,0.0,52.78882366787012,32.50822710520365,58.35319590611667
75.21237189027025,0.0,84.64752141174515,49.64881694009304,67.00837094590054
30.527881541441346,0.0,24.703916321427087,1.1056164634270647,32.203604209104114
57.81268798437202,0.0,31.80766288025394,30.738767514945785,40.4520476779565
33.24777969125634,0.0,34.031999977056394,11.103917982222134,8.423282807232752
45.43723000499437,0.0,54.94545984396995,12.780073504337157,-3.93924965625353
62.11549612311383,0.0,67.63390737433913,24.719746574018785,53.447538968131724
51.166735413116925,0.0,40.07648328431287,6.128964110129536,43.535400310773674
38.964027052469426,0.0,36.01407113193627,4.804227841435742,46.06116143538377
42.83676490406042,0.0,33.26393144415128,3.0639771421964372,32.05257891822608
57.74149878596579,0.0,44.88130313310865,32.13944287560103,59.07203102616614
42.67581529045944,0.0,48.853296200182996,9.816089060767816,30.527209069493317
52.79278654547852,0.0,36.01516903426362,-1.5691286479972462,35.860121358017025
50.96683567781418,0.0,37.43439193781538,5.519856781252242,52.25510570354419
43.517444996019584,0.0,27.888897264004616,-33.46273546319779,-0.2744973943424682
73.38826177860946,0.0,53.15883569779031,21.068625182605945,61.231755776534705
57.25341465623317,0.0,54.619900891990895,19.699793866651515,44.136055749495355
28.840937613828086,0.0,37.43751268385954,1.6357595400643898,39.100777924457304
52.472186313273326,0.0,46.415428630476256,44.445244698235456,36.380256687810565
43.4086047874829,0.0,23.53113600512074,19.66173688314513,35.534675376501674
59.588273264159874,0.0,64.25311536349554,27.92746606150136,65.34056098203999
42.01168922275713,0.0,55.92835675599777,-12.363737281833977,19.195635642083225
49.253917350243924,0.0,38.370641852857595,9.63447201715989,36.3276983840428
55.87575940174406,0.0,46.65289618047,11.554287527376784,40.27037517259548
59.73061935435401,0.0,60.961624660679895,9.453575803014392,64.76219485227713
37.654544287078906,0.0,50.97081008478527,-2.873641527498801,41.40726181664965
46.9056971533877,0.0,37.400415351089144,-11.997109733019293,33.06033022610423
45.40503088363971,0.0,27.326942664817672,-5.321300231208088,18.694591035981794
43.49897159762465,0.0,46.23422044401548,23.927444832185614,48.9902352557081
69.34404027187448,0.0,73.40844691122503,23.8002795886189,63.254147283622444
54.80718472266342,0.0,50.73137959366071,10.688847347421007,25.8723919704427
37.007157144818954,0.0,27.26697731139532,7.9659450392342155,6.17742445455006
60.28738792078819,0.0,66.57433204089068,37.28721008816717,60.54025373155106
73.15545484098635,0.0,74.2863578018036,27.96822664249832,51.36500880673314
61.51194172680309,0.0,49.12471794421919,29.12451365633991,73.94501829115043
34.24519486229174,0.0,30.97788986431702,-5.405801957201382,12.612231362937015
45.30577905441799,0.0,27.025624523980962,3.885511693899387,31.59655605619084
64.0170316450122,0.0,66.97553926969057,27.874638000654972,60.04778266665544
42.918337956546004,0.0,36.207463600678956,37.961529790708276,23.445321880942252
55.22217162788639,0.0,46.46390186684532,38.20085060817967,17.141390069410644
58.75697612975318,0.0,54.20045362263687,28.208661871942553,52.538186509241505
40.575500815396325,0.0,37.106267158729125,12.137272255977717,21.621520205650533
49.84385618101925,0.0,55.258232354608516,34.840481639580815,45.08945284051536
15.846459967890766,0.0,18.630900637824496,7.610849105231324,4.9211114700061875
39.53415615870642,0.0,34.001298242243564,-22.890471198508997,32.570376717210884
47.781164601388284,0.0,51.84210274619105,-0.8881521083430073,60.5125201113528
37.147140886808806,0.0,37.55077132907756,12.884088021300453,21.709338324663285
67.92245629581178,0.0,59.042014582928935,-0.14842333294288323,52.80421829447624
35.19861587342236,0.0,30.075713172292225,-5.600263535508292,3.974679546193183
45.77795149235988,0.0,40.224256875412365,3.000981854053167,33.5245593706403
51.87687656871961,0.0,53.13301136768079,12.604628440981493,49.66758125215791
65.88011758467917,0.0,57.66523602867339,19.860085055489698,50.63684382119844
35.13748854294025,0.0,27.204247347892085,2.940467380491943,29.048773319314193
62.90847495477929,0.0,79.46062518055622,33.90721380693118,58.776506512960154
50.58923545961483,0.0,56.464888434205506,11.769313929850934,28.317266602640267
39.99232468063904,0.0,28.058373567586084,4.262740907790101,31.729922976977416
55.41753943688683,0.0,57.307721283340406,-0.8517234847006279,45.96419010480036
52.606876721158834,0.0,49.75637376312294,31.050355779648385,45.62142302761011
44.06648517978484,0.0,44.25382669056023,2.4594186983692676,28.79096184263009
51.22573952566781,0.0,48.59996161686322,0.5385208755504358,34.49802555908337
46.36275936055845,0.0,54.955527869539196,16.186730021932725,42.83614946873092
51.692843719260914,0.0,51.26291609608222,5.305818890184161,40.96550369814965
57.55486044366487,0.0,52.70989915035277,11.923442437175765,70.30402263120997
67.426724149301,0.0,74.09671255725647,28.40257827920253,72.80535339066208
37.25364709462605,0.0,35.88356091875078,3.5769891105741483,34.90650528142088
73.27167913569345,0.0,70.09862358059944,60.547157634999586,63.89535289183805
29.621539106966715,0.0,29.237125940474634,2.9286903025059363,-5.056195722380586
48.85804686141468,0.0,43.82923419120138,23.26167353974131,29.33620301205212
56.76615232989746,0.0,52.68938716130648,-8.460152583488092,40.09015068673319
53.482334421242584,0.0,43.156384783551665,4.968804218763369,39.32976192652495
43.826254729191014,0.0,31.926138125034264,-3.526508362105499,31.533299416400858
48.256075802598694,0.0,33.66183980783794,0.7756932272432255,44.064569774544076
45.212103805008624,0.0,26.50738648805727,18.407160828186193,34.78164851912085
44.182441732057825,0.0,30.915950786005585,26.57847432868038,46.38647357343017
59.55802105863823,0.0,53.491576857664384,25.292310519037148,46.6623188955697
54.29465832541605,0.0,51.25392595324869,14.349417392088155,49.048045827277626
43.07604941245345,0.0,36.26656130630913,2.4878059589299113,36.98038396528404
60.09225491260895,0.0,30.93390289371633,36.42196431768032,47.20080120870077
53.76343568960039,0.0,66.30208726821239,46.43866547616491,65.98869827780787
59.16544881318412,0.0,66.44626661285723,22.123302691754695,64.21058559614175
57.20757342730031,0.0,57.74235217182875,32.38129385254909,33.56994484035899
41.62195608297406,0.0,57.89217473503205,15.417095291920603,36.69499122691277
44.49427417674214,0.0,30.189174220848884,22.803344323315187,31.761924964762343
58.46483928824363,0.0,74.2349733833068,3.42471324344994,82.85481610312634
57.00179261329107,0.0,42.609993673240254,12.152378927139267,41.181414725040774
50.256556943644156,0.0,48.7203802450191,20.896735949156927,29.707953766901394
51.73355455441982,0.0,34.166751193363524,33.22165755958275,44.168530656842826
64.13193706029563,0.0,59.986250968240924,11.420810061156988,62.23654809303861
44.15886353524207,0.0,44.287637569388025,-16.679841722516088,35.0280133080319
56.32571223761526,0.0,50.52204797531552,11.638090546902367,44.42597540009005
48.319434456757016,0.0,51.84425179666545,28.49370654770636,53.275166625852435
48.15393693975701,0.0,45.17547397888629,-8.151357966037974,28.629297920742744
62.22049115001399,0.0,52.42432401297394,5.314419261118818,48.019950898226774
59.29959266855456,0.0,49.08389589721153,22.491019036972858,42.50468889261082
59.17236763237532,0.0,63.53718080113432,18.58972134685668,66.95615768402635
64.42913292648981,0.0,53.205322996632745,31.490019236558176,57.771070180137365
50.70432288589617,0.0,56.320522398492486,-1.7447802190357713,31.32354094072906
57.76666469450118,0.0,66.51308225296265,14.871904824989011,41.085287129196274
47.16464624389759,0.0,25.498119488933785,30.466773828135228,55.949388946068936
53.94366034642356,0.0,61.80581685240526,0.5404346337406203,62.28539678823773
49.08929535206712,0.0,66.8492347509418,35.49453570098521,57.07054082789869
51.51631026260093,0.0,50.098823755393624,0.9745995904041358,43.508698221482405
56.83923683395765,0.0,59.00274536143357,30.91087269140423,68.96694777946911
41.737081410294934,0.0,48.794340448474316,5.386111788887949,21.68216216414997
72.83736939650834,0.0,65.47137542970013,11.600431670289069,73.77457235868229
39.73044517436948,0.0,37.7780276316022,2.536760727884297,25.045427348459505
37.50610395944782,0.0,19.757075918794474,15.995366181403472,20.306559160598958
62.85448417912536,0.0,60.042256093554634,22.151012903989383,64.1290039184282
58.9389297394744,0.0,59.99787100200449,35.85673144817288,50.258991519079494
57.14870866006138,0.0,58.4294666186411,39.34371300307669,44.77586846395847
57.19386082297479,0.0,64.2858149337887,2.46572946039419,45.82956858891771
50.34903502142524,0.0,38.08656486219266,-2.3281600161068425,14.0279582850069
40.892594450885284,0.0,31.35565018770472,-8.209104383818289,39.05170512901893
51.28987686326176,0.0,67.26690264186406,3.2206641500199495,35.81675724555101
43.24431794145692,0.0,37.71195001959717,27.030276166492097,56.452321086738635
60.89919606206841,0.0,58.770306508983936,29.069416945334336,49.59362447928095
48.90856319837304,0.0,44.160336318859976,6.902739829408285,55.90039901936362
41.65933075805465,0.0,29.050373872760872,10.442527627827072,6.834980423799919
47.045837131720475,0.0,60.21798890387058,33.348324838367375,52.119898359052144
54.89212893706546,0.0,45.1661477446697,44.75859676639114,56.79218823451956
44.45641120649122,0.0,28.565580303427392,15.79137814186711,47.686831262644716
41.69434387670307,0.0,33.00986517927608,-26.85543356911075,11.568435957793064
53.08372850496568,0.0,27.791797489608633,21.066966147457617,29.031372615956677
53.09739865672858,0.0,42.094589169403434,30.057356448984926,49.34121543356144
45.06312884601532,0.0,30.845963462822436,15.635110020452355,34.42474604210578
45.44677783110039,0.0,48.00046955234583,22.91831277167695,41.72360206871529
52.95938246384342,0.0,41.724815461926575,21.841001528757598,37.430058990649314
35.00689258358277,0.0,40.601219431931035,-10.455313238506875,47.165377488270664
35.4409295110735,0.0,46.43151062576382,-5.307142441426858,62.46626021912582
42.803208056567236,0.0,47.13507160284192,6.702079419234906,37.068652797820064
48.1991784230949,0.0,41.893106817161005,29.206658837591082,43.98431618897963
53.80198819529209,0.0,51.171796665858295,6.479878343486845,46.137135641316426
66.24429884424734,0.0,45.770254238061206,30.535020649275996,69.37657668505817
59.64411694933265,0.0,54.004608261859346,24.762745161917756,61.12613933518392
48.770926171197445,0.0,35.6294621940487,36.85956906878525,23.555703900227087
50.27670257998687,0.0,53.560955699364,14.747654289917163,35.80513410174546
39.76771516415743,0.0,63.109265789185486,-15.168069229470522,25.68081377157825
50.28207797973458,0.0,51.508100586643636,24.453417095308758,76.47253392124128
47.395532262202096,0.0,22.313301180644167,43.88025684364051,39.707833691045494
53.92819046746506,0.0,45.980302631842825,27.380463629630867,36.52418392915426
41.64080541067488,0.0,39.022852969920045,-0.5106507943108323,23.98934030690254
56.02919001080345,0.0,52.791840076270276,3.250090967361853,57.68618040273148
66.85744166453196,0.0,54.77631645364722,11.018674368150437,67.8424052409047
49.317774948493366,0.0,47.86710413946801,43.03794381958568,50.954605827857364
54.77224439515943,0.0,37.48472770457544,13.193106324341255,36.72256331277025
57.85418699136791,0.0,43.66257735146146,10.16175214905759,50.088522330650484
46.192791985634756,0.0,49.03382889396236,10.857886609745389,40.331849528410004
52.87435584306556,0.0,38.01976908102621,12.296888843444986,29.053276634128352
50.61444536321491,0.0,52.24096838480042,37.61138979050404,31.747781520653213
51.52357759291912,0.0,32.94852368206327,1.7245984281934046,43.30937599562374
42.220166734947846,0.0,56.97049251272237,27.544420886413935,40.75421141291172
50.74178858240662,0.0,38.47819086579377,17.311076094715563,46.14889714795608
55.80108100659133,0.0,49.27657890212631,35.38012105251789,56.26910087224144
65.9855834390017,0.0,65.15087067403717,46.27012611410157,77.73550792798201
60.72984808073052,0.0,50.505020036505236,22.274859649552393,40.86544179494706
73.48697514542825,0.0,70.54223720038546,23.651327360298893,74.27699610198707
42.28066842573332,0.0,44.443670405807765,11.873030454661839,43.90618007353643
59.80077210490001,0.0,65.73880404968999,19.233836455506506,50.55505054668977
52.43893081870493,0.0,56.71417891010731,-6.826063003622863,47.588636734383634
73.87827048878165,0.0,67.59135808677449,50.183153693057534,62.24003172591146
41.84310373823641,0.0,36.373967067729126,14.163497250416746,58.09443288638175
41.507338262218454,0.0,62.45247752478347,-5.8745377191188055,40.7240652646464
44.075292220808095,0.0,50.17049448805446,-17.20804712046532,43.30218602403763
27.785745343390428,0.0,14.355909096062838,-29.825495596561627,11.021825228395318
44.86212141181617,0.0,41.95061635146275,23.21653890507,29.793944837509006
42.36844589383711,0.0,34.89554821810373,2.266288249129376,15.478346141172306
52.08687409304883,0.0,46.56097856574502,9.919540128041648,56.45097940462804
54.131608142062554,0.0,36.992735942527844,24.332502111149587,50.98547932796475
70.5270639426422,0.0,61.757092272845725,19.1923900431245,57.71946069208377
60.63531667170609,0.0,75.5631728850841,28.729398145034146,46.82855039852596
44.31559049134094,0.0,46.482928367467565,13.401259402574446,38.97967167998821
40.880196470674875,0.0,10.619160143733339,8.985253506253313,17.023065709743
55.736124689130406,0.0,64.4541245930876,-3.8272196644145566,48.170770439639796
36.373001368314384,0.0,44.07941942395691,-3.85769193283568,14.138072072446468
70.04930864971679,0.0,61.844543984959216,34.69250785602949,63.8470875947387
63.08239042430564,0.0,66.38895599650759,12.762039453233417,60.12502398421692
45.46668056671772,0.0,32.393081959267064,29.677102697704953,47.01466805268542
32.17479108406613,0.0,23.447649809661407,38.451050738508684,18.557581785021405
64.94622553805672,0.0,76.4878011503361,32.64674574816751,57.492258116623255
49.25601801064458,0.0,42.33558120960038,35.81049793069707,19.838074530062734
63.706148891644965,0.0,39.62787506085901,32.87189772744602,63.28279978109035
33.4431920175724,0.0,29.000359207481658,-1.4451481350920012,34.238757572310085
44.075480519792194,0.0,39.287919124148296,14.747336970394464,34.729332640676894
50.53592337652736,0.0,59.14920134178581,43.848468601988266,28.752756685436296
50.981888426722634,0.0,47.05873983386536,8.344817508645265,26.86500644708442
45.67087574838043,0.0,37.22649087918827,-1.8421547996186725,28.141713029972465
57.13513974917351,0.0,64.01257584393724,3.121640223278467,63.93046804627462
39.07220725396674,0.0,36.48046655336345,6.111779963211928,33.30427587271751
48.958547232560186,0.0,36.982210874547434,0.46997115002954715,18.779821580119105
51.76527073930438,0.0,59.898463498528955,39.742785941639475,51.56032179867515
55.97675070287471,0.0,53.865155022519886,21.5164932131822,37.44563237593622
58.08360667244243,0.0,53.917493269431596,33.31880328113501,43.03455285128675
38.462922132493226,0.0,36.486059383618,4.633583629316435,41.34367479942457
34.087650795448035,0.0,18.974364363970878,-9.629586894280955,30.10764312670625
64.13206449259272,0.0,54.24756113721061,4.498220355985442,67.939378602317
54.03071932522278,0.0,49.94130728924115,4.6030548721041225,44.94921840151276
42.482201355933555,0.0,36.493819012651116,15.948429157316156,43.32355391250017
67.0541880333872,0.0,76.16683288107936,31.881714477412466,55.86028020942295
51.71589468023214,0.0,49.928877890804245,24.625982253597797,40.24256706978768
63.08086312441725,0.0,67.84388677039027,1.3941589182208602,53.533350375027446
51.201338874675315,0.0,47.22212982301349,15.837394606053,42.5407185023694
72.49929812907102,0.0,79.23115972477105,13.08937370768759,52.22563911413667
69.23597708036365,0.0,69.05337353457197,31.41211062388252,59.88811093339886
47.81967391975519,0.0,43.94125748960046,20.735621916184726,56.77348706540978
60.861276782601784,0.0,56.475842636242035,4.63430136117551,38.82252876031889
57.37583366369626,0.0,43.09161685226778,32.87772663934713,29.13808035610255
65.10392965335899,0.0,66.14992262478312,56.4417393318722,43.059569819236
40.16953995907448,0.0,35.855356653985766,21.5444217742361,63.55886268941121
57.810457668610155,0.0,48.306292569092406,17.18085714486988,53.446148237183806
61.78932000143705,0.0,69.23641338412897,17.201543828527594,53.663166287351814
31.68749519033871,0.0,14.715646619636448,2.172517577590933,18.27331244817084
37.83659677566089,0.0,29.517378696743062,-2.2219443071378553,29.46443359301619
28.690388193541924,0.0,35.87392536886358,7.028104938391905,13.534126258320956
47.60124071620742,0.0,46.92325913085543,-2.1782279126752933,32.93320197840864
58.14694160325238,0.0,53.442361445017724,-6.968573410650432,47.489368952039364
66.53280686757988,0.0,64.84629146191298,27.363711247041117,50.3012445132508
51.27160762813535,0.0,49.09023109961234,16.18098853528799,37.907951219293935
67.88189804138558,0.0,47.46773193862617,16.96187898704519,59.527164601459596
35.73330001394041,0.0,28.225201669250616,-10.73320869723575,12.170717694653918
32.27899364364444,0.0,45.63114390671137,9.526625931007372,59.815541262958945
49.88635805179456,0.0,38.8537735357968,1.167262803156465,48.10008585554776
54.58369128704801,0.0,47.07877381470034,15.744108110533091,28.94203799547772
50.130545301099446,0.0,40.33922791490091,40.12602910979754,8.406821051528187
28.38896089060292,0.0,23.78220835543917,12.482074763283883,9.053280475397695
49.52763249470444,0.0,39.30754053653032,-4.370026620537171,47.103467096935205
36.541438965988405,0.0,37.86554177335361,-10.178514993370214,34.27944203168022
57.635446515810635,0.0,55.53394308592299,21.51865459320958,48.31485350695853
54.39705157246554,0.0,58.44866419699032,-1.7810486123711513,40.58843409392287
40.43713542108328,0.0,25.423311605543894,-18.28033669913465,16.093504670101474
44.98914761181597,0.0,37.41615037150333,19.931010636838828,29.479872691623797
39.16203633703668,0.0,32.902148614711855,13.749010891346327,16.028754474056925
49.81015797731335,0.0,50.57687099051256,21.428257149389932,37.2122621854592
60.685734371695716,0.0,48.050462340221614,24.762276272459243,66.38626544040704
39.94726117162405,0.0,45.751251959391,8.737711800492935,23.532930706725065
55.86570720130102,0.0,64.26077600405208,9.075315776891287,58.60834867037118
44.814010482493686,0.0,30.381634113914032,19.605950513351946,41.76920933614075
42.00792704672565,0.0,32.8933909359163,32.349147582452105,17.371303604573935
49.33625800129061,0.0,39.6611370513034,7.7549900590769925,27.99429027311311
39.418172243143296,0.0,63.39674970082318,-5.016646883969649,51.440508484040244
44.564066755387266,0.0,36.050716761002164,-3.8003134172265547,22.209649614359954
37.68038648138398,0.0,51.586140067194485,-3.801459616312286,32.46944028987308
71.47328001686894,0.0,53.64298386611533,29.83933663880022,85.20992475445946
50.856690056054894,0.0,36.3120757463508,-14.497135613105385,50.90443753044864
43.0032203499882,0.0,31.800434230264134,17.526203496913265,32.343792948168556
52.76630148562901,0.0,39.71214124633579,25.777042701735787,51.66357194703611
49.27965138206015,0.0,42.39934851931656,-10.550866559777258,38.60922079865003
48.11879992591903,0.0,36.59334174052658,0.35076501528576287,49.36755648894755
57.04235809354711,0.0,44.193400208775245,20.176154945711964,20.26682074059379
58.573978550261295,0.0,66.62675283863241,17.87335460300543,52.04011503893943
44.81140833560738,0.0,53.79224287038428,19.65387643536701,13.286310128297128
44.32718831561415,0.0,50.41178502666581,10.076355058004056,39.94690440250156
47.540924501069256,0.0,49.06995498591446,31.654127161120535,37.045038271852945
25.883516481152792,0.0,23.221983953811144,-2.5970334167315237,32.52698992280318
34.289847083441366,0.0,25.242986640374653,-7.303759167576475,31.491383329679586
65.0851527419446,0.0,50.681808865829545,8.487897274360868,47.38000324525084
68.05662343862203,0.0,67.52891901175849,35.47059794042615,56.25932486795405
47.81890575267828,0.0,31.379808895360277,14.401624633082266,39.600570278584485
56.64049234319151,0.0,41.951152153517526,27.76255989653708,37.674285995365445
53.80564881019362,0.0,61.88167021663902,25.914367101347153,48.27747599685299
83.37820258280681,0.0,98.85737070660052,5.064183739415338,99.01288597332484
62.442721573175604,0.0,62.332247899076656,5.95565276455234,45.09779241816909
49.11307476092694,0.0,56.778286955820654,0.3131843422777436,37.946350128396844
40.26979895227011,0.0,33.77788730512687,-1.6643798014944764,25.943473906813104
33.31477079493088,0.0,15.389483347703347,0.08940623347547039,58.293115302363816
52.65393349188954,0.0,55.027957963373105,30.72115589183955,53.31401748049792
42.39817109158028,0.0,44.49494899193943,27.893632691757354,48.7909305490511
35.28289680753994,0.0,32.23659546425016,2.967250913673533,35.07441554070791
43.571164205423706,0.0,37.05918139934956,8.108741614129316,43.73604656603189
38.92338900854449,0.0,45.2376385689739,-0.845385705950358,38.12948221825456
68.50725819427699,0.0,53.70032170002623,26.611099133741064,62.04678078690389
59.90034831955471,0.0,47.484302877859704,23.47789073971658,30.890457448145575
50.39470476580832,0.0,35.66275559133806,26.76441445303086,42.5897052614387
66.29332148680892,0.0,62.8540871354901,35.38886142760528,57.20820528885085
51.30658576361548,0.0,35.71468725505639,-16.539637006642195,45.646873163041086
41.2769411807104,0.0,30.12886267054909,8.239214569336474,28.56424897274609
66.75470568481417,0.0,54.94049344522046,43.895366656208296,66.04385945745551
56.23822929342301,0.0,49.31530695220655,12.437616561633654,58.475059928116806
39.39676099495535,0.0,19.782755379588487,25.409294967503715,-11.47784637759463
48.44609597259098,0.0,45.337643809542456,10.010499217647213,34.141475377287925
41.12377965801193,0.0,50.41685072170768,12.769608796792454,12.29152824243791
35.70446855990829,0.0,33.32624822227117,-8.694408103186667,29.12267912410874
60.37624137451985,0.0,72.44908814745335,5.395357741112049,53.17162061626883
70.88230037706859,0.0,80.58055699282963,36.882966390197865,84.37508112641926
35.53598676482383,0.0,39.956521465544334,19.659935086755375,30.605767472492577
56.49530542382625,0.0,53.11584985178313,19.125091466603617,42.03058811813019
43.52767900454959,0.0,39.8192093644139,-5.6720367143968495,45.82646850014201
45.274884958453,0.0,49.380350810181085,13.203327408272349,34.37598074335274
44.150074619567256,0.0,36.04837240450853,29.684380121303292,27.23063902532346
41.24802108691017,0.0,17.420941637711003,34.9327933822193,30.491022333958174
50.998354610926654,0.0,52.129328378739935,11.268665753358512,63.70661145963949
41.60106548396229,0.0,25.719346554185236,-12.823316113603827,39.016165064563104
53.36976589831617,0.0,39.0729919870433,28.877012695574017,48.515556685050015
49.94309182124614,0.0,45.88849156423429,11.262867249016377,75.21094406108156
47.92669748632604,0.0,42.89787413473877,27.33245299313019,29.27776874387572
40.782438115939726,0.0,21.94135322939632,14.07782242757873,17.168965873020454
44.31700440506326,0.0,42.108000745594246,-0.3895758223052095,37.22711533845194
58.5513635949882,0.0,64.56937630172115,20.70340990821336,72.04877358979921
55.83226985760388,0.0,39.73447741895181,36.82491320148553,31.775128302452927
40.034567426696974,0.0,49.61282162761641,7.604204267144045,56.297045936863256
51.5412744149137,0.0,30.947962964529765,1.4478739696804048,19.61150527636374
58.50857915228678,0.0,76.70850418143849,-2.527479517817472,55.26861585971435
32.642044738446046,0.0,24.531116059705496,-5.237890489279744,23.291154949971922
56.28577980794025,0.0,53.660483244805036,12.858015326713293,37.078038758756094
43.39965817206245,0.0,19.434888203069004,23.110585864350085,20.08476363496301
56.576827062154294,0.0,51.74819723268257,3.002853160936258,57.68306070941557
42.324353668316775,0.0,40.816175677348326,32.8593971435828,51.48316752172319
31.19445435089929,0.0,26.548444390051426,-13.99507576642738,-5.769022233475308
33.08935557487817,0.0,23.364249068693873,38.74350478316479,23.365582357253572
50.99368860510759,0.0,36.90263260022115,40.04444083476102,37.543694135002596
53.25506801585857,0.0,61.10368274170328,18.96113219569451,49.36388955463227
40.817133198641955,0.0,37.24321132808333,-13.082600208321253,27.296580538695792
57.303351034413566,0.0,69.42306617276952,18.415740833847973,37.54208277157908
32.72629949917151,0.0,23.3947082123855,0.23826182254319583,40.09760002151437
49.77382096676993,0.0,41.11901546388699,-2.8981955645669295,53.769688356774545
37.5400016743204,0.0,42.32665015511151,12.435850578636142,28.97684589134766
43.51492586252397,0.0,22.39519642159016,0.012305301846410543,22.72895166487132
50.986355648842924,0.0,34.07125491732643,5.650805895789569,30.487747731948957
41.28624619607115,0.0,48.99122548903273,7.523770516624392,2.8941215231328954
46.37085926803298,0.0,29.974635381044095,5.086970399181526,37.72811543823768
61.23228511025929,0.0,37.73286195381037,50.640709043944526,56.80788984579408
44.31571642802847,0.0,60.12728413141868,4.509798099868768,42.587848250669
59.4093907572999,0.0,40.440917329551326,26.566953379510785,45.41118562687765
38.408804372733314,0.0,36.49859435487654,10.863180988691202,30.84146852414237
56.14093173504741,0.0,52.70831232484066,23.52873729840678,37.04553463337501
65.88327324758039,0.0,31.811499069194294,29.958748363364116,42.60858260496837
24.069996871791442,0.0,17.629726393433693,13.351920313572935,10.380351924110915
41.96494684398415,0.0,42.79013936112094,14.521609224013844,42.50746984528463
56.64599695008697,0.0,56.222764266755156,22.00463560970787,66.35879928568411
48.31032286866518,0.0,53.84199335259799,15.078329494288166,39.168602247836276
54.44564366040247,0.0,46.21096989035293,15.675657935645429,31.385474273808985
44.0262202199899,0.0,47.610398673034396,-0.9489389734345117,37.29835092775153
51.40511867573321,0.0,40.0289001032073,15.097419946301319,65.32838526053442
48.81645875072499,0.0,29.854119292755875,17.932312923575623,23.19673504476308
62.95782229308024,0.0,44.94503943426869,27.971552340104516,61.6336719487381
53.198418990637,0.0,33.614205604732355,19.48124305047689,56.32990725196241
54.0872293545202,0.0,60.641797136730595,14.146492984824238,44.02840105236229
46.07892572663993,0.0,26.062110118394017,12.223590654152547,23.156096869742868
45.26974710675365,0.0,44.19293124518716,4.781433160375849,43.94949090257943
45.85794373258014,0.0,39.0574244775696,17.320334070142987,40.07778091406508
54.69467468355362,0.0,49.46975792310255,14.646996951464294,54.27703020032714
45.9816105492138,0.0,56.421733367184544,15.518858733182277,66.90720135242113
53.57618199403633,0.0,44.81749613013642,31.251313012526744,45.42238185213751
72.65586631011806,0.0,74.67961050638478,17.638288298439875,52.143943988326896
59.78799337611733,0.0,55.95905919997058,28.970710528451242,52.31116035803785
46.99628270438487,0.0,41.38145241486903,14.000095814067414,40.26158726183424
63.31504679884287,0.0,83.3648936610328,50.98266834318406,78.30370357728565
46.119546326155096,0.0,26.87692825353661,10.002236880737932,29.72456092228292
28.70222352271709,0.0,38.6516808130865,13.27391799813149,17.272644030157768
39.708338349396186,0.0,42.77323513205529,9.743093633136507,14.958895604069642
30.490197912626336,0.0,21.693967545881193,-15.102947341563361,25.44796518928924
46.72391869823613,0.0,59.96287005958611,6.0450533164022415,84.45789652074902
50.67669682711526,0.0,27.051456507799166,27.96211343265451,32.95273698761663
68.39288087984934,0.0,58.49733980632295,19.194058319268038,64.49387211014508
53.973162277986646,0.0,37.059364108863676,-13.920549967515672,34.454165347036316
48.13877123040751,0.0,48.47328659419682,13.717488020668416,24.278002773432373
59.34221822028594,0.0,43.34567438155595,4.9244754998016,52.737243766782825
26.853577134479316,0.0,27.776430106799424,4.31943669324675,18.01793081506881
52.99747097781722,0.0,46.91516932634919,38.688515187182446,13.751581242699043
58.71670529328132,0.0,49.43648555010464,30.816443294932817,68.7782726995553
34.68097510493115,0.0,34.9991205608368,28.41777147017864,31.05337480029931
62.7010792675097,0.0,55.58213436383775,14.250656918425793,54.5234093487395
54.09677916003031,0.0,38.44900970064786,15.417012036043236,36.540872930720454
46.04247923171194,0.0,71.69516893419923,-1.7099185442948155,50.75431224926017
57.24126396944568,0.0,47.90376243533991,9.52333460209141,52.7194097965133
74.74259161527392,0.0,46.7933324053446,15.71982980765415,65.19061985758644
52.42316219861347,0.0,39.41290154968529,-1.8992208780890536,54.14630150690528
53.132168303138904,0.0,35.610714657976395,36.151495182480886,56.37584306629289
45.57155268813579,0.0,50.33162073499024,-16.73007664340351,63.89774892943227
41.399177521189586,0.0,40.89279927057066,29.763521109383355,22.35698217881746
59.35215792636207,0.0,59.35220178802193,37.88178364329108,45.0149729702376
41.33250798168889,0.0,33.50836647863368,17.462266458870545,35.02323850769476
51.2445897601066,0.0,44.209295473313404,0.16168534678102553,31.638814012470895
45.376051302900024,0.0,37.47270270290587,-9.653807961072683,27.10490099104886
55.59786581498021,0.0,50.584433119905896,10.531529626074416,52.56745308889505
54.04512390690566,0.0,58.75657569188717,26.215050898060067,59.16332360455965
61.56616549274701,0.0,60.86531158651244,21.58272338533086,70.25638681625512
45.03029098645625,0.0,46.3497820289351,-2.2530060339671447,34.83800360039613
47.59623898756167,0.0,48.86570686227599,30.04193790845309,45.75478576423071
40.02165473074194,0.0,45.49410431161328,33.43467243878943,36.169016760219684
45.73255270367241,0.0,44.79708827006471,9.644422003116805,37.53138795168844
54.511406706128454,0.0,54.172937755668556,19.203073690396703,36.7029780655023
58.56843195844256,0.0,66.94228134065996,-1.370135105962035,42.09645777485319
40.626417138907655,0.0,29.692658508834242,4.191911573443098,37.1388587097559
59.77176494566742,0.0,46.49065748995288,27.74631067981734,38.20386203090393
64.96509000950044,0.0,48.100835947638984,28.408075900866557,30.893102903612803
54.89750836551907,0.0,52.69076652003308,10.720656186560568,46.339517322469796
70.53374187769901,0.0,46.5072567755912,22.603486452625305,75.02878899845898
42.21183856467583,0.0,43.17817967188246,4.600696595123134,-0.7672752908931173
37.180569156247266,0.0,32.18783290084183,4.213477854228875,23.32930034687503
31.473997709359118,0.0,39.741003246035085,10.96531450376094,33.26412436852773
66.46535427567257,0.0,55.014179022541974,-3.493752398010564,33.55700791880343
57.471890045514364,0.0,51.13394599666314,18.241677115873987,45.57748638432953
49.88596300021291,0.0,57.70449029298919,20.051977581436763,30.185132671621325
53.471400931352605,0.0,63.98925669280425,9.051690911700986,36.491585273061055
38.45387228479644,0.0,27.39765698782463,2.0827047253584174,21.4317380013529
76.6131249127237,0.0,74.02064876745119,23.46238914880205,55.84385763115111
51.86064159911885,0.0,50.8860424597664,9.454901776383611,28.801305858337777
51.64879363963871,0.0,51.51625397354094,16.171988900216125,43.14746496754845
58.234820225213724,0.0,51.25671792819064,21.52654378813759,76.66256793227863
55.61955032613072,0.0,65.0237507117795,-11.328351548050694,60.483652102726666
52.8721284426917,0.0,28.768985827811104,25.961568903999208,50.549983564596516
42.0335540671839,0.0,33.65655384716801,6.718087746707563,41.04940315528043
55.51760463234073,0.0,56.10444003397021,45.45397050926546,39.53931711491957
70.58961115927241,0.0,71.01539066217977,9.706441624902475,68.20967498096432
64.85591112986823,0.0,74.8564029537342,11.125666627579804,74.79400625621449
67.50333466309007,0.0,75.8230757529348,21.94323024907147,73.75656824396972
45.01747652345434,0.0,38.023841898828955,18.267608323945073,37.13918160021551
39.90581588330543,0.0,49.77608922669601,-17.854259448649852,40.83813556168437
49.1358413081542,0.0,37.53718329637826,3.0245995456183756,68.46624942070575
51.07532279788374,0.0,56.84898432111076,24.106580029798366,55.53981427005823
62.171496165158345,0.0,77.06197984347205,8.511604400919408,55.766216856184236
32.395652097405836,0.0,41.496530589261695,24.813700100282578,25.150924799624587
66.82337105838174,0.0,63.595080572717855,18.032883645179833,46.03373420802087
48.7915552606862,0.0,41.24371086593242,1.8451192710757383,67.87867752880807
45.918604599055165,0.0,25.756220028647654,21.539178026314357,51.70669512092145
39.66540472179301,0.0,39.07127435960059,32.157122757260694,31.958871901890035
32.79749883739525,0.0,17.23502636069521,11.5963293289497,46.256830474259104
59.27559632825475,0.0,46.66550947855205,38.042209942749665,56.16508926305813
51.26330726080724,0.0,34.583824208542055,39.503775047275624,33.08479214151069
36.69646556812783,0.0,27.995871571987156,-5.119062109034562,36.601598542373914
36.64178032526624,0.0,32.51777956863026,21.064874300915186,31.590609677636866
46.89198315155281,0.0,45.78275812035733,-7.993424371823885,48.95764673547433
68.31364206989596,0.0,57.58628332991344,31.235465622747405,41.42654813571954
47.70612064330514,0.0,55.002199424069545,12.91724177237174,31.80204893685199
34.41858295834441,0.0,28.425692455794653,24.134767053720537,42.24830328441766
47.85409169558351,0.0,35.497846629071944,30.522508890017562,57.25687385235598
47.56580089588234,0.0,45.94424128865706,21.874297484632955,56.72911595964426
21.663250375173657,0.0,38.8701910454094,3.8147041062598293,44.73582313573323
49.89974475599151,0.0,49.38999831883623,22.29157247293082,49.10720763955415
48.01232312858202,0.0,40.14905238635832,14.96096733767933,43.98250559499661
57.91896436847355,0.0,37.56200099143591,18.67274245114802,33.07421205100908
70.23627026783917,0.0,63.50834378532362,46.632848461938416,54.538716641950536
62.517412046590756,0.0,60.72990371354799,44.08604120703974,30.201379780366988
47.60677716234385,0.0,39.48885756542712,11.871418691880613,33.12896485305861
38.65649629962772,0.0,17.17162912878794,12.29734658426732,-2.1816463954573635
77.97663388414675,0.0,64.43698905667908,31.70921548582702,81.49989125535255
51.11265160797833,0.0,62.42664696498284,-6.917070017281176,51.62774554485749
50.6287302479441,0.0,61.73373862575242,10.787529343398184,20.90746890214094
50.22211342992721,0.0,36.7784325940727,37.84746010624188,35.958313086372534
52.596459394727255,0.0,55.6125506505062,6.044324419424926,70.41535440341583
48.93738072782249,0.0,32.42673650926939,44.39631991990886,34.45560231391588
44.35022800078862,0.0,55.24918735662737,28.595060882929538,26.953796823834736
44.63662282691359,0.0,43.26592670868861,17.89303847195228,13.719197451113057
50.12991998334092,0.0,56.118297927944155,23.15752795373077,22.20060219214039
44.673317455945465,0.0,22.558907147656154,-0.6695208027049624,36.44800680474471
42.86302822280795,0.0,46.098279825158656,7.523009335140176,30.08700089206356
51.617116792035084,0.0,47.45013306681946,36.383358287468965,38.249841229391954
47.75542336509106,0.0,52.750731136040855,5.289592760655472,35.90829702850878
66.55028709733958,0.0,71.88810279951537,39.23186487280091,59.743390929919926
22.153878724312754,0.0,19.27127793494632,-19.525760840433186,-3.834569085334719
62.14281009544942,0.0,51.51823815913502,4.972440855717483,55.88740739226759
63.794503135588116,0.0,67.74943919545368,49.55786661924199,40.36688456695565
28.32540419308667,0.0,24.003970338115263,3.1040019534384937,8.218644012504443
46.81822467258743,0.0,33.57972470241233,5.84589938150729,47.36420197360476
46.5109915962894,0.0,32.7765658866836,32.46866493984639,38.963690545395444
35.44041747495087,0.0,16.002540197689676,24.7368177808647,29.249496690951005
42.168804238657295,0.0,32.84602633719508,23.853932699187354,57.79764946762541
38.61322211078985,0.0,46.41930443931284,0.8940731163476077,31.593484210092907
69.20316940063167,0.0,66.69641234086133,21.69362041997463,62.22550235831476
60.47775935252823,0.0,50.63378093203952,25.332740124124033,47.0966177462021
64.06665291109998,0.0,68.28313122125638,32.69902316221063,52.96107169827177
58.19106923144238,0.0,45.18335380061561,12.519264917555333,34.37574425989666
38.415804038761394,0.0,35.566169438478425,11.222343485375124,29.94883780213501
44.87531496076032,0.0,39.00481935914321,16.134434262581646,39.330529926518764
55.70893514193142,0.0,59.797045491447285,36.45319254529343,54.63829695379809
37.42127244359099,0.0,16.89048361526672,18.901460599926395,23.283379071619507
58.09839013653242,0.0,44.904754980008164,-1.5996185990931764,58.395182031649334
47.91198027863767,0.0,26.554988450164338,11.024963205128557,33.826254997738054
46.474876407578456,0.0,39.73069297228891,0.15746110736492192,31.23732500391184
58.07660886087578,0.0,66.6982881518208,27.627019695657246,41.84757491055981
55.22691458877128,0.0,45.73065272804033,31.064324655305292,25.546270020380774
46.62291535815047,0.0,37.219322706613035,14.758002486881983,53.928427213639296
62.86750862980579,0.0,67.81218919616522,18.476403004422053,48.70713353364007
38.92856784535235,0.0,46.36794655570761,10.072901629527056,21.010257193101673
57.061259132372456,0.0,51.94457180061933,22.007723451303875,42.95890998176279
56.81727064640977,0.0,59.887252002546674,9.909553212280168,46.91409598561579
47.17234294340128,0.0,31.767342500883913,-3.54477911051983,54.921939708160046
53.96467451135968,0.0,64.41942660331443,-11.527981807576005,45.476231465996285
37.111555116740945,0.0,56.01180693151642,25.956261802272525,66.9610699566816
60.35326265283493,0.0,61.632333339697674,27.867573085233545,54.426522814182796
48.50418624550259,0.0,22.416775522874637,19.469214300822266,58.33616063467734
44.894518804606605,0.0,35.017565137112506,30.205743059158245,44.86405506785231
61.68871650790814,0.0,63.91416270310851,3.915289433022526,59.8540392427192
42.953874368217214,0.0,34.55730201630393,-13.147453704210019,51.77195768241174
35.43027083717915,0.0,45.08475509065351,12.59002228279131,43.49877726161803
33.8470745719892,0.0,36.290673018297824,10.438131555130525,33.53453921298019
56.955201995194884,0.0,45.3020285818524,-5.391549863419936,75.00603948652189
36.79831159770327,0.0,33.30898095095897,12.993665250921051,20.753438036055186
69.23013593035631,0.0,55.38318944003943,20.111781290041307,46.133278470954224
28.234161806546314,0.0,22.618810035108723,-8.152540800319661,8.722821488688396
68.60678753304983,0.0,58.360212832831884,20.71050761304092,80.84728479405007
52.73464732667797,0.0,61.0602902716318,-17.7193147473147,65.71938228338203
49.446499363635375,0.0,67.78850581878092,6.545282690768861,40.568419791419885
44.65735046606002,0.0,25.547335485508526,2.321986943276549,1.2645457777567515
54.74472363530521,0.0,30.254738938718265,25.64105702746503,37.254205646104865
50.077761138995285,0.0,43.42419905125381,12.995931558285516,27.582486656934314
62.26884178295555,0.0,41.93272972818054,30.928450701454118,42.96996250083815
51.70043341905731,0.0,48.10220307296953,-19.809756907591744,29.731147749614063
52.08589079179769,0.0,55.91685539161872,4.5050225192913285,25.4645808301844
46.59464195064801,0.0,58.40545655951998,21.146287870085896,65.60060255548056
49.87142101278516,0.0,47.94672663963972,10.759840906763683,32.9079045250867
53.768802285906546,0.0,47.602130849041046,29.16814275959502,61.96162294857558
32.20648470224269,0.0,7.520637090676118,-20.0260266880902,12.876551966830837
36.07432770588093,0.0,32.533125861999004,17.832084754872184,12.068933394426967
58.42178335029547,0.0,54.97320979667058,10.804909266117509,56.48644864242007
52.30561679935231,0.0,54.96906168651503,6.0758281884929435,40.55543477091725
48.51400376397767,0.0,36.984813509228566,28.3317192802001,34.4946562961473
50.67686302264031,0.0,42.00378646609201,31.928017978576793,42.06856709701272
54.19385694724875,0.0,34.42435338593232,32.068439892565436,30.525466740312737
44.712479507909656,0.0,16.500381973195612,41.00478435800848,7.722687630637001
42.16358948053868,0.0,26.51102821211879,28.72746848283075,28.393567276093517
52.572529936596105,0.0,31.854015517262933,5.387738367490096,50.67253084182305
40.025831964419126,0.0,39.702442475704515,11.697143888287345,20.13419048088666
54.84213633252844,0.0,45.21825183311969,12.768319032480314,46.352078057748706
32.28752931816764,0.0,22.839107284336677,34.04156852271427,39.13334787607347
61.47657790010716,0.0,46.80461203427193,37.059755275959546,48.88233783956226
55.52966950737176,0.0,17.171391308954057,15.56032941320044,37.538196066737655
53.215610235400455,0.0,65.06239970178711,29.3213783517288,49.88119693903599
60.98009602357221,0.0,46.14888023272525,3.8537459089169666,40.90601443643669
68.27574097267455,0.0,59.539259029990056,28.753658786605477,46.6789579110406
61.318591814967945,0.0,41.67100398431769,8.186613168230426,35.978623809467905
30.809872969695068,0.0,37.366611217141724,-19.158806409236117,28.202859949408356
36.80741946898088,0.0,34.49420729068802,18.98783563017922,36.80028183119377
43.80361227403911,0.0,31.10818243029773,24.581001270505222,41.7337453365236
50.75868048199194,0.0,42.53732416838504,22.042760808726236,35.75918761137543
56.01115888362095,0.0,69.60729332561154,15.908275782090744,66.36099232976174
42.72521080873858,0.0,38.02034519977809,-6.660305036644662,36.78691694254581
52.47552488584177,0.0,46.45196948598684,0.17814605587229337,43.87055040468061
42.40851231970001,0.0,28.52005751927588,-2.648030426047658,-11.85237860393563
43.94573307133103,0.0,19.94460773040505,8.562720103680427,18.20957307024505
35.44950624234186,0.0,29.94854403241254,22.351265720170193,5.934886454045554
40.615006230897876,0.0,40.16267697946761,24.967876797484042,39.80680329530209
36.03693839875579,0.0,43.85447784798396,-15.722057985261046,30.7701756651693
40.05253976469944,0.0,12.373488970002366,-0.05289369721788084,9.750783324109683
61.73821623000282,0.0,45.57311733558083,11.485852287968928,53.62972961850046
40.3354223654463,0.0,30.29873745303714,-25.80280518070023,11.00929684454313
78.60729571111833,0.0,74.02016097952063,38.88274111436576,58.36516198361099
55.751070324878015,0.0,50.059477119402075,14.874843518052721,37.729073084637164
52.45489569593644,0.0,47.06705563003745,14.93773635293934,49.90005320216396
41.30821043501287,0.0,41.71809241675626,29.371552651132667,50.45074649250806
57.962811045002724,0.0,44.209684513555914,20.803608653334454,39.205361884221354
44.32911607094597,0.0,50.2533174652843,5.996562468865778,54.39345667258336
51.78358704422905,0.0,52.281486689957894,24.224674894957126,44.81372185175259
77.83478566211488,0.0,69.91349661433438,45.40185123405969,72.50439814753545
49.45347903459602,0.0,62.34482867989885,19.060273764944924,44.685052193200654
62.76005364525111,0.0,74.95159872514094,31.90751717032726,57.04974847495952
42.96634677643345,0.0,48.90081707130581,9.266014329006111,41.91416442380071
50.10603631524417,0.0,14.105620202561308,14.087684211798235,40.61310692184243
69.40116731803022,0.0,81.71680345428584,27.438227895543633,55.61691257609611
43.78065543803107,0.0,48.239425891664126,1.1521210779591602,34.49256140136132
69.84618169226036,0.0,86.67733361181465,18.085229480218796,89.33883632154235
58.04233054385724,0.0,66.94010936890335,39.01948870511805,55.67700568752584
44.469850743751614,0.0,57.20819911337367,40.43902440213644,43.679298311816694
57.237266365101014,0.0,62.35218142642212,41.597132507190324,66.02790390517784
60.87178561525002,0.0,70.89782491662477,2.511049789352924,50.57901242296086
57.12402751042272,0.0,74.04414548452327,-0.9099313202762076,54.48816633147502
33.70180409472205,0.0,32.21581730226568,-10.553444547301389,34.462727764536474
42.710322517027194,0.0,22.141389318196964,13.070335273835346,43.59389741690118
47.83511944487218,0.0,40.561053841698836,-25.58643717195001,8.119716956689327
49.68456115697171,0.0,49.75822208298917,6.712371725132874,32.65156543459562
57.111869253688205,0.0,53.72393687163907,38.919870772433086,36.28669258051278
52.37865582583529,0.0,35.08936204125539,30.334384189408656,37.926236879546096
36.21153641804328,0.0,15.131871849478106,0.4309522818723597,9.50192438273614
54.54236541587622,0.0,42.56367895207253,11.572658048017752,51.68570346729366
57.004095048210495,0.0,61.372638068068326,27.025660785026155,53.13430180985551
56.461339583265065,0.0,69.01443754078656,31.91347664456089,63.979121624659285
62.028199806559726,0.0,67.46183049835857,14.280697088258648,68.57813080915912
59.39047849248949,0.0,66.36000286660169,17.04121503543424,62.80079518820747
55.386302517052876,0.0,50.38050664831494,10.167158597362775,42.220037670224336
49.73016236797804,0.0,27.24313663265048,-3.726290603149856,36.364331262940595
32.732273874794785,0.0,24.154631109379636,2.596220552525247,15.32846137713105
55.070429553271595,0.0,48.187117232958066,13.799461883130833,28.469854490790382
52.69906812136381,0.0,43.33514055006242,-1.0982590775395629,54.12044999989072
53.38175476065677,0.0,49.84435263867476,26.14583850228442,43.66121184072168
36.837641255373214,0.0,37.67707743712062,14.759821162388906,9.571756690821548
38.928640367525524,0.0,44.08735636428095,18.902063053586005,38.57620059776644
61.73299179686924,0.0,54.530203455021834,10.807859439508682,49.74405288407702
50.05724082384611,0.0,25.853812805098904,-12.737475388398384,9.182201228589985
57.76183207896795,0.0,48.46075983008726,26.034199635442988,30.506163739381343
50.78247979763914,0.0,47.17358178256024,6.254517052540573,33.16151356768739
50.797842517506425,0.0,59.665215914771025,3.070420723836367,48.329371218801626
60.50559858420564,0.0,50.258622058681354,3.242725082306606,60.13983913270534
44.96587737187826,0.0,46.418012625831224,8.536473390775182,46.62212836976075
51.506958745380054,0.0,50.49261776161293,38.23826901305462,50.99294505043485
45.54041199739062,0.0,42.023745810436886,5.609362212104444,35.894646739749135
45.8372354850476,0.0,51.69730192024196,-2.4620118786162184,60.978331830845434
47.17634256504478,0.0,36.174346764618925,22.817885311186707,44.54348097699431
52.85342672741797,0.0,42.66007361049267,19.1863394677276,44.90149782085742
45.364391933427626,0.0,41.26029713881607,-17.22921064826263,43.029479653127474
63.89783852393335,0.0,52.82703263774978,32.15456474223767,48.70432562197231
40.92087878792558,0.0,42.39468347882776,40.18675795632289,32.17581566716915
48.4831417564828,0.0,36.90470547540587,-22.296569817275255,11.04451223685987
45.7813005226484,0.0,44.19057985207086,-4.548766721784453,32.33726690130115
65.94107205151008,0.0,60.54879391136402,-16.196494111568974,79.55919984869944
52.580111280636906,0.0,50.75197991938076,15.539754875022076,46.22217618972994
61.50530922778649,0.0,52.38462428495155,35.4622812819992,53.04718573287547
34.60645549624094,0.0,27.225402111308064,8.20948088042812,35.91438164039157
53.333366288421374,0.0,50.2339623537557,36.63041395622925,49.257810045472176
59.98573378114131,0.0,57.89415931864336,32.37478777830238,42.400186208329
51.35911056820307,0.0,47.23330761140589,39.91593337210708,42.6626061490557
61.864713238384795,0.0,75.64773260018512,38.05291338313312,44.86631981337323
44.95258801471235,0.0,30.498096797625777,6.730785811149736,34.67354676130812
65.53898504178673,0.0,60.53423023493763,24.66325399608129,46.82207459176598
75.0439691631782,0.0,53.903751773268176,16.70570903431865,74.15319460302558
46.60290853732618,0.0,46.54057910402411,10.065589792959535,32.138141764798554
45.71963156280482,0.0,29.934449370666854,13.701786878126134,22.505603602722704
66.00952746796672,0.0,58.73112212742763,22.785088722608318,55.68565828723687
67.35786186736524,0.0,59.064198725658244,43.63716817576825,62.790666044143066
44.89305486791686,0.0,43.89522913403174,7.723586933378377,21.323415441653882
45.99013370722591,0.0,36.151879723057654,-0.15549330599608524,28.383816137666482
47.46898231713832,0.0,37.15540914578861,1.537646216698148,37.64197121204609
36.11423579778614,0.0,47.48868292570768,16.78290352093245,47.44967582670046
40.66395811303133,0.0,39.77781207783632,-9.7205984168992,0.3367781523752811
39.750497087892136,0.0,29.932230023480656,6.714863186518127,35.89615835131343
42.275860083726414,0.0,35.6966704514215,29.644486853175888,27.1139869337662
50.10928036057538,0.0,63.459655493954585,19.366172437704595,40.1486513005247
52.982513629031146,0.0,46.38485267770819,15.77076114310089,34.85440162397763
67.04722684172667,0.0,55.40235080456498,24.04584392247407,52.34012507258725
39.812329133997395,0.0,28.681479619720537,-4.92437283081126,35.6353798559376
60.997527935549805,0.0,50.93976041950535,9.148593200850987,44.18726418137223
48.193390356336124,0.0,37.875899111901916,11.439594689608402,57.8063204417094
49.95136640065838,0.0,32.35375219938858,18.978874440996556,44.56753100344937
57.69044238687097,0.0,41.60449210871411,32.77049573340349,47.99305331653675
38.483438374930145,0.0,25.84830364887719,10.157878819441288,23.93549114573601
54.56599985170707,0.0,56.68913245609336,36.75515942269754,62.54443563295099
52.25846076760927,0.0,44.12760659908338,39.044030373732454,58.79336252135753
55.741810178303105,0.0,49.392973400745944,29.545178815671996,31.888647670148103
53.56970451620614,0.0,62.88966310768062,34.40679595880787,40.044556261495075
76.7151484552534,0.0,85.90043653561844,15.904473137988946,81.46099443736105
43.66554508301263,0.0,36.731331588982975,-4.492534313190852,44.97347140209236
44.80611055834831,0.0,34.16211496056379,19.627515036610493,29.630058791748226
43.82154250666324,0.0,30.723021704725465,-7.1125498432376375,22.31439014995721
44.54453628726031,0.0,47.91103660172452,8.092839434666782,38.32352609010094
43.66931541304541,0.0,37.55422696537977,22.571012044338183,51.96610883659682
63.18471582335994,0.0,54.81017966575976,42.34584413463158,54.25063014079622
65.65819722721918,0.0,52.721025246673655,20.206168049874154,39.22744091458295
44.381382838311126,0.0,32.27596421880293,2.9362032726876457,33.84955237934641
41.58604796579174,0.0,41.059581785025365,15.074538833840734,42.76688906785129
55.5170404483141,0.0,37.44492309082375,3.0870235620227913,41.328615078035305
44.579306571442444,0.0,51.141783052507954,9.761985036841605,54.05206774301772
57.24286622558624,0.0,47.411422915066225,19.050781639300645,57.74479212007722
52.6481569383577,0.0,46.961268791407974,16.243974872400226,42.50339863963234
34.28393763031223,0.0,16.349337181400752,7.792709072875437,20.446658841622575
67.01522169741651,0.0,62.533578310538054,12.77460039660003,36.0284451113355
69.66911927097446,0.0,61.79854511995861,15.748312740546606,75.9380905776099
43.932153445503445,0.0,39.44871199252892,1.3199986390853997,30.19622300906272
46.337243612523324,0.0,57.91511507226629,-9.65989204532341,36.755778626403604
53.534408754382504,0.0,51.295928666054024,21.942342427632163,38.403961449400086
54.053615233590484,0.0,41.51727098836359,30.01793844529446,48.40476136355407
57.51653919535933,0.0,45.80244397370243,30.53524548706086,32.571363547904085
71.95923437394457,0.0,73.82068803062602,23.552450580002645,53.94606610859255
48.58918565549116,0.0,58.29754727583338,2.979149562568761,42.936700956198244
41.949966377915544,0.0,41.01365940981218,21.247332381721076,25.441682396788288
35.74165826240472,0.0,39.2166700973392,16.350175016795728,32.13712476056079
42.66979518803004,0.0,45.18990007564206,14.21813665627887,27.7161508005815
50.12592691369953,0.0,61.08153845504086,39.83234894311886,65.5244590237633
69.65501690523719,0.0,44.629341497885434,25.6127133529317,64.27690957812783
44.949138324812125,0.0,48.03824736869782,8.787018748604044,46.19026174170223
52.87110189194319,0.0,59.17307102445496,11.126757885365304,39.592712146530765
50.30441251065683,0.0,32.07561517301018,-6.645121063061566,66.99511674747183
63.178056220633415,0.0,49.521668307734814,31.744799354327803,46.651812013418045
77.48055030737335,0.0,63.94714348015232,28.79945399690652,58.5681130574488
44.807480203352206,0.0,33.12725683832054,19.514940832881656,41.88824933808442
45.25015888930613,0.0,36.176703443661275,38.52755864206007,36.76678589845207
61.63691116515331,0.0,59.94576607206843,16.07209579595444,43.89066716020928
57.76600775353628,0.0,62.73447373519443,-13.495370730691196,79.38837735569817
70.21224182738575,0.0,77.24830237752059,33.07041195331772,78.10549878019802
56.71925497239104,0.0,43.68029760306936,21.227068721080105,45.45521862247915
46.64080310405827,0.0,33.70250388107974,3.0152589108113315,64.6189270405204
56.7911301995007,0.0,66.53957471790305,24.51338440379355,62.50396415508197
62.32655975232842,0.0,64.89993556357585,33.034849383412876,55.98707872396398
59.246870336509886,0.0,55.9066037629582,6.925598535036421,79.52538817565602
55.90019369543858,0.0,56.74927561218848,14.17933503106186,56.96027470103825
61.87747467041571,0.0,57.2997384708238,42.52053932489939,61.16869100248461
62.97399457797062,0.0,64.24360819125519,12.144431711710931,51.611317299684046
65.24847233436013,0.0,57.37201969290693,24.502792504054703,56.71508232136102
57.41145729749767,0.0,56.0702912992872,-17.726110505946682,44.562675897152936
48.69421158553197,0.0,28.67500121222602,-6.4163750790331555,52.67227403204285
52.04755166530617,0.0,40.67662224675798,18.527910977708725,20.8209548032442
63.37162515165963,0.0,51.91979491497595,39.83618535177327,70.05549057452397
41.75081196126155,0.0,33.873256032577245,-8.543986136958452,19.995355726871097
54.419223933304096,0.0,40.481382905529145,18.66240439766673,41.94808846620877
46.27700871476406,0.0,36.63748123229145,7.842319783689933,31.57266216843074
50.787036446495144,0.0,30.690877896948006,29.046047420204182,30.425473931897088
64.14034592024791,0.0,65.64506528869407,5.793434913702104,66.36340282103467
52.52181620701152,0.0,47.54735360385333,22.62938344264163,43.29004673064917
50.97607521678722,0.0,28.85779496472633,6.507778454123915,28.173691327555964
35.94962430263429,0.0,23.29979965449283,10.603965257605896,25.213824330827403
58.45372631258345,0.0,57.81200580828805,20.800342677751456,42.32781336972902
57.376990134305174,0.0,47.44612948245074,15.689246077961618,40.33799434020212
73.59459883480359,0.0,61.755932695411246,34.8833989761938,45.14276239996556
47.19123647548166,0.0,42.39233096528187,14.254393006694801,32.08140584690416
52.82154817559639,0.0,52.35079048942056,14.862149504314228,51.208400690016255
53.14459617557333,0.0,33.83386552901575,11.888656048088727,40.14286399433533
67.33522146277781,0.0,68.80006495877544,25.80364860301689,83.81697216329606
49.461646415660454,0.0,36.94471659810907,18.01600530538078,70.40848960896207
53.461281018174155,0.0,49.15405688919775,3.14655594514997,38.76804626574789
56.97536015784197,0.0,52.422563925765836,14.091871094397678,37.84792628794631
52.4738404643937,0.0,42.79620214384027,1.6732028562220034,55.98157453301244
45.70968269112298,0.0,30.89379077260618,12.263521130016853,37.26671657963272
52.55377469347771,0.0,45.428901238085245,8.239506376364275,56.91589368794926
61.95181191576359,0.0,74.88647887947893,32.61310437820655,63.850851625079144
39.51142180909366,0.0,21.22552214112613,18.898347723704248,22.971136176734976
51.900694807141974,0.0,65.71712176819143,3.2244696411563663,46.025906609302154
42.99899643524071,0.0,36.31331864880993,11.302732177329549,38.04547513819706
63.249148334144536,0.0,59.33745129132628,31.462251636695942,52.52388837692215
34.20441029133378,0.0,18.919362414554428,4.031458470065427,35.847460266584996
44.507728844345024,0.0,32.38317360482319,1.9026427031093593,16.355192489962985
54.510459809552906,0.0,45.053379677530465,2.2680485804028514,59.280919212276835
67.20775560954297,0.0,51.78870159234834,36.678144405772834,32.5270130010375
49.777342125788444,0.0,43.512574487694046,27.781265372506745,41.837581209454335
44.547502404920294,0.0,36.27658515669669,9.255963135188582,29.688744438788536
70.58034256969971,0.0,85.75209786126365,37.289783159400045,49.858574124224994
35.00764525722985,0.0,18.87005339969539,-34.84141622387201,-4.486445346840867
26.985318136825303,0.0,24.410081015391274,21.241745350827344,3.04829907587672
55.18151485921794,0.0,53.656955364709134,15.819009064136514,47.8168108836696
45.11536802998391,0.0,29.81596678013056,14.4962458402193,24.783462167485226
39.56786593434847,0.0,42.95707723908829,4.9329127771486725,19.028928907034384
58.048789844697836,0.0,49.637446067642244,39.27426233314539,65.10925604708706
53.084941294053976,0.0,22.600855590318535,1.9309091623016137,20.85126973764637
44.45262783001674,0.0,47.47230418497138,32.91172360364506,45.615697352537694
36.79964674830047,0.0,21.15005556242493,13.512265156440574,12.196357497321806
59.80223267496809,0.0,44.48862414975591,29.344480000878587,34.0012433063865
57.42739196152736,0.0,60.52059810567328,14.625893509555084,43.51187955526004
49.42018448554487,0.0,41.698749862212786,-3.570707646948481,46.940807576756114
70.21149034398672,0.0,75.51702619083522,39.40335538639876,48.28415763094011
39.04587543954121,0.0,47.981740417096425,13.550913357982688,36.731431299976386
34.17942556257649,0.0,23.569495924442656,25.67563075962125,10.022303818566877
43.08675086320353,0.0,47.541633837530135,8.652847370088704,26.365868533822102
49.99280014232302,0.0,37.94112044190152,9.271299986316919,43.5052251502931
53.08001261338353,0.0,72.59860967284601,36.43611107768041,78.50015375966548
47.902249741488376,0.0,36.54792941996156,40.97176085378077,25.106424183708572
54.24165901649744,0.0,60.96817810112101,17.64580325510035,57.72519462468459
37.1070048682825,0.0,42.19945718421008,-2.5105198059554823,26.00067715124012
65.90673766381045,0.0,64.91968200392144,35.3467960918061,52.963636119249756
49.60209583392216,0.0,38.45569035879176,11.384666169317649,51.73340622555958
62.41836925896202,0.0,56.54468874379774,30.452514761421813,43.1465963180881
54.14196601411809,0.0,27.224692281545817,13.805669880624167,24.03745582127511
55.36037114866207,0.0,53.58485028928103,40.1684546409504,53.1059924453145
56.56794355127992,0.0,56.096384467165834,8.935624888146927,68.95582932555637
55.26372759245266,0.0,52.52780003485783,24.84725888321107,56.32923544114355
57.347483928704754,0.0,21.70125304214346,12.334395440874758,21.668095144803633
64.68209025111635,0.0,46.97920990794583,19.285136795206792,44.83528118690313
52.5797521867681,0.0,40.56153230833555,10.794177231626827,53.511010862694306
58.05570645342475,0.0,56.94528039142076,30.018449103657236,70.18413806158159
49.52105412995888,0.0,48.53296662709708,27.86094624278121,44.20500208168267
65.86776476254774,0.0,59.73550842285,31.763121751447503,50.060114925144546
43.25253919828726,0.0,46.03252371956909,9.952925558916501,56.327558315789226
69.72321562832764,0.0,54.46670490221713,27.997941611031717,57.72172654555962
50.05079984864131,0.0,52.44913407080179,27.861215038331686,35.381062036718795
35.19184443457604,0.0,36.41220401418428,20.1400573975178,17.008496757037772
51.84870877346601,0.0,51.75401003193104,-21.71147285122633,29.195853062650734
43.202753278197406,0.0,37.33554185736814,7.611169550854137,68.47864900667349
59.46229761265193,0.0,74.61337935424532,17.223113552500383,74.61573937412379
43.506507335914,0.0,44.779030604943905,21.045041128944447,27.405037799081548
45.71235591668285,0.0,31.481823684978867,11.88556708193431,54.87965444400202
30.289864031825278,0.0,29.198567433447742,14.484931662300196,27.39096221973955
45.646931949710634,0.0,49.626250969472096,-2.4095875345092157,44.62574551819495
24.58037500325967,0.0,14.73688750505961,4.877178395066247,3.010979265900666
33.55565148093065,0.0,41.30677774990925,18.830673725510806,20.49050253852311
58.60503971069681,0.0,58.44145337915066,-0.8643357332223758,50.793702696312664
58.876287659500335,0.0,29.878804349882436,55.48260758610071,18.34650372171546
55.02597229776026,0.0,54.05247968308075,34.72668271025447,41.170419711475056
40.14760673435902,0.0,31.96285607968946,9.787225353793723,29.19343507022445
49.970090563994,0.0,51.59678559281105,3.4928441045710077,58.96837333657045
50.44139997164765,0.0,56.366995316253586,12.958268387170683,36.733395276271644
38.10259105933729,0.0,36.31449819782473,9.825151167029007,39.02300481789542
66.54393277841862,0.0,79.82199688188922,30.484938244591437,38.17252367789551
59.85464294186266,0.0,53.736113700865246,41.745704730326075,65.42429545585685
48.11885790038539,0.0,50.70474932667089,7.440051520697036,29.693477500526452
50.76717292082605,0.0,55.213461977787155,23.53405771982345,45.955990965766965
52.70649559249233,0.0,47.571906014000696,-1.5420807534549148,48.57603549215251
28.663646563787832,0.0,33.21345625368611,-2.3716151828502436,23.32552137632855
47.838765785323105,0.0,37.52552334436681,19.303690440963685,35.392388570811406
43.19278840685598,0.0,34.78061885181157,21.182780939843887,16.831234537253458
39.77743175766119,0.0,22.00741558610563,-1.049576770962359,14.734732942366252
47.47629433723259,0.0,46.01623305878838,7.584436554475797,51.45618582709325
69.68844714799135,0.0,68.73327209365209,46.58511729835693,55.49043143719449
57.327396926715245,0.0,65.62162600851683,35.583181407775896,51.227912227575665
44.37675941549476,0.0,48.78698138315982,15.029955358552169,18.854349792582077
56.59802760829356,0.0,49.412977490672255,-12.708899561784989,57.76525435823024
65.43221896614473,0.0,48.641845749264576,59.05028994919932,37.12526750412313
60.359744946647616,0.0,60.703672051822984,20.595648076292065,64.78834507927226
51.11705320567871,0.0,58.79323345784801,11.392252901160472,32.41770667209465
43.567275948517654,0.0,47.61097415882254,4.286653563721991,49.16457038222214
57.94051577265582,0.0,65.22122524084413,24.850568074548264,52.99380394266604
54.684344738681055,0.0,48.303680412197274,23.204967438280082,38.26916800338609
60.045169130496774,0.0,50.876839747100114,34.09954395612097,70.11395979830955
57.26680079395842,0.0,45.28631556866287,6.126926435419472,45.452424135226906
61.694523775551225,0.0,56.843838427352274,17.206527705832944,48.694417906648916
44.76082414348345,0.0,39.96144204259343,40.9172651838254,46.44836092219773
64.55644927255508,0.0,62.43491697922607,26.34783011711283,38.621248312134355
52.59127542839518,0.0,47.12057649727352,14.175901087488825,11.73441478385762
72.65437117934621,0.0,66.79255086142118,14.364556247955667,79.08968335275536
43.115817166639175,0.0,30.957817370944973,18.52889863041098,20.672305968854207
69.02893047347936,0.0,74.60715293104342,40.16974967294684,75.01214108585594
52.5946004208045,0.0,49.301666406071604,28.93326381185886,44.51820953825961
43.519393369254374,0.0,37.727114120654,7.974319715771495,18.942003630287097
45.30950003899986,0.0,33.4234086940689,17.6957134982965,41.12177538601047
47.05693401941677,0.0,28.956094050862426,37.121881401899564,28.40996692126469
55.0121711912742,0.0,64.7080877951376,33.02804856009776,37.01608613006139
56.06647022555976,0.0,57.7729820197204,7.4668352822935535,36.04995570442086
44.34982199645078,0.0,23.20574634418819,-23.79976561077228,8.080882161695147
50.219661132541056,0.0,54.23306669060157,19.48565586470108,48.64336846535789
73.37037771179774,0.0,78.67137489284781,39.280154607712845,57.107029630634415
68.93895473060033,0.0,65.87112875327723,10.24258335229117,61.07148597016337
55.14207831045899,0.0,67.90592562607071,17.885087476337258,49.263544029395156
50.88596658349313,0.0,49.1059723904796,11.9538809257274,30.81867855552928
51.76244660031543,0.0,32.68214774521525,17.62110542154069,19.260764195419156
57.035426343705204,0.0,56.720401573044406,11.37383986086053,81.22345141385927
39.55119978941386,0.0,38.264445311585504,27.625804997950134,29.982388876285366
47.729786266552985,0.0,37.32716667221312,16.02036040413792,59.3412493903798
32.65081946253754,0.0,34.96053414278779,-6.7387917195375415,38.832295792989115
54.74565333170203,0.0,32.959747406967836,30.71963058433233,36.6347292414536
57.395280534449086,0.0,63.69166460684198,1.4327924408871588,54.24367326006441
45.31697293239371,0.0,32.04784019217743,30.70982432111855,35.02694361632448
67.29818120790507,0.0,52.520380448710554,38.65546424224875,79.22167434646546
37.38240142005158,0.0,32.337181713881144,27.832655721078957,37.48653261185272
34.832825703893015,0.0,35.61738671926721,4.617259425959031,16.088545536200243
52.87819541079606,0.0,50.505260842211065,9.77367780085504,48.91315444613427
61.66829800309828,0.0,49.551133820834714,22.779687736693468,61.021344788199954
68.47291671875047,0.0,58.74188709244527,24.145570117048248,44.317488289306084
45.57664562334093,0.0,29.605619229840357,3.55376237431029,38.758391809830705
62.00576214037549,0.0,55.3637503457517,13.979683420690861,69.79582005975254
50.06842480511741,0.0,57.38455759070965,10.0577263319515,33.74805232926335
48.635344737332915,0.0,44.555774129635545,-2.054362142647836,30.487198349223192
59.92193425533806,0.0,64.78705119065211,30.18952178236433,68.7410410673015
57.450062653044334,0.0,68.66411688475603,18.540435395064222,49.11124735261554
33.63590409291451,0.0,23.637517324911084,1.8438360489931087,9.360517514328189
66.25695148276066,0.0,59.944996299119545,8.470832947086333,68.66425139169931
65.22637932024078,0.0,83.88069393133395,7.199594569828967,71.31029369566033
43.79566119810075,0.0,55.127709266753385,39.05330625164849,40.13142045872129
54.70911450221474,0.0,32.8736893026666,8.931902164422802,54.62666308861949
55.758681202549816,0.0,55.69820271675411,26.95117630066794,63.231879354936424
53.26523241723242,0.0,49.15701145938533,19.269241069674393,43.37910610983016
44.59979952195778,0.0,49.37984590357367,-26.89195284989675,62.473376742867714
43.3034959834849,0.0,31.47785911124741,36.76118435056598,51.1768136369689
50.20684452017785,0.0,37.26107947761054,24.936469427170334,13.694367980907401
63.01068128617493,0.0,51.57501458979311,11.515702563388842,39.76695887748973
56.288343840637886,0.0,46.07034649680067,18.239190021872,17.64746664603228
46.51982323661486,0.0,51.14906444832155,-2.92363609424498,35.78588416698018
58.72561154643739,0.0,42.01869243529016,45.71287401707127,31.323285454278942
20.042783226208993,0.0,9.91227571806704,-14.07162163508745,-3.136204588406036
62.75462958528694,0.0,39.5468572911678,14.821601812651263,62.398230873295574
31.89078776537902,0.0,38.80125645219081,-5.050417675078229,2.967228376512555
46.60715715710573,0.0,56.05691489802673,14.450928943853276,43.011857100374904
38.51605081467629,0.0,31.1948447809951,28.181490033346844,29.196291963188994
36.64602549701336,0.0,29.665178214953382,33.058963012181536,24.725589308174587
62.88350413129953,0.0,63.39955501139073,16.64103229801517,57.741077442265244
45.48243529731875,0.0,57.1043621029098,18.03040918915363,12.982795035835657
54.18234023809582,0.0,54.37609494011132,18.635667546857274,36.592511367540595
49.97854013911817,0.0,38.53997011175315,1.3386309161429306,57.934750993334646
55.57714732134256,0.0,34.293756224123,52.38585888079889,26.74624981311517
51.3007472194119,0.0,35.42078251087838,35.10132423263751,59.54778919219009
36.77092692452611,0.0,33.715426166754995,10.577324454011874,9.51636275014863
61.12515588725473,0.0,49.94143309438054,43.588420949214296,31.622360772951506
45.204029586022365,0.0,43.29165923728334,29.627690355031458,24.569146001433527
33.84757971109086,0.0,24.21689980901955,7.459293112161918,36.04941590296803
45.90541814913885,0.0,30.721239093364794,17.525947647373,26.36380537761447
66.5157398863341,0.0,49.718866533098776,45.56813283155843,59.06448724806541
59.564642060537835,0.0,71.87402010329775,7.10667269423986,57.04717021545405
46.754492653535344,0.0,52.159160937344204,36.984286875800976,39.64525668910058
46.748022047091496,0.0,61.0573931217113,10.223461111862221,58.91879944046063
47.04317428968513,0.0,48.74956579143549,35.043090637254664,49.14418205234811
72.67026118549498,0.0,63.67221639609658,27.568585158982284,49.43686811013282
54.56093194880809,0.0,64.42732248227277,22.44698338761166,46.59252584189272
55.07495394636958,0.0,50.579754123199216,17.488594222845006,67.99468246275727
61.48862879285998,0.0,59.569772838740846,14.002384578996143,57.866995979302004
53.03139207065521,0.0,48.46812706884219,13.043418243306668,25.203639075844983
47.71198898792212,0.0,12.510962551879647,33.35940788177646,11.114533819467802
48.381865697708335,0.0,61.332153953509355,-18.31677697528596,55.46321152029945
49.714823320101566,0.0,50.85730505102407,-2.432884935298951,50.97080476747805
50.08216839992574,0.0,49.512803882075445,5.004984428689093,30.57699388770089
58.254725805482074,0.0,53.40102743946826,4.523965410751483,58.85983272181745
51.03494332612466,0.0,48.688481545746725,37.02981471956653,62.52308043093852
58.30826411756616,0.0,47.78725910344532,37.4717889914432,66.06588567033901
49.617424734415195,0.0,52.09034991538506,23.315364120617364,62.5264078450803
51.3201225972909,0.0,33.40848562254307,6.920731657006851,45.084012384324296
29.12881592888314,0.0,27.398945033290232,22.52543552817696,17.080460216161317
60.27099398774082,0.0,61.97852246715311,-1.5516298179005972,48.64933447736753
54.18217562443396,0.0,47.950044690583205,47.665462888341224,44.53410837283243
61.143783210012714,0.0,60.81835189038513,11.659852177610404,43.05700118968942
19.532965166962047,0.0,5.509642590780254,-5.253926193852417,0.8187177773028225
72.79449446712462,0.0,58.1244081108327,21.66035076963746,78.03410157174197
48.98835727678506,0.0,47.452624249811535,-0.4949221731574287,20.52947533420126
62.32099531156791,0.0,65.23101682545729,49.08241657076538,37.000760701678956
39.36834091873875,0.0,15.654614022654858,20.456705917580855,33.96689212278994
57.027475867695415,0.0,58.37230223632505,36.17312402743128,45.72058499078284
39.223988406268575,0.0,29.60365458399675,-7.982973286297476,3.67781621994547
43.814827591056044,0.0,37.823165894034304,14.333330417692995,32.961353719111955
70.93160929040748,0.0,52.33939847930474,34.02884676871888,56.388112290934366
48.44242324356731,0.0,35.39995423759716,18.142297993306098,31.16392325060083
52.803196913655164,0.0,58.919988189530955,0.3719479685036653,55.574252214936145
59.77669946186885,0.0,55.898227188990454,35.71165059230136,34.81111101402864
55.776329885899536,0.0,47.56862336107346,20.07036493907901,46.02124038465852
52.08714248982367,0.0,46.76065868317876,2.872970035211141,40.1495466356407
54.37955737567414,0.0,55.422792333999595,-8.553666462230883,47.63800855955264
76.16075411045327,0.0,76.3136194315977,38.10950354612033,48.58901133996385
49.864228053726634,0.0,45.01472259303048,49.63926261030137,34.02424694064582
52.62866749775973,0.0,60.090545150317254,2.3209971425246128,47.48249652311578
61.706295400984075,0.0,67.71575262708188,24.018445544516737,63.26721579178435
62.29260610496379,0.0,62.39715821103787,37.58753338954351,78.3985600466255
63.16349270180098,0.0,59.45686040631927,4.525930109737093,65.18943488184046
57.30482305567706,0.0,60.07654817582481,12.434183817241797,56.57673066911286
38.266712603054685,0.0,37.73610005827332,-3.3866188140296654,45.3130347817556
67.93335759085039,0.0,74.7915414910192,38.91460678284878,59.64241190518422
38.23101906395847,0.0,43.894266798347815,27.393619457778982,50.67636342684513
53.71359954692516,0.0,38.81715577732901,19.464953905631074,55.5963839944335
42.42034166253721,0.0,27.001802553982838,-0.844196910366005,23.81370934071525
49.79456567675943,0.0,38.31993026415206,8.830359532492693,62.4820336947455
53.992769922040225,0.0,60.195043452733415,8.492535560961056,53.893068278765575
53.91364429063285,0.0,33.10873767167531,3.5624828916105553,67.42307293325575
54.98818097206495,0.0,55.02147823300486,16.486479569935526,51.29581904916661
67.72264358379056,0.0,67.19589791559993,33.02333533022417,53.95848854123741
55.32597652492202,0.0,63.47884006536493,25.018550680429588,40.75165577717562
47.87104292814375,0.0,45.75797540510996,13.896860293910665,34.80288877123379
60.78131142848201,0.0,42.32473385900007,21.912187462208536,40.98137666784485
63.189566431564245,0.0,48.75326908215972,21.28256919186851,67.77738783535163
37.36271774478143,0.0,21.015064705340777,-10.042238335282587,23.3225725898889
56.86320410409263,0.0,46.994918376337495,21.2114223329105,26.373120239484425
57.97203086612625,0.0,51.841517054603386,11.340009047646678,51.49725707663531
47.30038243355238,0.0,30.956859652398826,-5.2870487616222235,35.889259622013554
65.17952983566357,0.0,76.42203364654111,28.749268521558776,55.965750606270504
48.87652691703491,0.0,30.81454365494818,5.945185330395285,38.82932512715898
51.82169712164333,0.0,61.97609171399659,19.393530939796243,46.636858572834235
48.63059492723109,0.0,57.13693157169766,26.374923858097606,51.18335269427171
50.646358137760274,0.0,56.08260839208956,2.1477187965242077,51.677384910375345
38.76602788753657,0.0,27.56038203697585,10.30699584938213,31.298422865170686
35.092731311757774,0.0,34.91496659518257,-18.521791346768655,9.939273741608599
67.51742235819765,0.0,49.64157406056849,46.40621369722458,81.94834819711187
41.42998303989595,0.0,47.15822747507538,-8.6785539023081,15.301753461372599
39.88671586241024,0.0,35.21995902973054,2.3701142977037852,28.31705497582986
27.47059331537264,0.0,19.469199447373327,21.66099274608267,1.96279273465594
43.6524903551637,0.0,26.754818131483095,8.38958448857167,35.197266365478235
36.342478309028266,0.0,6.304031978910363,-9.196408530453578,20.17331339677639
68.02507495760378,0.0,52.66765500380122,35.13767286435005,54.69802923897588
61.26994257855386,0.0,68.79302326016492,31.107492215721038,75.44880779364986
43.12690272223156,0.0,34.92469149492277,2.482902489118322,46.157504951302556
74.54751223759675,0.0,68.27534062644186,21.27687195464717,62.45460500633444
60.97020694809262,0.0,63.66015346493111,15.076389120687654,64.75644632680944
47.00902099382384,0.0,62.10910421244904,10.621801375611524,63.064488345660386
23.773364076979316,0.0,34.18723639744542,-25.90602721396852,30.990734042608075
74.95896289247196,0.0,60.182758012665595,26.34351957260041,62.70223473513075
35.6321008495246,0.0,11.266262738202528,32.42477760261741,-0.4469974544615489
32.8985582011329,0.0,54.103026343431395,-6.841534195914198,34.33143613043496
61.40621398141159,0.0,81.16112696017007,13.229257062189662,68.69990254022798
76.54901856128103,0.0,74.02824887336534,13.094832521476768,60.20978348843795
65.27105890187148,0.0,47.506702988128914,32.20209019166014,53.40917664733899
56.505348220258355,0.0,62.52774934141257,35.713219199695025,49.91467943502625
56.83493409671452,0.0,51.51672875684967,35.571945696195215,65.1890092283673
59.59876847657017,0.0,54.18011545340556,2.871765094168971,73.9349462022866
58.58916086602305,0.0,63.84803762618542,26.94631354192472,67.61773155599586
53.48446670990705,0.0,52.90470942647606,37.301844492353645,44.64831112679837
51.593298266404,0.0,34.960311677178694,23.2405709119651,53.155946412789184
49.811076573124346,0.0,42.32014523462016,21.820669818929264,47.78940983097899
42.423667535215344,0.0,45.49205476833575,4.372830440701252,34.046934652246016
47.4808378349621,0.0,48.86544238609686,16.900126044887106,66.00251753391376
32.39039303149796,0.0,31.40802776024825,22.926640762053907,13.803509153409218
49.429119804699454,0.0,55.25794368518305,19.49417491936661,50.85448048384466
39.91664756178247,0.0,32.20475789731189,-7.9490275334691205,39.51291528110192
38.68787422597245,0.0,36.71519641104352,2.5395233472157352,25.86774418469571
52.402089968945155,0.0,12.584350901202768,33.54382303349766,39.653072346823215
65.35364943931692,0.0,56.27351099799917,28.19727881560834,67.64815834430969
60.292246020677794,0.0,64.14034315992687,22.517201061047533,57.39776762190568
33.69885623514789,0.0,25.79053073178051,-1.5829975286757163,28.216245051921604
39.90556674497397,0.0,31.087998453478807,26.384455465813225,30.00266761448266
60.53217663868896,0.0,45.27290096021173,44.39741846448496,58.76881527862207
39.98186666851781,0.0,46.71338103714969,27.477484347486307,30.619471693767558
48.07965433294175,0.0,49.85828029773768,34.45601355205925,36.75338050861381
56.35728384653353,0.0,60.923986158370745,13.622046953316005,50.606565327008525
40.132986115712995,0.0,17.979046326315363,2.711912255713325,39.665686067010704
51.60584693216839,0.0,45.82246910935797,13.86231238971781,20.31854053488756
36.225628677915275,0.0,29.440772034911642,8.156241099792398,14.012474267938323
44.05418906187603,0.0,37.129722174576656,32.080597236509995,62.10713168145774
53.89681217066982,0.0,43.25334450312874,33.75382926500084,46.54458556356127
33.45851372673077,0.0,26.022978220513295,13.679827318694912,17.12373338727531
55.18643310539482,0.0,60.02967659804682,-2.134458749028056,59.10188671714043
50.27006078551346,0.0,25.966764183774323,-8.455670985238179,25.291710196415956
56.383332701566076,0.0,71.0218383797805,22.079642321239454,27.180892568445106
52.87245017032194,0.0,53.8847939007186,29.165944876104206,49.97199733700313
65.05594127346595,0.0,60.29093594416546,22.33626185839762,47.71281202545924
51.81793647365277,0.0,57.32429946444269,43.16619846410727,47.04124585842301
45.89163024120566,0.0,26.541903854822635,-2.3283744109688165,36.01583667281636
51.78666103832577,0.0,40.664476973742346,-0.862824774849738,42.479902070848105
56.285115583175596,0.0,50.8378436576159,9.276332114719247,25.90785479947047
51.00197091915524,0.0,61.37635589725679,5.837064317394169,46.70468751283678
50.91362203277228,0.0,46.34794829841326,23.10127069262982,47.30683251573899
42.97900587457826,0.0,43.804114261605804,5.381644374680895,17.421104850301457
43.39669669028333,0.0,33.213807290697844,-10.257806923030216,13.047444076523139
35.49284334881971,0.0,36.83605741325891,19.773760939622008,13.696988210451533
69.17438680459269,0.0,82.53402220149755,0.920318370477883,76.05344241971326
37.18902611114994,0.0,43.885657416092705,-6.9530787297964185,5.534368815626856
43.07609640003198,0.0,38.27539190504115,-11.488992159383407,43.65427263119455
42.80360293365397,0.0,46.017166850174696,14.146540828602252,40.32618619332947
60.04229650133082,0.0,61.92246586768026,23.32376970534022,50.26646644180553
47.32831155128538,0.0,48.67676501385581,40.7205910704536,21.229337261916857
63.8122071518496,0.0,71.28259399618688,35.651275417907286,49.26735001408421
43.28354406633404,0.0,51.028141462555034,31.80680304845263,47.078347253832845
53.46098863452454,0.0,47.99795348243111,21.15202453916452,59.898753143313996
41.55408354610516,0.0,44.43349192956407,-3.2254418389780977,21.120194543007734
73.4011377973994,0.0,64.8867458890067,29.849165420315515,78.88446768003831
37.790224217195274,0.0,24.17498993646904,16.820753508283797,33.53058272013287
53.79037498062566,0.0,46.81556157753,27.18387234603351,44.02148142764829
57.25189585394202,0.0,52.262004124487696,12.511411837625445,39.20312275373375
54.90139983614215,0.0,33.17719373774748,24.764479752758863,33.571960448022004
48.500066879750094,0.0,53.57147968924548,1.2106693591653688,64.84655520378688
49.092739760280324,0.0,15.768149713770995,-0.017203384149398815,33.325446059070565
50.948025879245385,0.0,75.60040081583544,-0.019304076199233577,67.2428363932178
48.909154940731845,0.0,60.76200605897353,14.930423252332622,47.599472338047974
60.7790883666841,0.0,53.77377771949145,4.509326190512507,45.92754122061278
74.09966756547857,0.0,69.7266892000785,22.442473064519987,73.92424452323671
44.52300927677313,0.0,43.76519814398091,24.896410010497682,63.004536424259136
35.84334082187959,0.0,25.794879808732496,-7.099555064028612,15.925768880843474
49.536586557505565,0.0,47.52479855344945,7.821643435936391,52.463823188130604
78.04447962336832,0.0,71.98013830135731,31.60524877369391,72.72170682360363
41.892508860562415,0.0,36.97655549173398,14.206177109453613,13.902013979535631
67.9941055976319,0.0,65.54658138917955,18.036446642874914,42.30926139211937
68.40638158844416,0.0,50.132644483125176,36.38701287905793,50.6877548942955
44.564719229643856,0.0,41.0190193021818,20.516196689683824,39.607809705714814
56.55956424402082,0.0,54.118230444372294,34.85044002212965,59.407935473432524
67.87955882184369,0.0,64.87730185133739,23.859415238341786,40.78242062375082
46.42885616983212,0.0,40.1485712086012,5.993795613583672,44.584600362246654
48.30460658961064,0.0,56.315996572961595,4.63173849982657,41.29612375028318
44.264544761176104,0.0,36.56315774489003,16.357301570100606,33.73185084556187
39.63706390126238,0.0,38.16290118411129,4.172819527486433,37.9704681788199
43.54226449385055,0.0,53.3227183073466,3.6132795368578314,60.0071731417856
37.401906056044076,0.0,32.72086638998762,1.942042275677367,31.04970180157274
50.84408068240352,0.0,49.04093171071252,6.012489123267692,25.584489154621266
42.25261276265048,0.0,37.3081146155585,13.72957821489289,30.036601768431396
52.97793161425065,0.0,61.961869441122865,-3.086070909697753,58.70702529925805
33.85491242278475,0.0,27.34773815660748,10.579761102111998,33.95712962412712
54.01539917072796,0.0,63.46806609105545,26.923424145408752,57.6339295820538
59.38627716622361,0.0,54.07067505040963,12.155964720981599,44.23281359935932
29.176525580202306,0.0,16.382652441123476,30.823243998093616,-1.0752049606624556
54.47674489420994,0.0,57.530485812776384,17.89159998620853,55.237133990490484
63.597723242022056,0.0,56.08192604195362,0.654174995461176,39.28430680741863
37.55469569287348,0.0,40.27672504873448,4.379944232841709,38.31554722763843
68.35158356470059,0.0,35.09679311776338,26.15166879539786,60.387320044096896
54.95717538753773,0.0,50.86898840921042,24.23401913147245,40.392194617177616
42.94673492143414,0.0,34.14689704722022,7.678903481547673,30.543460160880144
49.88399258611831,0.0,34.577244320155216,0.8644685918150774,39.88196873402255
56.44570148519407,0.0,46.42273680741282,3.2953199726511233,38.351649564920876
51.29202279669782,0.0,41.14123810093524,6.682707657372973,23.224401383790855
56.23658323255083,0.0,51.56353933773593,10.750499017749153,46.932789558402774
40.642356512196216,0.0,22.277192400712444,-5.953593942831832,27.395412941109548
52.28953976932094,0.0,51.53881399548091,6.114677495502374,61.374217447224375
35.37413959175089,0.0,46.024415904578795,16.437570023403836,19.971504460054785
49.29142629482113,0.0,48.218296723296724,38.02234681304915,54.41577629965854
40.82150325093114,0.0,45.48177757334585,20.784222488195095,19.431149109192173
42.620644529791015,0.0,50.271733426089654,29.529045024723487,19.79710128863502
63.68773691369188,0.0,72.47803632906039,36.43247906023703,55.72009281298004
62.1407079913361,0.0,77.66254625009957,33.59549411656187,48.113776670947004
56.98862696193952,0.0,47.5281279665411,14.263682030482709,29.81890209726094
38.8083659021222,0.0,27.340446225269638,11.017790221766456,50.978956904661125
47.0990213205583,0.0,51.381185472816924,7.661353321885325,34.71633763498395
63.4420267692252,0.0,66.64719819101734,19.482922440137813,86.37099151308365
51.99416038930118,0.0,56.10964251318186,17.239473280770863,33.126643896114444
75.26228194930631,0.0,90.76085642156357,39.122105662210586,52.5700675089484
54.682554483938425,0.0,50.66432470587528,23.721721895146732,62.075317656648636
52.5319676191697,0.0,52.93978622203294,14.294017932935839,35.92555779790014
47.17693729275473,0.0,32.79366703688905,14.414027774665488,36.51749085097015
51.90679849321664,0.0,70.4107788639193,22.33909138183806,32.886114947632045
48.85073029617301,0.0,41.25143478658958,23.955981299650553,38.15464669714669
58.04614237810048,0.0,50.58834813993458,-1.8001601588967802,31.39500307691252
60.70240316895912,0.0,52.7911483298851,5.88265028601826,50.29919918261568
42.081476919088864,0.0,31.335892026040565,26.434819880909465,24.51608939187032
36.255467406369426,0.0,24.71558596919189,6.771326895687506,26.829398425599578
30.85976042878192,0.0,21.58968964698892,-1.312278362774629,26.677113283057192
55.90785811003145,0.0,37.29615850055767,14.716668056675786,45.858121817989954
38.69025392727145,0.0,26.51716855968889,5.251167858555597,31.999569673349065
27.475930769378,0.0,44.42845075585775,10.66620946848291,21.82611439860801
54.63191503982001,0.0,58.27852902145969,2.114787964034445,42.79074919775755
77.1179720283283,0.0,82.3906905994804,30.43580720712959,78.65372836795424
50.41502503723025,0.0,58.806483039796014,18.87921628595969,43.7567201824682
59.43929488984706,0.0,74.62665139247426,25.954716264767637,55.95043159955951
51.35425276984501,0.0,28.52881512568512,19.06772172508826,41.663340173604446
49.423242689138284,0.0,32.36129984317739,22.135908911544618,23.480522860392593
60.30036542164671,0.0,47.560594813124375,12.773649027303064,67.17361505601627
47.378266069049836,0.0,38.39502657597959,0.47048951515153803,33.52262503864935
53.33702112540304,0.0,46.041185682377126,51.64015234576931,45.07438919422052
53.91728355446621,0.0,45.06225390200031,13.090496774638652,43.11751325700694
43.341245709162834,0.0,41.718500003227966,8.924075081307107,42.6908555351084
61.08001678481852,0.0,57.20484765465176,30.824254808614604,57.082022557322325
48.61042208275114,0.0,36.92776388754429,36.9107528219342,36.513289396325206
42.40464186771384,0.0,15.457001091967314,3.335296705564689,43.954211759639435
56.21258279075708,0.0,41.54174127580865,4.522328971733108,4.3840093302786585
40.879626840500215,0.0,31.166916539312666,-7.333524364977556,44.969417096543765
50.78101359433908,0.0,44.09516906282445,38.06164887400615,52.45944175281531
50.38245578507108,0.0,34.36442893204908,0.7644722822723935,14.80522811120619
62.08285265155364,0.0,52.62351493022105,21.435208480781544,63.82992208923345
55.55211634508752,0.0,39.43114902283645,4.462743471065435,56.43445240466884
50.21247679456602,0.0,44.81952209460532,-5.11003030637557,47.76821168645547
59.21785072499304,0.0,43.64641637012807,16.128893621805343,27.851913301896168
65.3344723984629,0.0,52.029981575162324,10.395609534834367,63.06735444877699
56.44018146982791,0.0,38.42364455692323,8.976183876675575,56.170951218469796
50.590512963800805,0.0,44.898143823439305,43.7767872100816,33.92778948102803
36.46272431766066,0.0,23.46950672414745,13.73047245885502,29.243139170062328
39.09899243258547,0.0,44.82373018601417,22.317790380059193,27.81889242228406
47.21852133765158,0.0,47.502918752862726,25.27506278192227,50.32240263678151
43.96716322075742,0.0,39.27391095627792,10.446043191374695,30.369999816369127
48.48207688681529,0.0,36.01171656275905,8.152328302031279,29.519387989588456
51.08520669805805,0.0,51.03502839184776,19.28723503290306,42.81799006068857
56.13974115740579,0.0,59.28472410670836,20.93099968072979,32.93978359123981
49.72660350077963,0.0,47.1832066706817,7.017256445072489,39.36935830770176
55.67823758327184,0.0,68.49201753475076,20.13338347409741,56.640545567903345
51.168812560844984,0.0,51.954366325852625,5.871934104182282,54.510062219352434
29.37173343355401,0.0,35.33608117097542,1.429732504316675,24.995883124245683
40.44295233769795,0.0,37.96279976886026,5.205776541367084,13.299307804006808
48.940296237774696,0.0,52.05008006179764,-3.2799902139577135,58.848916273346354
37.55412164217433,0.0,25.279291745578135,-24.788891832453455,43.04897357111545
56.890223221706755,0.0,47.86317856361718,5.736756940819301,48.20837820072131
66.83619872082272,0.0,66.18525110212056,49.85871230342971,50.60028165858792
63.50254909037524,0.0,62.832111825124166,18.239839044453216,49.7762117966918
48.19922416389671,0.0,49.54352555045397,25.127903754992722,38.10133342995504
66.40852877214357,0.0,73.71190470680621,-5.736076370263085,65.41583390693074
52.06842800263019,0.0,32.896649269571554,2.111289386463767,34.76900653609561
46.87807886448715,0.0,32.56276041061335,-5.619846543248961,23.770312927040663
43.92559305016883,0.0,42.401395188867525,8.993752658904008,47.967902254859546
47.247959121876,0.0,35.5725726605328,47.79977534619351,38.89177435129123
46.33216540216327,0.0,78.07895436515611,19.65264406068878,34.71527531248795
52.300816860828654,0.0,53.66031882624039,40.34139848122837,48.67278808762018
52.195651017823685,0.0,47.27106058420263,12.804190234950028,45.04129824274868
50.51244083668331,0.0,40.99127085848297,34.6978107239702,30.864132382878815
55.14864433703707,0.0,45.92128020017657,47.22816136238485,59.795261300940794
63.20212988202722,0.0,59.23589319530785,20.8974685980835,56.77590496169428
60.62602376582348,0.0,57.570121333452406,13.423731279494481,49.906584164081906
34.613533389832924,0.0,25.987867421150668,-11.843438317405795,22.03824950229188
23.190858536383672,0.0,16.70397369078467,-3.9062498753832218,17.042449357146523
60.46324376706808,0.0,70.44966484776057,22.08745765444456,55.485322042659575
35.874587210134564,0.0,46.70978664392085,36.03923820884269,29.31876566626905
48.07824120135558,0.0,46.72024619722485,-4.121577383593742,52.999334504982116
37.97705829605413,0.0,19.933589239811006,9.415980806825313,6.123472847778185
31.225459061544147,0.0,33.1887660989101,-20.701949680165217,7.038710914051924
56.26550511511885,0.0,68.54624977220345,12.612576833750524,62.28618546787633
58.591581806387595,0.0,68.88000525962721,24.292828445274743,84.6293968520418
44.31979248004034,0.0,48.13087816822255,19.28428300445506,48.1769068433013
22.794213334785923,0.0,34.2557623250025,8.53123386739907,39.78215334165992
44.64318877779369,0.0,41.24231598217364,17.83895417374204,29.976369315669437
54.66637893787602,0.0,57.17434416389345,25.92660979106005,39.96435142512232
34.67749897934032,0.0,23.67968354559958,7.406385770197884,28.128821028863925
52.43912223295098,0.0,51.431779674807416,1.7572678913130098,56.37139956828697
50.31630558578518,0.0,60.32128350736829,-10.736144078798787,29.159866430936717
56.66971128138885,0.0,46.26002965690883,11.144783009538967,43.48708749431495
51.75762804236277,0.0,38.55412676029508,14.251937445229167,39.707317995615035
40.082504265248076,0.0,37.22681463160224,27.402342638279737,22.2079415360559
63.265441830903555,0.0,56.580774417247,21.055811128785727,47.31890870958156
48.78598108999876,0.0,51.61783589536245,11.745725616418738,52.24363125740416
50.188140498267614,0.0,41.330819945351315,20.71903145710049,45.54358025549305
40.50778379923031,0.0,54.796748004105254,6.161190080879377,46.29583430830428
45.74335548711542,0.0,28.1120511046447,24.26538862810567,36.4708677542272
41.025642301487004,0.0,50.388452981844615,38.14278865194656,24.49166631386443
48.63193873851846,0.0,36.504337517539824,45.3028287292785,42.30595617889975
68.76975866406426,0.0,45.38470529403686,26.866027145661633,43.286226581788
35.820921627876494,0.0,34.52406370637138,12.13762715770249,22.700942723356857
33.238745110220464,0.0,26.77515336605612,28.21980995785151,9.32893957415702
66.19957197982735,0.0,50.121563954852974,21.97280701913927,47.007171849892316
48.24323837487449,0.0,26.424155304617475,23.78835974584112,34.802813528777186
43.330749844607965,0.0,39.299114189688346,-4.478704056520202,28.091946339976865
61.59143313223978,0.0,67.65973451456168,17.17320222392313,45.38349012928331
44.008799650408115,0.0,46.243606714341254,28.181784578405384,50.6282354381499
69.99108469843083,0.0,66.18911110016072,16.04923057749772,60.915964297728245
57.723634520001866,0.0,58.59964682130614,17.623288004830993,44.1049872139154
45.26648616859242,0.0,41.00203972272354,-9.60177716318579,22.293212715744094
73.53105947211174,0.0,53.939598481214475,56.379904870953,38.049235343179944
44.00773772511554,0.0,25.017831971259106,29.68778784334515,27.225074409809526
58.40929537812407,0.0,52.056802517761994,22.455204844989616,32.03618357020575
53.677880314907604,0.0,47.85669064210569,24.35593315978054,53.2235509974459
64.38919698176926,0.0,69.0882108580729,28.669914998897767,59.355336076314565
67.16487788489411,0.0,70.82486836852095,44.123776152202424,81.09527066549796
50.821862841098685,0.0,53.15294015093768,8.32385674144901,46.532264341853505
42.429509305620265,0.0,35.53606233898714,21.341121312254984,22.900743936155493
55.39476583806802,0.0,36.63469667237176,33.33039598088266,18.788247790090836
43.23840201909541,0.0,43.657125964543724,28.592768423991583,45.11882849027272
71.99324210030889,0.0,73.1138139255445,-4.5681075836499545,49.82900489063165
51.9387943929091,0.0,22.5734027086571,7.803692106780437,30.24906096587021
46.57637740283804,0.0,33.74886150984464,-1.060460544958687,55.508723400561095
52.453230758763965,0.0,41.040717154977145,18.639131927850027,48.95792605246777
36.085644698273796,0.0,33.519485961127685,-20.87344392501547,31.357580532551644
40.098050117992784,0.0,27.70981997188868,-19.085281032509176,39.598433735300986
63.306498525433575,0.0,58.616016129799846,53.076236508995905,66.30649434699455
43.46087853555065,0.0,37.28771198132622,20.293353867783864,53.02671333231379
39.29349083647461,0.0,33.73577979779505,11.00396251147218,21.502312036114887
56.214109794660594,0.0,44.46873613822983,23.72287007716013,40.554479698545514
63.149322578100396,0.0,52.10368902309598,24.471821806278665,41.37822270183623
58.16201893878258,0.0,42.53282675354749,33.722987080390574,45.75690258226075
61.12281441102405,0.0,60.8950893961133,12.383709209390757,52.348253759375844
42.393423216109525,0.0,44.50947019104688,13.632140999509216,12.755461466180869
35.28763078772588,0.0,23.32865379370456,10.30190826638287,14.630189850779926
66.52187168168567,0.0,78.27011251722081,9.511196296035022,81.3682388408547
47.03201057527465,0.0,39.69620988777174,31.546542662135877,39.81170665946235
47.79970478166399,0.0,59.97117346063608,7.69334093569376,52.42298439912501
64.67184972678733,0.0,53.56676422354299,37.58354981330005,52.99858961570156
56.42329575695287,0.0,30.810709385534018,20.3323987338156,17.72532685590005
55.35112371528684,0.0,55.456904896877475,41.143739871452176,46.31624041721633
73.61327243691076,0.0,71.77888312573486,13.485755910486212,79.88437905383992
43.603803645760294,0.0,40.01987307650074,-3.6183989484911976,19.430396607678432
60.39400630013763,0.0,49.3614314157444,8.13260166724468,59.270930036048746
51.089087545205906,0.0,46.64657063102592,17.659822805103346,20.739842114320627
53.34984293140068,0.0,43.824384993704264,38.74578616673422,43.11481332640391
66.81181086688892,0.0,59.265227389834344,46.871815352391366,64.66833297619493
55.906195814303786,0.0,60.65226767257831,-14.122370760240564,46.025583333477186
56.23166898807369,0.0,54.01574930399381,22.126558741257966,79.023009348101
61.93979739693696,0.0,64.13051197195246,-23.530919949421367,49.44967283854653
46.5803183194439,0.0,40.12772426820005,24.506809521692876,29.327590044078022
41.51281092817112,0.0,33.981900443420884,26.27530705419205,33.349211713454174
39.31594876745086,0.0,23.23638732541636,8.743977113513107,16.43244592419234
29.469074920816603,0.0,21.848962300959588,5.082794244720731,-0.11270105894486093
72.45077904564744,0.0,32.864299678999814,28.55930510035774,40.50235456097305
38.691944750530254,0.0,28.58322411370675,-2.0859406120010586,36.45787894063439
48.11576508579148,0.0,43.223899073727274,20.230810931628813,34.857373595419325
47.52210150834063,0.0,49.471270926944854,10.560173244378927,61.34502438424178
53.76458089139775,0.0,46.79884458029344,30.361233915047357,38.574387094227326
59.19616962592492,0.0,58.65882990233321,18.635837962639915,60.71148042183799
59.67418352579874,0.0,32.38445696042418,8.36650423218684,50.62846163781941
44.2496226835607,0.0,39.68922653721932,-9.6202898473488,28.93207179742432
48.69417276135804,0.0,26.887159414221436,-11.802497083599597,23.190346208824966
53.49930332659488,0.0,36.59555140592654,35.601517240917886,19.171496349411278
47.822591204438446,0.0,41.82163785460199,7.5352323598283695,44.91809823664007
67.65462518710908,0.0,76.79752224085419,29.656768714499897,78.78523793880478
55.72603555646826,0.0,55.49743453239795,43.45853285547233,28.376166725126136
58.332174376232516,0.0,54.32373201777083,11.831345641234723,45.24275061349706
57.56288065608861,0.0,53.16810901770646,10.497199159330455,40.60168078945142
63.01863999571515,0.0,51.185417160669694,20.475438104080315,59.39542368233402
52.41413648980431,0.0,42.55851657543141,16.9244557949326,37.65893258694374
36.62304737465646,0.0,37.31757432197436,34.42980895718462,44.56764005532871
54.750620101721005,0.0,35.95181611710619,39.85880002573704,36.755516949315876
43.520046336987946,0.0,45.848980676261064,20.37076820353628,20.498708605238235
44.831544139466004,0.0,36.75158811978156,32.76702439715521,28.331040068237517
56.74528222243694,0.0,61.30681440202005,16.37864917527795,46.28739011599901
63.71113628734943,0.0,69.58694939683834,26.934125426335356,65.18470888951944
50.70718367612771,0.0,28.933444766280427,11.322754089915886,31.662219457094114
53.779821281498315,0.0,43.50286324972548,-0.9231533578274558,48.58877138051223
68.66831879567746,0.0,55.236368843726936,42.40739511632736,48.209325948730786
53.05237792750808,0.0,29.760644007417206,24.352982836918887,34.696847807091125
78.27927276203599,0.0,62.80893916270142,30.979570633731175,57.94739390897238
56.522450079094895,0.0,78.18421791674069,18.732806916341787,45.13632696759436
31.665876213977114,0.0,34.372956059318774,-16.118359380095622,39.27012608677168
58.52946325733104,0.0,74.61236042188101,6.096375038227981,47.23650176888129
54.55262886619693,0.0,59.189370954746884,22.421944203477256,44.100616983828665
64.26109766158442,0.0,52.1079439494629,15.564585643232087,66.78506947175926
57.672938602655876,0.0,49.44324768789232,16.331942583214666,57.244222700554936
49.00047043688839,0.0,51.18621890892655,13.158811855973441,62.2400102589709
37.398081097293016,0.0,38.186460672947106,-1.3600635148357352,34.93841100195093
48.246448406756585,0.0,38.109575872555034,0.5796209629046878,29.720747235292873
41.39195345303817,0.0,21.504270673781136,-12.268744361641595,52.60249006911257
44.27691244130264,0.0,75.10667066902153,9.9728903968697,52.6391151967712
56.76894326950413,0.0,51.10093017783629,27.62026754463667,45.75988670287129
68.32307683524465,0.0,60.502990855048154,2.091557498547374,60.12366387292118
54.69701887171175,0.0,51.75747077064048,17.425473210035072,48.537243940602686
37.701701548743884,0.0,31.286999962240394,12.38568550274497,24.099506892667836
55.2305406670029,0.0,52.38121688856194,4.112744247224196,29.724187138324133
63.26608277953533,0.0,72.59755449118511,42.51413056784271,79.49304997818126
43.96427072707349,0.0,38.69229997656683,6.43038455710555,33.83233080722023
49.04789987384255,0.0,32.70319980750109,13.232739079763842,38.48317354765235
50.63683923976714,0.0,44.85750717294973,13.260364878863287,67.03311055362748
42.093135995011814,0.0,33.25723556132716,-14.115736272211127,22.49377534796556
57.406868519015944,0.0,68.28832576500052,33.468629731283464,61.56777744132432
49.18754431626128,0.0,57.53569021879792,1.2715667170819938,33.9312460592338
54.96266151356776,0.0,51.957069082803265,14.577376751880653,50.57079530046604
40.99690497268225,0.0,23.563053958925735,18.656948981634844,29.760456516232512
45.80558528644667,0.0,28.848133948501093,33.46425456602441,42.40504548573866
58.19864814322894,0.0,54.15961959067982,4.47077541984625,64.7950548627469
46.49611480794992,0.0,46.05724727519833,6.965532907644369,31.045021878937177
68.93276462053969,0.0,60.58492370136826,45.068709394197995,77.58227787480344
46.20972032500007,0.0,37.136124515853545,19.63431721729127,53.92393413804463
52.880684059506166,0.0,42.50049341888741,26.224021156041506,38.981379419672535
60.444768291497915,0.0,55.95951510983118,6.111064734118511,51.90140885239757
35.324440428549956,0.0,6.306039657746016,1.7737099717587803,11.49440729073879
31.6653841325498,0.0,16.269378576812123,2.7413438489672175,14.061565711782832
34.178024272813076,0.0,23.757289450312932,-5.601811672271825,7.048491392902438
63.97079650405625,0.0,72.4495076167932,-0.7363383156360577,69.38943334674364
44.583205566129806,0.0,32.007172650350014,5.012143166375079,6.9631373545613116
77.81464145182234,0.0,75.18759193068533,49.55368384753563,62.437526659043485
44.450822382128486,0.0,42.8855243652732,12.967005252226677,35.17208658180458
52.45185234567006,0.0,62.08551507858331,35.89645429222085,63.928499176493105
66.95757264518085,0.0,75.96764292233425,27.025307748393153,56.236214696473546
71.91530076289551,0.0,66.87170909373928,16.451325726524413,69.43283809101982
72.50737238280466,0.0,63.03074659907646,45.556473768959805,62.37260186006973
63.391470300411555,0.0,52.078741357460565,25.534743979276545,64.86697790371724
61.42215723024279,0.0,54.6168307803071,35.014301880664306,57.015200102787276
56.811134070029496,0.0,48.043267187951436,3.8717345060314194,57.15993519062747
58.79679993361039,0.0,60.445619721465576,34.65532916435804,45.20431123176329
44.59039057812157,0.0,45.073022792427814,27.272271429293983,23.86071730733487
41.737314344587304,0.0,44.083673798759385,14.725137309962154,38.611054945048636
50.44383705902615,0.0,59.70326910154738,4.055983275471695,39.35365399364005
48.66144511641655,0.0,64.33834914520449,13.798923673751506,45.855847533048816
45.63708312387008,0.0,42.973339562591654,21.39920942043955,40.645632574725596
57.920899264012675,0.0,65.3605222389201,22.84163322588101,68.39538245944243
60.687474855448734,0.0,52.724519032806576,29.52688043084693,61.00817742319021
51.42453465252098,0.0,59.88113429078673,30.230040905355988,37.74765446475851
66.26752691229521,0.0,73.1618841430871,14.985683686454768,47.37030980704209
38.28077211085356,0.0,45.095000621463875,-7.5347565726760735,52.99363363933038
48.410612921284894,0.0,45.37541135665384,13.780425803419117,19.786600222727138
42.820538311277076,0.0,31.813968917974822,6.590542969501778,25.495613107225996
30.53566648148505,0.0,12.056610319023383,15.559413967260586,23.785190134031478
49.59643796641738,0.0,45.12178335529789,-0.18032907335971338,60.83018349550878
49.17900303568568,0.0,61.35664579244831,29.11057142365637,42.604134887203394
66.65133395678431,0.0,59.028201058082956,43.40892963342186,58.01791563001218
57.220212280416504,0.0,61.345758236464086,19.155362612455967,40.217759451071366
39.5363019188977,0.0,44.58865178572154,10.288061088789627,34.07257257515267
70.29115424454805,0.0,62.882173509424554,15.518710275016351,47.28108158592388
63.52682408663337,0.0,73.16487632469259,14.970120297693276,50.194850939291825
56.69969599580588,0.0,21.748654968145182,13.110858027806074,48.28286136836811
48.05987666340241,0.0,31.096873966603297,34.45005415390563,29.535946308128544
40.228139723704146,0.0,26.64967397322782,8.799637197986987,39.03926184556498
46.502807730839855,0.0,33.83129198412297,-5.370696246147002,32.66490381831135
62.11333796538864,0.0,61.40505123782404,25.43863529135607,37.82742888860346
70.61698448233176,0.0,69.27321553736057,38.15756963758528,78.40689485795023
66.96968507370296,0.0,66.78865764938145,24.151176557128498,43.85323671543658
45.25646335041542,0.0,47.58754733102444,33.27956518473749,30.27911174115468
38.51661137202926,0.0,24.602836427674248,19.828158029085156,23.16380589596624
51.98528458917701,0.0,35.0031243746556,1.4900542427891459,51.698706346901105
31.583850508906124,0.0,32.036485131185984,-2.7089858540994642,16.015206948991814
53.93298974451624,0.0,43.13859522009867,20.532346417443566,31.535233456311005
48.90273760233851,0.0,28.245803981627322,-8.89947883970762,36.76184454291649
45.50022286364122,0.0,51.79792783734654,17.449713294483868,36.58223151936965
33.44024923622662,0.0,44.42947625194557,-18.741734168335487,21.931061294861497
55.96778877230246,0.0,68.28411544261425,32.884612762431686,54.98232133815794
44.78790429203827,0.0,42.79846776681796,25.10339249732084,20.957169581607577
37.9791546197234,0.0,40.751348539098856,15.689600348941124,8.64253517085028
19.78933577715659,0.0,30.746496839587643,-10.944760246142433,39.83963909073188
50.1858927105234,0.0,39.33764884291026,17.683521546786515,40.375985876737786
69.41667105699415,0.0,76.7771023938667,18.619764851720888,67.34874744946451
68.23070060099765,0.0,66.77307268005684,10.676417093279525,51.473555513316384
45.59575074196117,0.0,51.28197604903872,7.988945425765905,50.375250070491994
44.04516634431339,0.0,42.05883405720959,21.74992263268689,28.52752127688359
55.488817753433366,0.0,65.05264902387131,18.81692463818847,16.15668698998074
39.81199363679696,0.0,38.29458813100498,30.026601423774537,23.719676940946414
53.70458592233056,0.0,33.88025995792535,28.01002765148403,36.6106777773503
58.66557774460047,0.0,69.82194470456895,29.22746154703924,52.69346363690561
63.589861442930044,0.0,49.27179184797344,-0.02067668916612675,49.88790813548982
49.40973213430799,0.0,58.62108720380499,10.8401599969194,36.270178627921986
48.3036087024832,0.0,43.31995691773149,-0.748161603006201,29.581163695348163
41.09851639693508,0.0,49.63764403866865,7.711951839167719,31.500910193713903
41.64455151284887,0.0,49.7378783000133,0.8214549329074377,15.130694258040883
48.059932300435676,0.0,48.58689994401747,8.795602771059292,15.810082391420401
54.40524986975204,0.0,55.6525127945708,32.557526868101874,48.4791056180336
60.24168409834406,0.0,60.479482031585135,27.508687078996836,54.62878489135446
41.89780460655378,0.0,16.67015799512714,24.92194729255902,36.82587354369883
66.42949765720897,0.0,63.34088702438218,1.656118789058496,55.62251433280855
47.582896804434746,0.0,31.75699462504715,14.671465144575146,19.8827215660402
50.25158086432634,0.0,48.00070606222131,28.943652066080183,17.538719026326753
42.49582340091951,0.0,26.473062022197716,32.28490206275334,18.165458001341936
24.576518372469717,0.0,8.417642269887432,-20.6046568601732,15.329237808759093
59.92605294193865,0.0,72.67976796512461,15.685180320041887,74.64182652875672
58.35318257125612,0.0,65.46774942165962,34.34769234663668,53.933069062987215
47.473865984403226,0.0,43.41555880014127,11.085065400534745,23.08084311271884
51.19569963422063,0.0,49.07228757643859,3.01077487131087,31.81555259821631
55.99278252994273,0.0,49.20838724253932,-3.3655611159211674,35.928239688305105
33.78385391187335,0.0,36.03510252429539,-7.098060484702396,20.41884288693176
44.82688546031566,0.0,33.704348513753764,-11.459576483354883,47.24744218343126
58.96673235132378,0.0,65.269650039121,20.93473700984825,68.63384616772183
37.07762071163559,0.0,30.564054927360676,20.711414442855265,24.207356478173907
53.61660472771873,0.0,45.05383002420864,-0.598650685453805,45.724992885499816
35.98461108377714,0.0,32.39763180025007,11.112057095827021,16.118668208860875
55.463768833620705,0.0,45.05660615415503,30.09700670309322,23.515121160284547
50.099058998705665,0.0,49.517333425496375,15.199195419547852,64.41425959324334
33.22196495513164,0.0,23.766714473819242,-16.735438085954353,-7.650113244106134
62.92531050461704,0.0,63.60255571141541,27.72888012235746,33.28701378809296
42.63067111075648,0.0,51.56663930174962,10.362753484451035,59.40351241231107
41.82222333104019,0.0,30.293568828805377,8.483096727766494,30.124516659299516
52.62300597557086,0.0,47.13823786994557,8.918654110813929,29.254738482850193
62.7532581359681,0.0,63.35735344612736,23.41494228723715,64.51753989179346
39.62568327120905,0.0,31.134290347588127,16.66548705364032,38.135232657373436
51.13895220989917,0.0,51.97457529090417,49.49704880488859,26.999520978606007
55.06186306613953,0.0,56.793708401887315,19.54780506478535,41.45369735230267
57.885832303231496,0.0,65.15461855877732,40.81135362872127,63.741863117037134
52.365198457767065,0.0,41.85430207094784,21.52416388548388,31.313641507212086
46.5581454589208,0.0,32.583524452742296,11.888796064845593,37.767579151279755
41.63696648034744,0.0,34.46834311003793,12.679969952323694,48.824048774385716
51.400354119229895,0.0,37.07810168894166,-1.2637432247891809,9.459945184327793
39.023925512754374,0.0,41.1280798247574,13.460668323776295,26.791272027235646
19.264820156394293,0.0,3.4428582794842058,-29.780269462941455,7.737553675310673
55.14460144327117,0.0,75.68475536222186,5.853941250685006,31.521081611228652
60.13857467882954,0.0,69.61890046377181,22.302834332171162,49.27483844654087
25.23160178866906,0.0,21.73300471245551,18.395667667441586,27.62842830401074
39.69076775203909,0.0,44.98852054620201,29.67693885026184,23.940425906646063
57.09565093973225,0.0,35.59587866595072,15.749276222885142,24.718034363760804
72.46454515172543,0.0,94.72085786737658,29.723491198082268,87.06365353658394
50.70207757265524,0.0,40.386731364093784,29.440063070530492,45.337767931577964
42.701071682225255,0.0,37.49370759598002,-7.56324673988901,31.912853443875775
48.525617404734426,0.0,24.854618412199617,20.076174482987042,32.186672879318955
65.17065694794067,0.0,65.99722339598915,11.854163298940458,71.48602708069684
43.5776683120349,0.0,27.92355080052855,9.231979699896234,34.223002865438616
41.94040570889076,0.0,39.09683113231591,4.2850623770343965,40.73266312144099
45.321705814803295,0.0,35.58507254634268,18.74669521394525,25.560930336096092
40.29343271668476,0.0,24.998470559109826,17.60298577336105,3.2073315094779637
51.790644601437926,0.0,39.190583399770496,28.723804659664605,48.02547200168199
67.83982966789837,0.0,65.8640033211169,29.894182022005662,74.40108507509856
53.93204473826778,0.0,36.246417189099944,19.762810360159737,38.21150862819083
47.78345816139705,0.0,35.84016018826133,40.09098547587326,47.25345150187477
47.36184593200752,0.0,50.36768083025204,-7.747714413551851,36.06446102893589
33.776962503853134,0.0,57.53617772792899,30.16086087807126,30.86098629454632
59.916055708574305,0.0,60.74101538624372,16.548601390085,74.90000980595315
49.648191379997606,0.0,35.89035867342536,23.034372510631695,33.97996113733032
48.55143836814806,0.0,40.633827584679636,9.79772348474663,33.837757310179775
84.59873285101531,0.0,80.27957014521155,24.29801880529085,54.54649412633421
53.67211383720808,0.0,45.853549596035144,24.029562420268995,52.33829280535714
42.44689212701771,0.0,48.074582558110144,25.7171228687271,26.921481085330218
45.9241979954711,0.0,44.23757627247738,19.60836624352718,39.12630353992297
62.75121043099105,0.0,68.0801779993651,14.551533374318671,53.49237683402428
51.690205184352905,0.0,44.27590171359714,67.0017146476643,36.16128133104271
35.111675063153584,0.0,45.33565033543815,23.89034407303685,27.852879939270807
60.30199439000662,0.0,54.30508470683243,33.99711002628208,50.86299669080231
43.34067264421122,0.0,29.12075940106166,6.549179689370137,45.40734664952161
70.49636482826058,0.0,89.12481695115358,17.63787075389498,88.71849227029422
62.02037122492293,0.0,38.4446712301186,17.845783876001516,56.010549254511965
45.70019127260549,0.0,33.89933403624138,28.058594247015876,49.85734014582807
64.16774798282079,0.0,53.2311108402585,9.010102956752434,64.67627835504062
51.20494008196793,0.0,73.66771554087586,0.7923861243572503,56.42890937904739
59.591909852220226,0.0,74.48802408482916,28.057637825480878,75.1039562433033
55.65933740320265,0.0,67.31187998979956,22.791230415289668,35.416343980874416
41.43644427991612,0.0,34.02703921569849,-0.378502658563443,22.208210109087048
43.60346597426162,0.0,65.32803411582898,-3.7094020648380877,31.648383469320486
61.485181373395505,0.0,61.127253698680356,41.75738388185353,50.585270707847016
46.902768393171215,0.0,53.23896688802676,18.511496361028648,49.3274132522329
46.166848529329265,0.0,44.076304335462346,-6.13820718749912,23.50712525317693
40.27426386318565,0.0,35.86027472014207,-8.391552964295006,36.691016349985645
55.00611398376097,0.0,48.19782766718745,12.83992195835072,38.13078326132812
72.51828558363788,0.0,65.85448908939425,37.88566220597794,59.91494363550044
39.07314236640111,0.0,41.64196309558106,17.562297045518022,33.74581541768727
50.738682220855836,0.0,50.55351787695392,31.536106926971705,63.882289906803805
65.56968471426995,0.0,60.910757345704745,2.738353553689681,48.524972097303845
49.628913290671036,0.0,61.550270353840666,18.133342519359253,44.37573658445745
55.31355497965937,0.0,19.771670719158536,38.19661629834869,23.626649063559448
39.128057487320255,0.0,40.65255769818902,27.989196971103286,21.975228747696406
55.05642001642358,0.0,58.50614645747731,23.019503100753717,35.046856026948
48.48022876137872,0.0,56.58494103588539,47.435122864487035,46.0454549742067
61.012568325395655,0.0,56.078651893956625,29.821133147554804,57.76421977658456
63.16729390187397,0.0,61.08281679122979,37.113533520294695,64.20068348471379
78.14977436177314,0.0,84.04008830282467,31.280059218225162,64.6699398698092
56.67336211581782,0.0,68.27922943019973,7.845292589602947,59.160399714008115
53.96107676025789,0.0,46.65485432887407,5.026740185900277,45.600900166003925
52.5569194264008,0.0,51.27994863062541,19.147430296357086,43.79136204332172
46.7062581855737,0.0,60.46670647304266,10.39230331933894,27.3084878234722
54.096644911432946,0.0,27.492949180569475,-7.48790098969496,40.40266416329692
47.323484727909445,0.0,36.010281393242714,-0.743187326497301,38.17948381047052
52.27992475930387,0.0,63.69337434305323,11.949107760430742,49.32903248466905
64.55862338011815,0.0,71.8107198338523,33.432738448453854,64.93530873871191
39.7248335059372,0.0,41.3719439382032,9.309296159577345,40.33264827925849
62.65966915305637,0.0,53.637041769601794,21.125025289973895,39.27445754009659
64.55346813341583,0.0,50.914143516173766,9.274112653597506,50.90416499364072
49.218313510475966,0.0,38.91791190950271,15.079760771887265,44.643650745181844
27.80755187161171,0.0,40.5116890192256,21.574510177057356,18.905203347527454
43.985223425366705,0.0,33.380971659689706,14.069575558312257,44.48799673199767
64.33847731380564,0.0,61.106951807101694,1.822648397989024,57.65666459823535
50.23554493090002,0.0,38.198238310682605,-2.3236489725077263,14.366902727393597
39.802197563247354,0.0,44.83751290614016,17.87532849992706,43.2494596080125
45.086296970758895,0.0,35.41242264317676,9.321428134962893,32.51097776789144
59.46204627133692,0.0,54.20856524066386,19.332193211504016,28.609219588087697
56.32182484080397,0.0,34.342484924599965,10.022886525982226,39.12296469372635
47.926867889886935,0.0,26.832858498849735,21.13745699829758,17.722491639248865
46.56031911017445,0.0,42.64276256189077,9.052082085294714,46.694535179675576
46.293898341955746,0.0,28.27767844425877,10.516399064774864,32.291288630047646
40.62380076919962,0.0,59.00204595974073,-1.9652755847550498,26.16180256701248
67.74042816860461,0.0,41.56329390600547,37.92100684320198,63.34411602916431
47.03585049434619,0.0,34.561918871023494,10.437729866896333,40.934789906630684
63.485417256560936,0.0,59.37209276588535,31.16038711641326,52.40802493230032
66.73538665944966,0.0,58.52578076229001,7.5608231928328955,42.041228458404206
61.146997178544815,0.0,45.213763737843415,45.7424546416243,38.75214020313621
45.8679650704469,0.0,31.744886444780544,30.912306020874734,22.75893136765798
54.79381096624687,0.0,40.170821503831704,-9.094656422048029,52.182402739048335
50.221359920703044,0.0,43.125675741141684,4.003953753969782,19.268793818870446
40.823702049326634,0.0,57.57788117060039,16.870385724473113,36.82463502419669
53.945721824574164,0.0,50.64455152369447,-1.2457109822357744,42.261638929419185
37.88167445552064,0.0,46.54906715240835,6.668446794167213,44.741673241437255
63.17042825115653,0.0,64.25033973747257,28.433181775562677,59.49162362890819
45.51538727996133,0.0,53.32087644886104,10.115133535644011,46.40644675564745
52.62931511581445,0.0,18.898491990896574,24.221086268203454,28.20294074176445
53.506867570588284,0.0,46.16696167778171,7.340091230573734,28.32728526438684
47.713454692816406,0.0,57.52621811484656,-17.697960062403972,38.623939910823744
56.748806000876115,0.0,46.52492304743966,32.73161017303368,55.99010206222015
45.405475968707655,0.0,60.076085060483365,26.40865817037882,51.35973635134553
59.789837569486934,0.0,71.26507488275506,55.8436715577895,50.741777164114104
36.09789639256264,0.0,27.315139643243214,-23.560418050883243,13.877606949290973
51.83027864569955,0.0,42.41664014388613,26.769281628366237,28.08050749054987
71.19764440972385,0.0,56.049470225284644,-0.9090751777501822,58.558435388651965
39.791201555651085,0.0,29.246947083692337,34.32416616689454,29.74574384096938
43.23808573034406,0.0,26.25396126820047,18.341495563291332,48.168956181822125
55.971077053938096,0.0,56.34779568475355,5.050307156719651,50.20697116616044
52.39875225646487,0.0,32.892467111466466,27.495866987125787,46.483019127308935
54.226429499063784,0.0,56.48409766972122,9.712399860943147,37.62785516641782
55.706932412379466,0.0,58.196732090798164,22.552742055020417,49.54530077713628
57.261988916190745,0.0,35.501140106727775,22.076351308864098,45.09307345350111
62.337204956374094,0.0,74.46621735524951,46.541511897788595,57.28697632937428
54.85886822476608,0.0,56.152013958790775,43.42859671502451,47.48225832768402
47.90201897680489,0.0,51.81305321778051,5.6134377965151465,42.67646090881065
57.66644576942229,0.0,45.44878974544174,34.30676330555196,52.67219801885415
70.780420600256,0.0,72.95048456790227,31.603884647408325,79.65545038218875
49.06268192970268,0.0,56.939715923021325,-5.239241106473681,15.265595911242006
40.06690005642083,0.0,35.136489078154376,-0.08720654882552914,43.938474712099634
62.30921869870937,0.0,79.22261722573047,54.86807681985675,39.10560787216204
49.19360263338188,0.0,45.61579872845365,19.78249039782128,44.069381660657584
27.26458965268959,0.0,35.66907678000642,16.776338452683675,49.77526639186382
59.53472294124704,0.0,58.41312549237743,17.43503984579689,51.49721937848327
44.759830697973264,0.0,46.98772262665618,4.694308886276688,39.47489908226721
49.512531780892594,0.0,27.777889688270747,15.299213395166149,31.184938601586218
54.02715388868476,0.0,53.82617266585296,13.64635151974425,54.74069970150427
52.51541165264739,0.0,40.63708388252252,-4.477036431036513,45.77815991667657
58.060494037755255,0.0,44.90771460349177,5.474363996486533,38.367866987715736
45.826655655280305,0.0,60.29563530005157,22.864556184710377,40.64982024227018
55.96250701206096,0.0,49.53994388425778,13.095284953631865,32.638602457564296
47.706597989424345,0.0,33.07175347947883,14.284715000682711,33.79024883864317
58.37419581771148,0.0,50.371994710118365,23.095734645452804,43.467438973486445
57.05518865258899,0.0,39.11519344868139,23.47176155149941,45.98476871149986
40.48458908097645,0.0,51.762952619935234,26.11054678094225,26.531557083854114
62.083777455115204,0.0,50.45656135573587,6.341589227794817,48.89831484768371
44.753042857389914,0.0,46.38614679707947,20.33505185785311,37.14996973950313
59.11411391853839,0.0,69.24884965010716,30.831518863984186,55.96598210334348
54.40441436124166,0.0,44.978332018560515,31.495812139115962,47.44532597942343
70.1211653442258,0.0,71.34647280057735,6.330943125591826,61.89656724463077
48.09212569623883,0.0,33.1672306227709,17.725195524849667,25.780081147864493
46.7473906422385,0.0,68.62515622505106,37.57766175634632,46.33105040234508
50.27239221126494,0.0,56.11799393088087,13.9358505824273,41.99157358790529
47.24037163459677,0.0,41.191866323558614,20.47949588552835,50.16614262696243
59.02739433384178,0.0,46.63639208876471,31.14133292132272,62.4357870849248
33.20936937794983,0.0,28.23415299796299,-8.495582756488544,5.556371905850565
39.22113700968103,0.0,31.751186591487755,35.10059280321861,36.06562189084391
39.070257297136564,0.0,55.86535958149722,16.214846130928343,45.756969701482
60.634074563275036,0.0,43.425197106233576,28.34793655954706,31.533784021458487
68.75805727350064,0.0,65.80365925101307,2.0714267781187914,68.57868321416481
49.363837889251315,0.0,45.122794401361325,26.029737687245486,51.38014549195181
48.67600790275206,0.0,43.398476755791364,21.59142442449616,27.29291263253642
51.22841164838553,0.0,46.00000104726244,38.74557417746085,38.94341791636905
62.894739731190086,0.0,57.38666727073854,17.88348075281788,56.62187648387627
40.570984601204984,0.0,45.91360154966202,-3.916896047700501,40.80809247773638
53.02690242317875,0.0,55.36078298672749,7.23259704934309,33.771054049286654
60.90002839655274,0.0,61.087164500683706,14.05747411046209,68.32791430247592
55.83416094051752,0.0,19.57186064933748,2.6229143428717947,12.093648667858588
52.50560200816741,0.0,51.57678727937692,34.74045150211684,61.08594278469613
61.17622314622423,0.0,39.40689355585533,40.03469645105579,54.40027350199341
21.59544614078737,0.0,24.86535083337509,-3.186929617462048,4.9876657671034
57.72309436625376,0.0,69.13451278643267,13.892808365779636,64.67454441488326
43.490995660117584,0.0,29.744138448648332,-13.977490759369108,17.95274295300882
30.919303183601233,0.0,24.419732979108275,14.50362621955864,21.204612666795704
55.94217104549326,0.0,45.43991308249558,41.74836636209187,48.318780101195436
65.15764377948717,0.0,73.9114526337794,14.534262861894202,63.985283859916244
49.01123539993174,0.0,45.97583414687758,12.993818138515486,29.702950238883062
60.661502869665895,0.0,74.70825430008328,27.162242344459553,51.636165428472886
67.70733164291994,0.0,67.72273620841204,49.214565612582135,62.70243874246496
64.52995424129489,0.0,62.78740263925665,25.9835927657788,48.11563191303408
68.00316365651332,0.0,64.35709150935999,27.83118258950401,63.71642170789012
58.40963857518474,0.0,62.8624776879741,22.331653773877946,44.84663751146452
51.28591353430513,0.0,28.8186308590931,-4.191416338903107,49.21610179701349
33.36264570707981,0.0,30.494098605366226,-14.348448914351092,42.99065536329309
47.850678601172156,0.0,43.088529238755704,2.615691330249419,34.70622526925237
41.4696757397699,0.0,45.23450687816998,24.768047941079317,45.658442947266614
73.67674622008984,0.0,67.22515122278776,23.469655052595144,62.90129665708583
48.60052703659026,0.0,33.575369790692676,6.950789546803971,24.42485270581544
51.79635571668256,0.0,47.78527034814829,8.459582582784249,37.55620059313647
56.372598629076606,0.0,40.74697273031773,16.74541387417038,45.31884955579299
50.94579240889993,0.0,26.49954134330985,39.68822334519638,13.465456959659392
68.59177139148913,0.0,71.90783802894481,23.27012434241399,70.87627857515754
43.82679067595742,0.0,46.00238531812336,0.7099655127545521,37.28704954588682
52.55930385714044,0.0,53.39979623219785,16.945235390127767,57.645036466417025
42.546482704315466,0.0,52.40365750619986,35.818572729167684,44.760257883599
36.37525268492865,0.0,25.514808214876282,0.6092825601734768,25.786369360558865
43.943048021821596,0.0,24.846111762851145,-4.788221886935382,25.453454926277708
50.084149848728146,0.0,45.28373713174612,8.169373039276437,59.80688552607009
45.89273419484961,0.0,38.22842446439588,14.740105295486917,62.52917837927317
43.08127034205249,0.0,30.2297058270938,21.078913393613746,26.630804631479272
35.45317801500865,0.0,30.80067226125736,21.376800663701665,38.192420053831505
49.59189798659444,0.0,39.069316400937346,0.22274919401646898,29.716594857053458
34.40172797637536,0.0,11.184678450117353,-6.788693592434814,11.09875167319693
58.60120702735472,0.0,49.72694494579368,15.354745799005503,43.8598093778148
51.36077492655141,0.0,35.254933343511695,25.576420602177425,47.28705754554203
34.905734563210665,0.0,33.55873624699386,-10.868307713219451,12.18027986403227
47.175947710418384,0.0,36.22481768980205,5.072613623463074,55.16945170441794
42.44298824807399,0.0,50.277749346915215,2.676933939041586,48.152756988394145
53.89032175595486,0.0,66.73661067442801,30.591789750270465,58.474073626021244
64.80281019787816,0.0,67.67891858564853,30.762440220059382,55.21041236183193
30.44339108548265,0.0,10.30995340716074,17.169710609258296,25.485110228512575
51.70896477002683,0.0,63.54872623212574,34.98632666788022,11.162252621447763
48.76885041372992,0.0,61.40546286843723,10.199178736789667,50.17490132420847
57.6532643016314,0.0,53.66242695349683,2.6565545296669484,51.14400583442187
52.75793199322035,0.0,62.650964731489296,0.056921473239903264,24.56638594620163
42.444987160585285,0.0,32.67955434659221,-14.871197898032413,36.18864649551167
47.07075390126026,0.0,23.31567165929333,7.108256858087597,39.20768693797785
41.974236500749946,0.0,30.009521320269002,5.357719720745951,6.809195416550157
61.97719330511571,0.0,76.0115804207446,32.86337430740846,44.419363797397565
50.707611850847094,0.0,30.859728772568502,15.810163162944912,62.67628901238861
70.79440480189155,0.0,66.37350260780673,19.701750700607146,60.755040590736115
49.83172364252306,0.0,46.13796158193801,13.455822368963334,53.04118223205961
42.910459780292946,0.0,33.546526566000225,-3.354262219718173,45.802480542756626
34.305625522181565,0.0,25.824696123607197,21.007138357323484,27.711716028337932
31.213072420273697,0.0,28.242959174789668,-6.217009964344392,33.850720094796465
33.5531605634652,0.0,23.829793155451213,-9.919589320874795,-4.7605684745929295
53.33418247526433,0.0,34.171439416605985,28.54065316480777,37.04971284564467
55.915697766586824,0.0,54.031279861912694,26.525039466808554,9.470945554076934
33.58463091046934,0.0,41.166953774831455,-18.12835172072925,5.092806723347447
60.04351393688291,0.0,65.01402733488563,32.75110286534493,47.60247262676424
45.31831296386725,0.0,32.772781209853676,2.1596531075864345,25.04586833536424
52.048399270876466,0.0,34.715417042478045,11.036945679728909,39.62199719587312
67.70671586047001,0.0,60.336906954967255,27.549750178616588,58.62523905897812
60.062757914465976,0.0,72.42109423964592,28.979808067377075,58.345418465410354
47.610602902413405,0.0,50.425126564278216,20.14726930655162,42.63771274037103
40.95736940212208,0.0,44.50400216471465,9.511169006221733,37.71277802127823
27.487419355128182,0.0,33.23288581794811,-3.173664947565328,7.834200080096695
42.795631236875195,0.0,43.31398561957882,17.032348722469077,25.56070158369229
48.22393498906089,0.0,45.47276370839999,12.538533471663852,38.967483989455125
39.93173050841318,0.0,43.05521647513121,35.08993385978064,32.064798140702166
49.07739302546864,0.0,39.256104980855305,22.939334310285716,24.695251351268443
51.30106768740147,0.0,32.25368714600547,2.8855213918988127,51.28613038351235
48.077273341205974,0.0,51.70275568984726,7.3960387625573345,50.24915892993258
43.53451737669313,0.0,52.68488071033582,12.308669966405304,27.281787505139683
52.28199442723818,0.0,36.35227922374501,34.7482056921037,37.17928992283326
55.20209659352033,0.0,59.751718393996654,37.92672861306654,74.19163977486276
38.82881394074515,0.0,52.748030783723586,3.4611699984408837,36.4246668897543
65.55592036164909,0.0,61.206473909787306,10.575829685494385,62.43460405182071
49.42646448581108,0.0,36.72275468842966,-0.09054257973070001,30.09985868468214
50.68130473212042,0.0,47.9133428504654,19.114493371445583,38.14472957929997
58.047272296235704,0.0,48.02538766637509,52.069728489733635,66.6050760546488
52.971843422801854,0.0,42.33686100655315,24.41293495214367,43.5363000584879
60.66430330596063,0.0,61.006519383090364,-1.4169578652936607,52.79529928394377
53.547858950800034,0.0,32.45909994952376,6.902186279209232,39.66798364494827
43.93590730863965,0.0,24.70349527503614,3.058181930125391,61.61821454243798
54.34261370616821,0.0,50.4140497557988,5.986198441397516,46.11741936065092
38.25900546083764,0.0,34.16707119584982,3.2641375388816414,17.994301957625325
51.639870588708135,0.0,51.18899590113278,21.289555591677548,35.60065260113944
50.12482615317782,0.0,65.90729125047076,24.861761010996773,56.82120206177896
48.256133428527974,0.0,45.334105070157015,29.60925748003917,21.58000405990116
49.10645082204564,0.0,51.3933957608333,22.07871285219415,47.52254884617427
30.37205085873743,0.0,16.329381471665812,-23.14157923096236,7.864847984945035
44.616684691527645,0.0,48.77726346142104,-2.6748558764280315,14.458557371819207
51.47195551505122,0.0,41.81870552799961,13.764082818666843,28.58061341389641
52.187983469839764,0.0,48.84811166788245,18.460825447707478,43.836233501499706
39.499028726397256,0.0,34.47003502242966,21.55050940806135,46.81362769518276
64.00417411288277,0.0,70.63554511053844,23.48798979051945,70.56066034894278
41.22468387613773,0.0,23.456341397093254,11.074653290354306,23.721850760879537
60.838691038331945,0.0,32.43427396062393,24.49069702914673,57.29590685488848
55.044530270401665,0.0,48.641337981842,14.361658139317196,41.16899557968828
43.5748567203459,0.0,44.58521873305125,12.876087670844104,17.285532369326354
69.44936009863244,0.0,66.66790012188136,41.73689811943453,62.40117127826907
37.72570286033825,0.0,46.917484015578985,7.254661274657447,13.01049678539636
60.30119555774177,0.0,60.6939824347074,20.41859142392256,63.18576486825972
61.17126764501427,0.0,50.95473173021487,20.849246564240254,61.08451158017898
43.31421488823814,0.0,14.765066460745459,29.796260408805868,15.375278515211177
65.35859681121599,0.0,58.525212098439546,8.009529971802273,58.34945070327372
47.80810867341838,0.0,54.66515777355608,39.00289157990825,43.590897529354336
53.56462891278041,0.0,45.29690413042997,0.5648375386297317,54.357588379435605
53.26147202323804,0.0,49.44705910287714,7.756344002378466,28.95674511613008
49.04478435285731,0.0,49.461868233100475,25.152533355713118,48.748873749079735
59.14350316024727,0.0,44.18494386632865,34.7269455185398,30.98260388303159
58.95844111084374,0.0,61.341036143921,0.3287600494295688,62.17365822409296
31.796564018623094,0.0,45.374996111972735,-10.219454564320738,40.054658759484454
64.41696719431988,0.0,58.28227892587472,27.021583342869313,47.37784826649353
32.71591432477747,0.0,17.00832289092483,38.720517174476825,34.12157808880175
61.51280662349515,0.0,56.55197922620487,39.07212429185195,33.33543291548973
62.51890911414951,0.0,34.708339165701446,18.567072138093632,60.864419607251826
38.82275169022602,0.0,38.52208883492613,-25.04948960581188,48.062140630789585
46.09028060422025,0.0,46.88532928552942,14.184661924470625,42.534521218503464
38.66527137645693,0.0,52.533026324903034,14.058839913553935,31.78909904336717
48.18342980670791,0.0,42.104002991482595,8.791746453152367,42.276101227650614
47.18850055055145,0.0,47.501297465429495,1.6496462291895835,31.711259691744605
58.81068481937648,0.0,45.48743872552876,22.26807183197336,80.31873554314168
64.4807415577092,0.0,56.402059773303854,9.863355289620673,47.89411050855158
65.39298708701627,0.0,44.93147265480276,50.02861920974702,68.88539427987497
44.473042925554644,0.0,38.44906422685784,33.51880144317883,25.16957873934407
48.24432615973967,0.0,40.98598635334398,23.48909418328551,58.016160072499325
32.4921009525973,0.0,31.901436485743254,6.824945952708449,48.361251572553265
41.869049625443886,0.0,31.352494375331673,1.4114397626297244,35.09176817990183
60.78947985104318,0.0,57.42774828401607,20.819768369756567,56.27092218050093
67.7426414276876,0.0,59.85169076429937,48.034473013251855,46.82345728772609
37.29068852992475,0.0,29.943738948824738,20.43879364809367,12.906496753568886
44.149323080331285,0.0,41.042416419785184,14.837813088970336,38.67728262015274
50.19774412629577,0.0,46.565182027619365,28.311918711511513,59.47496580522734
53.47345817034686,0.0,57.41003642290281,24.7804457851447,40.22954516194757
41.82915710870729,0.0,36.63525845584527,16.27652018993199,59.40282707147736
55.01105029814026,0.0,47.16457028326502,31.754688389723764,37.5334828371876
45.416848277870784,0.0,39.5245773752376,19.949842633487016,38.335117419690484
50.32546894007846,0.0,38.699750949118915,27.46019876201364,41.88551327811918
56.31702378626722,0.0,48.34198029360823,20.928892730564012,45.2410022280989
50.5485165769219,0.0,67.97368692430216,11.903325013862105,22.51535802257609
45.81704414796006,0.0,32.17364178847812,5.159494444375525,25.825258962932086
49.30869625079615,0.0,42.31406273491915,5.39949289197412,41.79563843130588
49.53572201274425,0.0,41.38557973282522,-7.691742330301981,37.99865076243008
46.52626961226946,0.0,39.91267706627956,0.42305784112992306,44.382031183479135
47.71461842378348,0.0,40.19101720714804,0.6687207807016424,46.88417070317565
67.5616814034171,0.0,66.15624140790095,17.685288546443594,57.537468210255014
56.47340311980081,0.0,34.207946556642945,40.75522486122853,30.334476286632082
47.322641585122064,0.0,54.285527030610034,11.491164919790481,60.73146271683263
57.92695728622134,0.0,60.426208512248586,22.946378413397387,34.48483727792251
46.91298171382123,0.0,29.756805769843528,17.337852903847228,26.231081255778584
63.014908528072354,0.0,34.72288454787741,44.70739784756463,36.91502054487859
54.42957659874851,0.0,39.95657211446053,9.506415137498749,51.837463910409305
49.33335394745232,0.0,42.71912030581491,11.680834298075569,55.884579650103326
55.263816982220725,0.0,78.41844685702361,16.57932822828313,52.64108544886342
33.69484344298655,0.0,35.66595260572441,22.237440284049107,28.174441360403513
38.44021215576347,0.0,15.454335282629312,27.77045647657656,28.179066995499586
37.72262367052605,0.0,26.578436925663013,15.123080692847648,48.16327220853087
52.00726232079169,0.0,47.35170287817363,33.65981359324769,20.76262548574568
68.99207948249236,0.0,67.29159649721737,28.124286111180616,71.26536729612124
74.32167451033385,0.0,55.93321020028765,26.117570109040265,67.32620118696728
57.29756654907241,0.0,51.68563117288368,35.803744634178415,43.64475576505652
55.83149291157824,0.0,44.07953215204961,25.25917804244358,48.916777197833646
31.235318287767438,0.0,15.820981154332078,-5.494777591360728,26.65537985620427
44.68134169937882,0.0,43.461823116016575,26.315150385762315,43.378881135028784
42.06230464303252,0.0,46.32969470622037,7.882446273837364,61.90091059566036
43.846042792355675,0.0,48.79342552465484,7.138924474605086,38.664655943465334
48.68325141639152,0.0,50.72579220749094,27.043152822829803,41.7071322152783
45.435534144161934,0.0,36.193262634647326,11.422548551704018,32.214214342494614
29.3307746391421,0.0,33.18951512644717,9.304414323822417,28.109174234028917
58.47142829774939,0.0,57.53791663763708,29.16653974628582,50.54689037093108
39.01747153407762,0.0,36.56583612134837,-1.8859136694188479,29.82896153269631
53.03628271898224,0.0,42.45348978375919,22.27480419164079,42.42947815122892
72.64178190272602,0.0,62.9364914135005,46.642886379592596,61.77786824335934
40.65612968886961,0.0,37.54082463237576,-3.430566022500468,23.619526130385033
23.443387270781628,0.0,45.659853620348905,6.9276640995034,25.68385075912085
47.42389511132006,0.0,46.59785810568334,2.07855211024207,35.59650390546242
62.243814517923205,0.0,51.507892652967584,36.305157838939664,59.676166230324654
71.40513355162102,0.0,58.17091662313473,41.206355366904575,62.44821237703904
37.34196953795738,0.0,28.298281243132877,3.2332226011734013,21.048861380464697
55.78720026766614,0.0,74.66852314382378,49.50081007800728,73.60758082888516
45.50798076565082,0.0,37.3026368679128,28.308331524234582,33.59172753754432
49.34781939595653,0.0,54.89707999277661,24.78628279470727,50.918875623995774
78.73510382740254,0.0,70.20474402959846,40.143585735714424,61.59881293330866
34.4204274797204,0.0,33.394319695608246,20.485715365730783,-0.10785404509947227
53.19114045960277,0.0,57.45606493961182,2.906489432111428,39.792179140242894
55.47726620343413,0.0,45.2735000182079,20.935503825662902,18.254548824928534
62.081685396033066,0.0,51.03192421108881,27.22266008775629,48.790977646205654
51.526858521384426,0.0,64.99584134621726,10.38348553597546,66.20759668534284
53.771460437669425,0.0,60.06700043196179,23.805402257127717,36.8058130484525
46.29506923822596,0.0,50.66732687358405,30.50333477092183,13.232666339901353
53.3555558801336,0.0,57.57036244708905,11.083671837447017,65.7567883421314
46.812832075015564,0.0,47.672701282224224,12.66435907012972,33.07759328891493
57.1214836710951,0.0,74.29191813315353,7.533404834987559,54.78870850499247
46.5305510867749,0.0,42.99692606839412,-11.90547362086945,47.21768290858186
54.509268616406125,0.0,56.48197164185394,28.63760043260099,54.11653400505173
50.16721604136393,0.0,30.753657754283893,14.912186936185059,45.829394908678665
62.51191155720985,0.0,49.50936051909062,22.72979543501818,62.855897928293516
49.93074390869936,0.0,33.16760643749812,1.2395883892516117,15.215728799437585
31.534772509740403,0.0,41.27603588278902,2.420588562961215,7.693445869947521
63.963716493456566,0.0,32.65592071155301,38.31003357240853,62.24527558451436
40.802006488210026,0.0,32.64534684790628,10.13937975101233,20.088575694899482
43.49430105284217,0.0,7.870628127932676,12.01870755456944,16.01325768799919
44.11516227708917,0.0,31.36228217764471,14.873094257613019,16.237676888365705
65.16597336831731,0.0,55.65206515221237,6.095301849400265,50.45944070243127
27.659890392838747,0.0,38.640345106999405,11.711208059590723,17.215033367359254
84.0072131650637,0.0,83.56086422101421,16.185084932829582,66.72612474108898
61.76402100481303,0.0,48.68777678707223,8.407557579298716,37.64902390948008
52.865235342786065,0.0,60.03739169175564,1.972452748134625,51.37880632022095
49.893342917177115,0.0,46.025919907605825,12.655092212585663,30.79518324471315
53.531082297070924,0.0,49.809871363299706,12.156921339258037,37.24660691595651
56.04816592302361,0.0,39.160140853586086,18.489658988572167,16.231696886500774
57.37412015390579,0.0,42.71349759759043,6.479098856227312,69.8079385527257
56.416611730771486,0.0,43.517519807305675,32.878502850966306,56.879628804702634
51.43707682993333,0.0,47.84602090787045,27.72554361348878,36.436476687992624
48.37130266409342,0.0,45.16552661577193,11.838485890091349,28.22539412409883
48.86351564374528,0.0,61.16383168285397,7.817343614273519,44.80689539330547
48.39726907849996,0.0,48.4413375168797,6.137973190213295,40.253543305517226
62.59439928491114,0.0,29.669778838724177,17.734202792660657,29.744380539378703
56.82213735174606,0.0,55.42590121488287,-0.7994769865061144,17.205355712133077
19.06139462040359,0.0,0.1926778536929472,-15.343037264986052,-3.235285576695776
57.48829303768358,0.0,43.080112529340035,31.418914217351976,26.299422838840353
52.56067945804835,0.0,39.864745905633825,20.84327456015981,43.19703764240651
50.27998774548595,0.0,39.198152717467664,38.366419503895074,41.32833111807497
46.32851498514795,0.0,27.78271004380713,8.948958926099955,20.467534324952
62.491208746566144,0.0,60.37140651334916,16.953627333365823,48.21770133242834
60.60435776853484,0.0,41.43559634337264,15.2629844888144,69.71381163775172
42.22157841480867,0.0,42.07155418330246,6.410432401538441,43.46605289001765
54.82930914336646,0.0,74.35859259631003,8.537211454081783,47.60098194128426
40.09759390442251,0.0,22.143554908114087,13.559339491307913,54.73365696294096
35.73846407757982,0.0,28.91544106148843,7.755064678574924,9.88999448696117
43.78332494368413,0.0,13.130586276952062,4.580768187830586,16.08003925303081
59.69469884661399,0.0,52.28557123446795,38.14176656919283,48.91571607990916
60.66417948068149,0.0,63.22355698954114,47.76981181744196,35.24174663852255
55.9622892691949,0.0,59.42711671523784,34.89872182189969,71.9403217611867
58.22765222946751,0.0,54.846717546227374,27.569630570595752,52.231002908628
55.995337022897935,0.0,61.24388048947596,29.21247946148356,40.308755416225296
43.62556540165647,0.0,66.6182181141452,37.83955808907168,47.892057389429745
55.09505162156853,0.0,69.06804171063388,28.697254155484917,53.67079394790387
59.032390959652425,0.0,49.28996965809345,11.900784172548704,45.07687216067554
58.53961103909042,0.0,38.979935892981324,25.403958606813124,30.29393085406225
63.18361354701861,0.0,54.60110223901419,31.25329732868688,35.74725368653005
58.04822780466084,0.0,43.831332240509624,5.588926115910878,73.76695321936982
54.23517111012874,0.0,54.880232937592204,13.495375274540836,30.005687475712953
61.91461143629209,0.0,45.152888022217304,37.237389285111426,71.03300350092975
50.196509966787886,0.0,45.364613161269894,-10.405101957662797,30.364620281959457
41.056929097091775,0.0,46.02028223003552,-7.3526921940133825,43.95413476567489
48.737498379097794,0.0,43.63577144992119,12.00319562878875,45.07521305274038
42.520495783459644,0.0,28.577922497944755,16.05619677944962,38.23930144016788
43.26551126202652,0.0,51.754678094150314,-7.649560284980382,46.6618182553101
48.93568970860458,0.0,25.013755930365527,12.811315996189794,13.66194570179196
42.012766472334015,0.0,34.623743517766165,27.051727315395674,22.93257609429113
47.189277943929966,0.0,42.73888065168144,14.605589854119646,20.72950558277576
30.2463334069928,0.0,26.696695764147037,17.559839792720382,22.305946724295097
52.75896929852094,0.0,50.56344204949279,8.355352156868461,27.932126534880823
50.492774336122096,0.0,52.88566907190838,4.040677384703114,18.686562273829193
41.749177559571166,0.0,37.458569745126496,22.61039253478435,29.066863702006174
57.52403371554995,0.0,49.44200778618183,24.521602383660806,20.193875101705267
60.49797292952886,0.0,51.94646817689601,4.245482035090561,54.0386028313
33.30287240702061,0.0,23.061582550735174,-5.278802475633876,5.4901351996814025
42.330063578133235,0.0,46.73745270383841,33.0151387225272,24.79494612146506
42.261490855195355,0.0,31.495532327236308,-2.098586116335648,2.1538060574152027
40.43688629910275,0.0,45.503572976620646,23.093372877942016,54.05726606151649
59.34295828189761,0.0,55.32524701232153,13.579263017264656,32.685495340293265
48.40883192559276,0.0,38.86264742334449,14.263677552538532,33.024216143106706
47.65351240564129,0.0,50.17957939567656,18.044611483395492,18.050777332512364
29.068320019756086,0.0,17.67311906215098,-25.927185427720637,5.875053257748657
57.26943178315936,0.0,59.83926864642113,-1.4339840660165564,72.58799685210315
37.23822953149301,0.0,35.65086596845636,9.385769051575068,31.734521068884842
51.12028290337242,0.0,40.73308572759079,5.591925098549874,31.182839313250806
53.44370834768802,0.0,54.920201514945774,31.11901560757041,45.868812605800755
65.01873734705157,0.0,66.48600418352953,0.804153774148638,51.685303519816564
36.494948953656916,0.0,44.91764223840978,15.726071880956756,29.1038748420195
18.21594778277253,0.0,24.92824102097255,-21.678462328841807,19.459017674840517
52.444353950148326,0.0,53.54271618964431,11.564567583237796,40.978341967644745
69.71862901194174,0.0,53.38978454468378,11.021214852623816,61.06909858124285
63.71822355095124,0.0,85.33372069558357,49.530673027614256,66.34442261982025
52.72013633562149,0.0,33.76310719769208,-2.197779251968374,35.261256153468395
45.22668635558259,0.0,51.29544941460412,10.839537134207449,29.704917942041167
59.1041211469735,0.0,59.45308176553842,-4.1475293119837175,45.457269624038624
40.07740468225852,0.0,23.76612738247708,32.27015402275009,35.32833885928017
55.569848744319565,0.0,50.100756631874255,23.898775187824583,56.2338160594657
55.88091904985356,0.0,50.88843663337586,20.345181558605688,32.7427675226401
61.80839749217205,0.0,71.36214652179208,42.44818052787958,54.43740572199101
79.96728018991556,0.0,67.84572337171382,33.73002063500256,61.169269772729095
54.672917842374886,0.0,47.76279176366037,20.84522362168147,55.056200370482884
45.041540027387114,0.0,16.349976639453423,14.314031798295211,22.283334160725147
50.20662823987657,0.0,64.50139059278214,23.239016289493723,74.18493439269413
31.577048989553173,0.0,16.509089541365377,-1.8814373703882952,20.59875808978942
43.05677835827903,0.0,42.57751086971311,8.34734118427302,49.33890613967488
46.10664865237173,0.0,41.042667098202664,24.462128232713496,23.796499539640386
44.879929539603246,0.0,39.87311021652385,16.27762830459708,35.311595158054004
52.10782859000106,0.0,56.58309835474801,14.731471988938438,53.464860787834226
41.69221179552902,0.0,55.46158942473444,-9.118617878443686,24.542061825878243
62.458276545900326,0.0,60.847073102802895,43.13984501793641,55.26317013854935
50.482106168929555,0.0,53.34752039758996,6.126899243026243,56.67544259257109
50.38051830531608,0.0,49.796162106120754,29.30384798419096,38.30514495673055
46.97628881553809,0.0,53.73731548747726,15.99778001382025,30.341561000693957
52.13812966994209,0.0,43.14506503919603,-1.8688408569254769,64.2318401493054
59.296193889293384,0.0,66.45741799549974,37.938627923447754,39.655580326199455
41.21447562937622,0.0,49.058406317240326,13.941391636131302,37.079743953761266
43.447819035011165,0.0,50.957425245199175,30.399132736872197,28.58235879725931
47.23453491376065,0.0,36.238873994835586,11.092610874821823,24.178084838461757
36.09905847520142,0.0,30.49910212801128,17.46436197449369,34.84422029527616
41.725999022036056,0.0,40.34435415272576,-14.201292364383747,30.321777154093077
45.39140130588913,0.0,26.90730267872648,5.601218498441477,36.697275149498935
59.82287481154168,0.0,72.47240007816171,2.64288333260599,28.358383497242833
53.285401316396126,0.0,49.04100445999904,11.70721517823413,50.673275884568305
52.5484312463894,0.0,51.45098401510832,23.232112941925873,35.562937291242925
59.571867574496835,0.0,49.24364812288568,11.92397763317884,25.827489354341484
49.012055231331146,0.0,30.93084948282426,26.81291511873637,59.15404800266495
54.65206985830334,0.0,44.12255599921892,5.668558305857925,51.45451071310181
49.3769535456182,0.0,47.64922063810279,27.314943160063862,43.80884764410071
53.315330644651034,0.0,56.32616057751096,35.46162521644068,62.218089248179254
44.25302890649358,0.0,42.005974779944204,26.306703327665407,38.42028967670323
24.420762003954014,0.0,24.471885771972907,-3.7253315352916916,4.829600952942309
49.04510041200076,0.0,41.43736518167013,-15.293030150355282,36.65190300782333
65.68217351238621,0.0,66.60534075043043,32.00535608219895,50.76015821938646
60.37664585784351,0.0,71.8305961500674,19.121041522542594,50.4926182026586
60.79531235713531,0.0,64.00924644939576,7.328729369038376,38.99176579618832
63.688138104768846,0.0,67.96071498277436,14.866874231771298,45.99972614025738
51.42721346998241,0.0,50.45581409943044,36.18071732129308,54.561917534149174
52.588241942778865,0.0,32.58021952048342,0.5783876458541748,43.01778278728035
43.88018936218663,0.0,28.87350261311028,18.418788766795075,24.787869962311188
47.102607189854595,0.0,47.90775974266715,16.661934507597937,26.47259339473787
57.05950188250655,0.0,52.76430239121942,14.026558921098301,43.35737860777413
63.343581657159504,0.0,63.71014516282564,31.598928003284488,35.53779738210508
48.98988901973817,0.0,62.6882784552856,37.62880074269775,46.810298517549064
45.6695529974021,0.0,49.36863166193634,8.632227395943548,50.448712965524436
50.485534969385725,0.0,59.740043181655196,12.022942379466308,75.02959663798802
56.90387904805862,0.0,53.72897306104104,27.74313249177223,34.819286608438325
35.052085704303664,0.0,22.709906392990014,19.907270421543586,33.70549213963922
25.944851513671804,0.0,21.688602662228828,0.16287698044775722,6.29730390446119
44.597323818797975,0.0,32.1169350019707,7.910449460441908,18.513731564321965
37.43639602561964,0.0,50.08366190557611,-22.972192548032023,18.453594445491028
45.050338481239095,0.0,49.441042922300234,1.499212024383617,39.95055427497576
48.90083850338829,0.0,50.36957213370633,-1.47594868198939,29.812107139995263
45.63686557742971,0.0,54.732053279861134,22.432484741989644,32.67176607378336
65.99972979655591,0.0,40.2913311414617,20.539193445825628,46.00458478444293
53.971211071365076,0.0,56.06825368334191,13.377209797167746,37.811554724074654
53.690507805146666,0.0,35.700537743438275,17.08356198796457,30.52101081694122
57.1282714585436,0.0,52.87086353188081,6.838313889900398,18.181524138570946
38.31128886553551,0.0,31.15619945438672,30.64675027223786,28.569045527139515
61.58296087560476,0.0,64.32777851288786,39.842475553189786,56.23630271040853
49.67034074319763,0.0,48.03261246389792,37.80353483710276,31.360655055613726
57.64408084948071,0.0,67.68783191718859,29.014494458492344,57.884477199293045
39.026936363571686,0.0,28.788910036180788,8.736852125686356,44.75239054638237
33.877745312051616,0.0,37.600715028840604,29.076509518864334,26.327014250940763
59.219168832766144,0.0,56.71910397119335,10.653723143928616,67.87743595785385
54.50188658901222,0.0,33.06274976992128,5.380332846433099,68.42436113835153
40.8413358234997,0.0,27.220739810778664,1.6731314040035468,59.82000602982039
41.18741157623812,0.0,35.69520979771886,17.707738539378102,16.23412432540455
62.505335205728954,0.0,70.00180234213329,11.316389575606484,43.05085352650224
37.77084697388132,0.0,38.83022272878749,6.2724532644532065,23.845641701090884
68.0321035769656,0.0,51.3099820240686,2.52037477977958,58.005436899415514
40.856624349352124,0.0,35.471293225169035,16.93728269510447,50.548991394911795
57.30120830705405,0.0,74.4688737419981,-2.182908935500123,63.006011625538264
46.9685553382055,0.0,44.13968112716814,0.3811842889384067,23.040921360988563
56.925042937611586,0.0,49.28433630425771,36.140735843609036,39.62564248224936
44.66595291826713,0.0,45.90311419513768,28.884018606376372,36.30307667979226
48.740426729067245,0.0,52.78194461868105,19.765360134011082,23.450001406195764
50.9171212510871,0.0,42.01647490673948,19.571512450087646,40.61868634663143
39.77136851220264,0.0,41.2074204441938,2.0792816994887797,16.814258181804043
58.39571426602667,0.0,50.71314775257287,8.905620332957442,28.217396496902822
44.996128765014106,0.0,48.635813139887986,7.328264756793496,26.087974352651955
48.03726884294032,0.0,45.80869550735322,-7.2256600176897905,44.51670069778171
39.8551195996658,0.0,41.071679178959016,13.16482398476994,36.71589086908245
23.100969441230014,0.0,11.472726348730134,1.087627959399382,11.054504261535731
48.438732999901305,0.0,35.71727128234329,1.1714187680634982,49.01552654926405
76.25905575901457,0.0,81.75388019964743,51.71991272417412,82.98751841572972
58.8635095989262,0.0,53.8128854657096,28.606617860075957,52.670908857253536
50.27409356689017,0.0,49.22750149329381,25.0827492918044,42.96710249032743
47.670865221543956,0.0,40.41090078198436,7.03542916942839,39.08726685569909
50.71994512474392,0.0,56.15941779110265,15.559849180544434,42.737224677885465
56.325944468760596,0.0,45.72762317372848,27.500301377699877,18.582945238305992
37.86272942327307,0.0,32.578816783580166,10.665368010444642,41.74355880882014
62.38659015438841,0.0,66.43238479589128,44.56387181988197,61.6077688636164
58.12385162744618,0.0,66.33775817496927,16.775992124406613,38.16306627795858
58.15381717696593,0.0,48.41341315423631,12.55407374054517,65.76199430048841
55.16507349594293,0.0,71.75448470194033,26.95925333190905,45.350860910350235
50.68950061488115,0.0,49.934228907950356,-2.259105626174396,41.32620093346132
57.669518122035704,0.0,42.44390005526796,32.42286676430129,58.53652774676078
56.803517528607955,0.0,56.533572271296556,0.5928799329620134,52.110527906676545
46.696914895079885,0.0,38.64313539366718,22.36629161805054,52.85568770304309
44.350871610046454,0.0,44.98321250102736,2.9429781463613214,31.91190894244276
51.56824362951803,0.0,47.02982329401173,22.76066405453302,63.5756713492398
67.0314091699601,0.0,63.46625819304726,37.329146110103856,49.60381431170559
37.23984640011666,0.0,23.75554895738773,10.332040722341286,40.86668604902441
34.79916335601726,0.0,41.47909360765332,-10.075926372909588,-0.3589127637263445
52.240388254648686,0.0,35.9104013758289,3.7771682043634858,25.88162065084606
51.023636469931134,0.0,35.21575339608932,5.477488416093413,42.18937805352471
52.33207565274194,0.0,52.12118666570496,-10.239171757373466,39.59602859703246
53.08657061021415,0.0,65.935880372472,32.76728523010617,48.42451207466288
48.09494366715346,0.0,40.33884319126042,15.687518674270855,38.29380197733559
66.39931071037344,0.0,69.47640521176356,8.194471329747358,45.782564484429926
33.3739915584077,0.0,40.95966027514997,26.558312712729794,12.73415738152534
41.62727714051342,0.0,46.333953486053375,0.6984955091449621,37.52296409146869
49.376600858497554,0.0,42.036352475339605,18.371285063561555,30.9544521995667
32.92217170074049,0.0,17.613312035220225,-5.832285024007849,35.98475100322561
48.60086263584206,0.0,21.207987370681867,-14.026645757596746,29.972213006775476
68.23295464638825,0.0,61.07997457436698,5.976325429550997,68.48350930521993
50.70306894767362,0.0,59.098866141938984,9.249347354453436,50.985200691077736
52.94496785594497,0.0,36.94105170731389,29.45992386357738,32.963525622860516
37.0148417902212,0.0,40.589596951912704,12.929646637287703,4.626931026463421
43.893978415947764,0.0,29.887147459002286,13.802839876969191,46.17475149633382
46.47086335545787,0.0,43.59605241569954,-15.08125923270568,25.295008332264153
47.0850595983063,0.0,50.566724682253074,31.478508946159437,35.05671429027353
64.1744522025655,0.0,52.894146255402916,26.12505226544382,52.034934349711754
56.43890731220003,0.0,54.07411092158106,17.038876903921917,47.701250055405986
38.60379661578071,0.0,30.349725258915555,24.877403905279145,39.47124458275508
53.11383463553843,0.0,56.463773741027644,34.473532980785166,46.582379705890084
55.80346868125147,0.0,54.13562898107465,34.642519823131835,46.27925327880619
62.662559245061395,0.0,58.98460962987686,18.66026097572137,67.31448273839004
67.36821087327837,0.0,79.50090979700117,10.587650143753086,71.92474959240296
39.63345807779496,0.0,42.76206955527304,23.421139757059564,22.83199037691476
41.815758021382244,0.0,30.59375686980927,-8.550916392258198,15.684110045756622
37.04248327638201,0.0,32.29897977086922,35.50167355869514,16.574417474130307
47.979355920828944,0.0,43.15306579540427,14.466955250001586,37.92315723901418
55.463003691404644,0.0,52.16092771542334,3.2357144094327346,31.45609412367486
61.02971287494047,0.0,83.49484754830382,3.8856637732170753,61.904834921267714
49.6683454288546,0.0,49.540246753268455,-3.002914191928017,40.15563977331341
47.06227429738215,0.0,21.512128489250554,15.546322691526086,-0.456755157395623
52.10145083886862,0.0,42.263745563288055,16.24777368852125,23.87986794651926
41.556264937267144,0.0,17.196382046927976,-6.8738441882615255,-10.27406468157844
72.80693216459491,0.0,64.86672180577715,22.694299421703384,59.87677962450896
33.301791467686144,0.0,8.502650245249047,-13.27069293501297,30.183820341667687
52.453874785250065,0.0,39.131020382540065,24.83577459688933,17.15417707702018
72.10243336459885,0.0,51.57267884430105,26.560855657341175,43.09742014965607
50.55255102044635,0.0,50.55005516888312,10.154278869647271,40.70899087800967
48.449297704421014,0.0,44.42374430120576,-3.8209345166242166,26.005134322110308
46.66053503178567,0.0,45.86583425557945,9.11789904685348,25.00758021712627
48.55238113862964,0.0,43.41304335278553,8.54312377234477,45.8163289495364
65.14898805333902,0.0,46.0766516853779,27.98592350653354,46.4235990371907
26.84581327834588,0.0,28.620154312832426,4.811199281079997,-0.6418657369386764
66.86486558294695,0.0,82.8565404155464,35.61309023939582,38.998114773295505
35.264695262011436,0.0,35.79040504671947,0.25607970428467564,54.114589564901785
47.63067302262041,0.0,39.10661096582736,-12.335503114760325,51.12809490088756
45.89335184170229,0.0,26.795090651078585,26.892084568486993,26.34485468358601
56.76867470195362,0.0,42.98558589541854,5.712663336466317,46.32940667622429
33.403692290608454,0.0,34.425184410661615,-9.536510590981868,18.609165863020458
55.41827876197539,0.0,62.622198106573435,17.553159737677504,56.5151562284175
72.10994934375466,0.0,70.43180786339316,31.593785574832246,54.6575264566006
35.9141724261479,0.0,40.56260063143617,-0.03885277869496928,21.712763685848525
52.50693285463868,0.0,55.89408381773526,8.969631985743305,51.555717537889336
43.406513564059395,0.0,44.82190032798307,6.049007529232048,53.680513071252214
55.03056311349748,0.0,43.91844289511612,37.90904869255524,53.43570506659562
50.68449055791364,0.0,48.455119739452236,15.521368075789702,57.62147043300173
43.62550862266842,0.0,30.70022019078836,-1.9606224034702766,27.52469298648763
55.6928830909537,0.0,51.721378141024005,4.814915223972029,39.276326380742695
69.75962717316676,0.0,68.86260850030096,22.507213275063005,38.845626208918034
48.4400576475016,0.0,62.17288638561661,17.67740250273645,45.55276771962808
58.17061654835448,0.0,40.1132098711268,26.493475260820517,50.170140499383386
36.66107572410645,0.0,37.92773766116705,9.601596754222996,24.52327134969297
40.26022573774675,0.0,52.04350383271881,-2.0333347969470825,25.61067320152701
55.52762645790783,0.0,59.404235641427434,12.246807106690007,64.77322181021405
66.33789876113329,0.0,70.81251430457135,34.504014567177435,68.89139186713516
54.279676276754536,0.0,56.36672187510876,1.3846540116481627,63.76197586507782
47.13482105813322,0.0,56.86441675405837,7.045015238369002,30.139314755843124
50.47232220819391,0.0,34.899171642760166,23.861738491633727,29.110811050055563
37.11909715012621,0.0,18.617754242710873,20.437879523340612,37.78942543015769
56.939231700230756,0.0,52.6948286893366,16.278145674889046,47.713260463658486
59.90775639274658,0.0,32.811105447623746,14.833526715876095,37.456901213071966
45.64923979736082,0.0,54.688160493018394,-5.839032231486222,34.007688321216044
45.457421929077974,0.0,54.39456393116754,20.093502651128052,39.86825704157648
53.320842903479125,0.0,44.620271539833254,35.591796868625984,55.60056686212092
45.813476957951764,0.0,37.90429832727831,49.02930438544225,33.281959248659156
49.77325662002004,0.0,44.9536700499222,20.50396701482615,50.32726489442282
72.91573978672203,0.0,69.01384612639515,27.06017058094936,71.34284271799673
47.840386528115985,0.0,45.16528741203716,1.034370900682946,28.076738163151084
46.65097471431312,0.0,48.55755753495522,-13.133860446805581,28.18138281243239
43.56081113322292,0.0,37.787051659656356,14.13766114245134,27.900741215999375
58.431697862028,0.0,64.20896487236764,52.937038482555224,36.2503779949476
48.54348584102048,0.0,49.22936855202191,32.29027513483436,34.39325141877043
43.541244133916756,0.0,33.17191465547939,27.367491750796393,50.99915300383911
64.59822785977671,0.0,74.41643088461097,26.66688747921326,60.36957457599333
65.64856730383146,0.0,46.94899556029351,28.849467630666226,43.68161974826828
44.06427668092502,0.0,39.133239638869014,-22.233884787475294,58.22778034507718
30.53563085411623,0.0,37.0440449241803,15.230554020784924,11.682857769836454
61.24533040508837,0.0,49.342694309175826,13.199360232416396,38.587641725428966
43.164520006763695,0.0,42.49975521589443,1.5377206851617196,49.9908177560636
58.92784822406269,0.0,60.465552824676465,15.53433886532346,60.43870847546304
29.429035217071064,0.0,16.61955602887569,-1.1534321210359746,14.640336448911698
60.017431740071274,0.0,55.02015706488842,10.575716119503221,61.75509760087136
37.538337680771214,0.0,32.03882880735571,8.529610834126736,30.90988121590882
58.28821921989902,0.0,48.249448904645845,11.870977549957193,33.187038860895605
50.632403545885325,0.0,70.91857724020545,16.94419622506779,19.055999341187512
40.286906106930715,0.0,28.321371258224577,-11.112075759168157,21.059740685442033
46.13064884103805,0.0,52.77289165980833,10.039940035284586,53.574323626350846
57.81331057164986,0.0,49.4644924993733,4.028412273047868,42.64853737533505
51.61139195933172,0.0,36.027546492380054,7.029442390758252,44.91009877276515
56.72443508214265,0.0,53.63867466770271,20.899317851947135,50.728027579078045
71.59846139607322,0.0,74.03712135540698,4.450215690972531,44.88078493394564
33.765734514090965,0.0,39.72749499951898,-5.3283257259282895,21.51815436696217
67.76005556907508,0.0,79.92743843594639,32.96128988030192,69.33683059939926
51.59495268662358,0.0,78.67446515744525,-3.8545201490748617,42.24549966468413
40.876249621613454,0.0,39.626124888650416,35.22168917793739,27.492327679032016
36.265290563703424,0.0,25.42726359485273,24.606572749552342,29.068090317592787
48.45911355744583,0.0,49.21974116677305,7.367362584998994,41.649715161467505
60.3278650376137,0.0,53.27525213585999,9.76591297526261,64.14856077805831
49.11701193061344,0.0,54.872303567127986,17.543304595028605,47.74909079577006
66.62681353149188,0.0,48.55685334797109,3.9236958630840704,42.55531944520226
34.973861054892055,0.0,56.23488473115239,-21.288769881540993,26.556819480927516
50.35072140552349,0.0,55.34494730835395,8.902881534665077,44.303434487909364
37.09787953252925,0.0,15.442817696491808,6.203091457124976,38.49961939058494
54.365355528357455,0.0,42.72973667887323,18.91270365114692,37.400056609656936
59.956420076537306,0.0,64.36241622741231,11.992144716237817,32.527527398241205
45.98398999510895,0.0,54.442559340661106,30.927775564498297,45.924473780016825
22.65347316833001,0.0,5.604086894891909,-20.9154057088521,-1.7043064848361
52.60568480553935,0.0,56.04772148682002,0.574982469581979,29.950337994004993
55.14651138825998,0.0,30.394349625024333,24.868885937122446,40.40895831904311
54.799844493504324,0.0,49.71398514557106,1.45133095842791,57.902922202991455
63.68441400896852,0.0,71.15798943414836,5.789222149309971,51.90989249677848
39.035522453566784,0.0,29.330455846631413,10.895238672631088,33.684896953153135
57.748106019227755,0.0,37.61141579942277,4.595318275396908,52.868575141963234
63.222017489371666,0.0,60.48366864935996,20.57421004386037,65.36869276842673
31.47541525393547,0.0,21.337498589139514,-4.860116031933412,10.1229525865997
53.89542194454552,0.0,56.43205608907724,5.1815354439588965,33.10644393836901
45.09265560012361,0.0,31.75114721074877,-17.139052512218985,20.576846954096553
49.608811508387575,0.0,37.38199299531981,16.93460076399749,47.913362820283744
54.19486966645748,0.0,28.679632462965564,-0.08659274458695165,47.255027345003846
45.273782460758625,0.0,43.095432588179825,10.21463291004913,24.49620072469382
43.25985022384078,0.0,37.6152998216441,4.262206128741382,59.85800790646172
50.844817415382444,0.0,34.197521014613635,12.737181426280841,24.589149489348426
38.86250570524379,0.0,37.046908128809996,6.952705283775726,42.16630478108578
38.877687275589665,0.0,45.87903188990868,11.798763186640773,51.34613725611146
57.73910033290622,0.0,51.26693851795412,9.18091129456422,49.85571788262435
38.20485495089239,0.0,37.18749818792359,26.212083744549453,19.62085828636196
57.59954389358871,0.0,56.30282403428332,-6.673372256613735,40.56866768727326
55.42275185259836,0.0,38.52794324036768,14.970158754369102,39.57821455855182
32.039386706134565,0.0,50.05216816710018,17.09584311658648,41.884427983540554
43.24001245757504,0.0,34.316143855717996,18.186217757978547,17.24656875206049
63.23913393333589,0.0,65.89597562339003,8.721955067135447,34.18595798284942
39.99599096895804,0.0,44.24961431927302,-1.7046832438353743,37.26149199370542
45.51766359116597,0.0,40.05974276545137,-1.4678903211549024,42.97105108058202
55.41708445231481,0.0,57.68666098574462,26.60419221044311,73.21232553139711
58.850540190120846,0.0,57.24138482858918,9.620329175262516,33.8938993266508
47.79216245792187,0.0,28.771558297529026,17.56462116280459,32.355506781424715
44.0954064929276,0.0,36.623159859391194,15.6622638279399,48.08107263179029
65.67813159296992,0.0,54.868686417892995,57.17401168709994,57.17851177768306
69.06030059011532,0.0,59.78838714340223,30.072470095686093,57.31627144902234
60.939140550727345,0.0,42.89470434936029,9.764588911815979,58.265845407091454
51.39153095680667,0.0,59.22890979528519,-4.628237293033298,38.54358891689553
41.84345168646736,0.0,54.87725288766648,6.812952500131927,48.006411204928725
41.60646907054404,0.0,48.041646931421305,8.891813330681444,19.47965011298757
56.06303620186648,0.0,65.34475120043254,-12.637308101618007,32.49721551442905
54.950542168396936,0.0,47.16066146080672,7.844297776960628,41.686824337824184
65.45618743245556,0.0,54.39971945842622,27.867651301083,23.362145360699675
57.43005165158278,0.0,45.00566257202388,11.764621092134385,47.40941352780754
34.41925239762067,0.0,37.44458610974436,20.269423304470635,4.774926786486258
61.72011367137422,0.0,59.863103746873534,-0.33565264453539356,57.669901528855114
39.815464300988616,0.0,35.11568241801387,19.12400869707629,32.15228606613065
46.37710230603338,0.0,56.08602705522844,26.070028824636772,40.37640564189523
53.15332084290361,0.0,53.325958313535,30.39456071607203,51.03697025446547
71.80390379827,0.0,58.496497305426615,5.100597339769795,64.01908770269496
83.70984562813494,0.0,71.86673664302087,38.14203442767395,71.00038487383912
56.96282166021474,0.0,60.00150003760493,9.585757699142748,73.39020435714332
48.52240996133349,0.0,55.512912410030694,-5.444014340745738,47.60706766318514
56.191167661906086,0.0,57.864228419619224,12.753435095183171,58.93080945795108
59.964626655427736,0.0,75.80697069233943,7.906731646923088,71.02051660372253
47.053511379757666,0.0,60.346984227492996,26.538454521621766,51.374316756277345
69.66199957069873,0.0,69.93244146540266,33.21883882199096,89.03846413936054
52.93823464461985,0.0,39.956334997225326,0.5578956186161577,43.44748937379301
55.79835413282549,0.0,37.779071919744915,8.164155310101647,42.82424450977745
57.5953953956242,0.0,49.30767144308791,13.99260693195361,39.67395985059858
54.984610596740204,0.0,58.81094634378608,16.902095929686162,45.45756351363249
59.44410028063524,0.0,74.55214579334117,34.554818452534036,47.71936375858009
43.88444962718853,0.0,44.348939280848214,21.556143779523318,44.20986666758401
44.51435463568325,0.0,52.91757367131187,12.892267736214137,27.447748046119294
38.72457862270177,0.0,32.2649841428404,5.313102822806407,29.057786295013248
55.17603103164824,0.0,57.61878506930662,-6.961876762219362,55.42661509904871
58.80294846216938,0.0,63.305784924671904,38.227296426942715,54.82474955258221
55.37126623165944,0.0,30.273938617236528,11.834576959472933,29.127347402620124
68.372099553197,0.0,59.623179562014606,47.19027910693969,67.90186622335649
50.42009933795311,0.0,56.4041061727429,18.177303703508645,43.35890204250329
57.62549978022133,0.0,56.3405768236375,47.91340135979169,14.077524886052245
38.81490402400896,0.0,22.288620445435186,17.579787227438352,12.910184172426252
46.34367455088606,0.0,16.634487810432468,-7.006074848608591,46.73968196681747
57.91182019851154,0.0,49.847219765675106,10.87303754923899,66.71581538253272
59.55267862934143,0.0,54.572841620063684,18.04957162357169,57.44590272532426
47.338812177261204,0.0,33.973496597625555,1.4073179082952798,45.052585324060665
49.714844771142225,0.0,47.17584611657983,9.71279163802154,31.373123110028025
34.26118219241106,0.0,35.83240467858224,-12.72938420216218,22.544258929436705
46.664982427095396,0.0,49.76125934959127,13.430653023849791,54.95014940132558
59.99377294635295,0.0,30.834836267998835,24.020908522860086,49.3443563074716
56.6260465847604,0.0,38.547044565594824,4.6749608258612785,44.589692967279085
55.8295829026131,0.0,48.447959346865915,45.728174100723784,43.83457576552739
51.01173305397674,0.0,52.990779901095955,16.63396210853648,58.50436892781233
50.55536457124631,0.0,51.66465154445533,3.978914720620571,57.09789743345088
43.42426201075356,0.0,44.47254399013171,-11.393928718610656,43.550340248680484
57.94698142843776,0.0,49.69514911409981,20.395183406207426,48.99647307973542
54.978053479946624,0.0,47.36759837245823,14.248087106152475,40.73249261000942
55.73718974752127,0.0,43.87373516438892,29.370350674406783,53.36035909760512
44.85913148208414,0.0,49.018251322614255,10.337232077825647,24.164862532033943
27.471097587569954,0.0,14.060801480037595,-14.02017677569456,2.819886575463892
62.203136965010515,0.0,66.9297615438865,45.432800267040456,38.54292488496978
45.36344272496353,0.0,43.5846760899823,18.773392327762974,52.078811704735486
41.261003606624065,0.0,36.876823991162006,6.7992545168326455,22.484750107650427
57.8898211201082,0.0,46.747148054575646,21.83910302058398,52.27538294573281
46.29117906831132,0.0,27.953492386451124,19.824625660299404,31.071161348422375
61.80547485255302,0.0,50.69125325449092,1.5361270907702753,87.59987700388349
57.07269590592026,0.0,49.401076139062226,21.292163482877317,52.92505446087902
57.783935660037606,0.0,28.524358229871265,13.117899003754403,18.38864692180061
35.88444946867152,0.0,29.98113988699542,14.573865768774391,39.93712154966133
63.429699153621904,0.0,68.921635716454,12.133344516185304,53.36786582931199
53.271395243213476,0.0,55.159118246216785,8.459593705607679,43.72746675529595
46.53411134514787,0.0,37.28524565573731,36.710701820917436,27.256714880855313
52.01202119441857,0.0,48.41609649456233,33.63428400202305,45.668320466835894
31.500550482706295,0.0,21.875975032090704,-41.42406117868568,21.723819335090674
54.84641098913453,0.0,52.27915226450573,34.14713511311887,38.51514215132616
39.48090278469019,0.0,51.90053532825176,8.363863648805026,28.321395843554505
36.02640625586298,0.0,42.457053452341626,-2.4762631458394857,30.416908260389402
34.213254589890596,0.0,35.937754491569144,-7.686050592091302,-3.455782952639229
62.36913788561647,0.0,52.88288005485875,8.606223429279924,34.53576419192018
43.75611874021149,0.0,47.74105050579984,2.169933421178815,57.53075628139649
66.86800710969561,0.0,44.670179321945184,8.570226529424692,57.58627131940516
44.75477366031498,0.0,38.11683830485075,-6.788341661287877,27.985310886834412
32.236514627633056,0.0,34.660788632261976,-9.24036348549664,2.711852152709362
38.549660475509384,0.0,42.523493945325875,13.447094767722408,30.40645489676112
63.684728453591305,0.0,66.47958928275814,23.409742625349228,69.95378388248974
48.81409794608827,0.0,47.89628860264829,22.364094387247654,73.55773004932664
44.621360634184406,0.0,38.5849318551237,11.291618916169362,58.19360780970796
52.189712689157346,0.0,53.78663081736045,-2.026907137247459,33.91869553345577
55.84151837521202,0.0,41.60040138990315,25.36083874490344,37.91297280239835
62.41946966199775,0.0,49.209880077247036,7.850788990907372,33.087481733343196
65.95732785959666,0.0,62.27798195354592,33.06474660944487,47.622538386873345
46.635711041501764,0.0,44.468342019952885,-3.0957922716953092,35.24786785900851
36.310872776675964,0.0,13.17090758527355,-2.028149827784034,15.918538226661536
46.06195562190561,0.0,46.88788169414403,7.9260097979452375,63.84245400774831
53.26103038252983,0.0,57.32352608380699,26.47861970541128,30.464565551678884
40.18198318563479,0.0,35.47522104350203,12.267139551054944,29.664679262097266
40.25259078989856,0.0,61.48764614644847,10.107704751611069,12.403610587915072
54.15331936376762,0.0,42.79745944474747,44.03771885984026,47.29867229667508
49.96003588496053,0.0,42.0819564209123,-10.725167781330082,22.98596090720337
50.830334524689135,0.0,42.577722360233246,1.0068073571104197,54.314593709693085
42.3752558280395,0.0,37.6423602722285,-4.243283127272212,28.934651966420393
48.018027033627455,0.0,40.51581088536252,-10.85776269189747,20.268694147789827
40.60432216726205,0.0,21.822014662231084,-0.12005593258838232,0.1703783146705895
59.991798838959674,0.0,49.97862155144296,30.366099504121415,37.60900364743482
61.54168998206973,0.0,56.252133082492314,13.18881257209227,55.902091366609866
30.75309601664077,0.0,40.026447571224864,-0.08752237951274022,29.630535111578823
40.5479289712474,0.0,59.95553592062251,-14.285470881979826,31.701099730656043
34.48925132599427,0.0,44.82947473649234,-4.565971826364741,40.24731043465577
43.53428921041177,0.0,31.38300202179736,5.123340928059389,17.38459908752777
49.58834627245103,0.0,38.17482231911858,24.009159760260175,1.728713030107528
34.99021436299997,0.0,29.504670741187347,-16.668623650184294,27.961386883732352
40.62968157089025,0.0,55.616184167019995,3.6212742732314336,52.77435103189196
39.75245668779372,0.0,34.120452478130275,24.866043640422713,45.70605039643152
52.69457653482678,0.0,34.54332626280827,10.391869597816592,23.324525620860083
51.22084841927759,0.0,41.83871742801071,-13.957866575592519,33.8284116848896
42.76801830318317,0.0,46.84527048531527,29.233999963012923,44.6908100056788
52.36925151603465,0.0,55.57107905236398,26.840942213351944,37.8402039254958
44.63853393740975,0.0,38.55428112507498,24.487557755784508,35.89600363481398
47.57721754703663,0.0,50.79246937684964,-10.721402799865611,31.599882532365193
68.3609833297533,0.0,39.9336191912663,46.586902041819926,39.60778915552813
64.8029235221111,0.0,61.5888663296662,12.421701726504844,45.844798675207585
36.593670804542725,0.0,41.8737353989487,0.6361173345377251,41.340862321298324
59.34571052000605,0.0,46.314031501558816,10.415925495310589,48.390778881137884
59.149789035601984,0.0,46.08470874436138,33.55544530133606,63.874730304501156
38.21052605682915,0.0,14.605795223359713,6.16990222649492,28.889760204095445
59.228657095120674,0.0,71.83524170940461,27.043409300651792,75.91054392091965
66.91292971584073,0.0,54.94363852956674,25.547643157365943,66.85157027097097
38.485331947510026,0.0,37.17614077751669,7.515289165367134,38.91870341128856
40.67623669316018,0.0,43.169061089670734,-3.2830648739833954,31.43315658297928
61.35376094323674,0.0,73.10024328182061,46.958866183015076,95.43394973742505
53.380862268713656,0.0,47.63626746841508,-3.580627784079571,45.44779642696644
56.37250138563665,0.0,46.49693884305086,24.494511307360277,21.359583430916803
54.119141140962796,0.0,51.821601154176044,22.75446429184271,49.220951336398585
54.65453888701607,0.0,64.1038846682866,34.00778415661566,37.74500938840153
36.30633754701154,0.0,30.683397939007534,27.217515105591694,38.49626749130083
61.67064236825178,0.0,47.30795384784377,19.6609390248085,59.36394280135271
62.97714030785121,0.0,42.39242647690192,29.789137958641838,47.427700551247796
48.02881871790253,0.0,31.081724246592785,38.96956104786464,23.836677713790447
50.015335838559935,0.0,55.10361909438166,14.272898772248768,45.54729698330111
34.11977750148117,0.0,26.942473776651752,-8.572477910727732,14.986456674506286
55.97478380105723,0.0,45.38556501895243,13.048802008838884,55.18378458378912
56.59241427445135,0.0,44.84504873036072,0.4214206437010013,52.60090629186141
49.815373189149405,0.0,46.660508040260055,20.3209618157938,77.65615846711277
62.49378002027054,0.0,55.687026437224674,37.049301663164634,47.917710347016715
46.91022770970824,0.0,40.0153274569208,11.779140502192535,32.97923376856651
56.51279369647464,0.0,66.62052853165777,-4.079724593034882,50.26264215847722
39.584625364621814,0.0,51.98034126455296,23.85549219403574,33.38257306075494
50.2282353406007,0.0,29.1300291099001,-9.722627947753384,48.836631150101596
48.61689192928839,0.0,48.04914584399193,-7.362274529610687,37.0603130391929
52.88734300648052,0.0,40.559389763365616,14.256687416592666,66.13851496224989
46.5314423054812,0.0,39.906338064702766,16.824707982912678,43.710949696659156
49.07508900135721,0.0,48.305665063379706,20.6247616010667,34.87603548157982
59.3063331022537,0.0,52.83733422436888,19.365558097581758,40.91186394201404
45.81300145589813,0.0,44.26570814277164,37.6837111555677,50.204116430734146
33.313373385632616,0.0,36.6635992822992,6.930467482309886,25.671694806631503
69.17446332116249,0.0,67.90355032274327,40.301165768170264,62.41428967679483
65.24094023889849,0.0,54.07623093676233,34.64865386643838,47.624012958431564
36.67187053515407,0.0,26.18547778329166,-10.360793259645511,23.952964402598077
57.84952627274925,0.0,38.422342421092566,17.10514648305238,36.70474039323495
45.10553185407522,0.0,32.09612361440852,42.41406243078519,49.98013317459148
53.29529455240902,0.0,69.94211620080367,9.886839609168803,59.681539043951176
53.623723142182456,0.0,41.12287780920303,7.667959750251773,40.07330563974624
47.97521071010235,0.0,31.324457239876118,16.47380859044532,32.58689275222088
42.105238505485495,0.0,41.56845759252627,4.241828743000908,34.69965074284574
43.10135765345261,0.0,37.99432230290585,0.2068964640244424,33.16201915467976
40.69024391782771,0.0,34.72286662522203,3.2561222194739257,18.44517034986739
41.59174705045396,0.0,52.58822874732891,30.741216279223305,12.766771568123314
49.7620834193448,0.0,51.518773259240035,13.126979573654898,32.48246698578407
42.83188948457351,0.0,33.289226501443,-7.471361201460262,29.995164273673836
57.76772353340027,0.0,49.08452436025808,-1.8510309095099338,38.636952530891165
66.37134464126768,0.0,56.71354903214973,55.277944721973086,66.98779057932215
44.28193668982339,0.0,49.578393975818585,8.893186260331909,34.78538393320238
53.03796708811054,0.0,45.667089998689804,22.976478540050277,66.56773171613979
55.819104924346256,0.0,32.68687932967447,7.511055128143463,34.37615672947569
55.52330958218424,0.0,50.85900869321571,22.741688423537987,48.4179508943108
51.291487219528875,0.0,30.947380087655986,36.4570668727725,33.77733957088634
58.41556805751507,0.0,77.32505975300185,10.616555086157131,62.386399362255105
55.632796932655324,0.0,41.259757189810344,24.740883794420743,57.1411151985303
37.25528274026681,0.0,31.70391910413671,-11.630716839610539,34.43171888283116
59.76695816903197,0.0,58.273065819727854,49.056247684693076,26.815335702887662
59.960730970802,0.0,52.6769343403562,24.441337256645788,56.85723256608974
42.324065728733714,0.0,35.329289060186085,5.147366144251343,19.209508770468272
50.88526518105638,0.0,51.27561487065761,11.471912519212047,39.361317140109335
57.78136769333514,0.0,69.73903974611221,12.272190721208728,62.717027743833505
48.243343704533466,0.0,52.33696994778351,7.7507495333516285,27.544608747703073
61.94482700963398,0.0,73.32608666924423,-12.741583448098375,72.8233521617441
75.73823018298833,0.0,60.16258161233034,27.947858708422807,60.583509666902515
42.08151354643201,0.0,41.5179971756382,8.85988699493399,60.61359218836724
35.723222367061815,0.0,33.5537119878655,14.222610707354566,27.080669206658655
53.72624147453008,0.0,53.31920798494196,9.858860291885545,67.31367698635265
58.18989857777788,0.0,68.55349470424909,8.818820404336844,69.01682207488884
48.013051389679205,0.0,41.65303434728106,13.981352335097437,30.48117386342662
66.0082044987495,0.0,57.38393715791112,1.2599198049338796,40.43711374408632
36.17668742560233,0.0,38.00692709194261,9.606852204880033,29.338505046923412
57.88383434832598,0.0,34.87427376372688,-6.720319742788032,36.359374843235386
44.00617878544439,0.0,37.54515460799474,27.682965780821135,53.50788719806778
68.85170764608986,0.0,63.049303031898226,35.18609512710327,57.501961232985636
71.77022273991093,0.0,57.59888288151815,14.09609907906697,57.42286957595918
42.28805159964435,0.0,49.54802467708427,20.261044293365742,18.682356369958693
44.60779220719156,0.0,29.402627105248904,13.790841700337293,37.017984734727605
59.6647207405848,0.0,54.00270336579393,6.2759209329258585,36.135404300966854
46.34334387412505,0.0,45.45035042236131,-15.332399533003898,43.50019206240377
49.99466789001685,0.0,60.25826081563353,19.639088719447205,52.50568316430338
50.75117277729792,0.0,46.56859299379606,4.403013305484221,32.34183082016687
29.967894492714894,0.0,36.16055471641918,19.60342804274316,34.535810185280646
50.33203523070506,0.0,53.681671177797305,15.563159758462987,40.10096526417496
43.11004765506388,0.0,40.477036788298705,1.5380049564922835,15.625488506820314
45.21080141598932,0.0,29.7066698197724,37.88534228783426,51.62866688127593
65.90532080621794,0.0,46.39371454063766,32.04738396200968,41.750585606717635
37.05392669612553,0.0,34.34576820222509,-43.438293630440334,33.813977218120655
59.16911454588322,0.0,49.21084982067184,13.368097483893258,54.27537787980913
47.49913238065963,0.0,53.211320056933616,-5.695626592499234,46.07310965748996
47.4906137698248,0.0,51.3680800109204,2.533316299076457,45.29209165144661
58.925137367798904,0.0,52.76013169971127,18.04855441687216,37.738220157954935
54.113393364514316,0.0,37.734393208397016,22.43272019500467,62.71604891756395
56.57698016570272,0.0,57.81014758094329,22.48062647513765,61.511520465192916
60.82509375527558,0.0,45.8094774112883,36.32127645172724,55.13110856732718
46.93981326883548,0.0,34.90890044606438,22.471795723434667,18.60437372970157
43.93805117892251,0.0,29.620815160280564,19.950472458131877,19.125165305407947
38.884895503889055,0.0,33.55270678425776,11.913542494717662,36.85622657143896
41.66025680611695,0.0,50.12814683513964,28.73260853254212,10.789741183235712
81.99141537219091,0.0,77.32953014738662,28.308178868501656,79.22098468151043
63.77948396049617,0.0,54.79449255757878,18.665114516553,37.57422965912326
36.04345889949203,0.0,16.08252719441492,-19.3401093352819,10.34288031872122
36.34922957972009,0.0,38.3684868491625,22.563703456706023,10.5489673126702
55.62870568458663,0.0,43.216086748094824,17.1923804443742,47.499552626922565
56.327501105217365,0.0,53.404154939700405,59.99978402317427,61.984161888540186
56.34480077143369,0.0,48.4295137596359,12.955324471869877,50.90020652493301
47.75565228236463,0.0,52.60544188732381,15.197662435098417,46.94337239537983
49.139395831798886,0.0,43.43247250114044,22.411096380631697,41.60898628966386
53.98333614953331,0.0,49.233305579288476,1.8445268329833393,53.50866008653679
51.39767346303063,0.0,52.45556764555488,21.00359260926878,49.8087842905576
26.76633218864222,0.0,45.40268793246007,2.902395348059624,-10.952750976650321
48.02444970348835,0.0,53.401538438933805,9.817711045431512,52.988705103334816
41.382486621666345,0.0,36.53527195413475,26.97075479718709,41.47011326158193
52.35205426388411,0.0,48.28746357594961,3.740270833005958,38.926235248863875
82.3778393717948,0.0,72.20888040630214,36.851235404050236,49.09660511491495
54.406491042651595,0.0,40.220391311904805,38.10329496927261,45.60884851602455
47.12978134590511,0.0,37.272337809375564,3.6480129738135005,40.18181994810476
60.32948266331478,0.0,47.92331631676608,16.67627169719307,43.96301856506694
55.63748701474053,0.0,58.39608290687841,51.33042673441598,51.362272566675394
54.96866706623994,0.0,39.49043171371642,24.598594008481445,56.171521538281596
56.964184381218786,0.0,66.89364801422776,11.877197823066517,82.54996868894722
72.45437390352285,0.0,75.96769273750309,38.833893974175986,69.09461407437222
38.39617900388198,0.0,34.754877659900366,0.8002152088119789,32.806713636156445
55.54072430561105,0.0,51.39078627225807,-3.8242087294095626,36.553270087904
40.581370613767135,0.0,30.788690735528156,29.34541821272636,22.856250583383254
56.41563062374971,0.0,55.105142242122405,3.1649519223144083,46.93427860110601
40.66358878073773,0.0,48.279898323906906,44.60040744520995,49.17574825945154
46.02026587271265,0.0,34.59041107459818,6.100201618678488,44.66290844718018
47.326813108910315,0.0,27.089392971571325,43.77498310788792,57.254026440556075
60.90664346252793,0.0,64.10203605440289,1.8902531670623155,36.20293630495378
60.29371883999701,0.0,59.49086211412543,35.29112542686773,36.41410722492056
37.16921433244441,0.0,21.47878919297897,15.17323184124517,37.432526866724
51.06687296603758,0.0,39.23023376146688,27.574485783078686,57.80404617978225
42.897925158615294,0.0,29.8716576095066,24.920735346100884,31.028467370957827
37.032577587555686,0.0,25.531221077124698,1.0421204725998203,-30.941700675055717
48.16103351330007,0.0,40.70970830087474,-4.271524983735883,28.656114115283874
47.183708214325016,0.0,40.353778162852635,12.917601738471673,41.26672588118679
76.40972777678064,0.0,65.01092084452209,32.84026906985514,55.75170006650501
55.10613512320666,0.0,42.937849302751054,11.340123449060332,46.25303767995761
35.75984147657028,0.0,29.526110789099555,11.267882354853334,48.72975828430571
44.44519765928703,0.0,42.257266530127396,16.77502962820651,53.354896593077
61.39352924679751,0.0,53.79261959580408,8.620899227302377,62.152198728787866
72.79522178499313,0.0,80.60530147984234,33.27671024663863,68.12265489586663
33.53342114271271,0.0,35.13516760426771,2.367615696970264,18.847161718342498
30.392616146908413,0.0,9.838703312253838,-5.4569622845317625,24.40799111348047
70.47144063404272,0.0,71.6029501681864,37.52920405121491,64.73405432498414
54.6429802928556,0.0,56.912641923010455,6.785560078031825,48.564514269506205
41.202053967632374,0.0,32.69540697863212,3.9124677901838085,10.806059814313251
56.19248661185233,0.0,36.20663396471915,19.60155412220502,33.818527260676774
22.31652884690767,0.0,18.820390593542474,19.334714614459887,20.856176320694765
50.515961449363786,0.0,46.36756344472365,18.183130675738678,27.71429306194767
53.98271265685891,0.0,37.98759867730246,24.81622605398612,44.897353484753424
60.35586043048616,0.0,40.7637069751047,16.68010753455818,52.4619747292419
39.64626144917003,0.0,34.84006610530153,8.386573156304687,35.501705014762294
51.3954739791259,0.0,44.84721787147965,15.261094325098167,48.66585563767363
40.591591003408226,0.0,32.28030388755089,14.145332414922212,37.40967480391418
53.20870785555172,0.0,48.212929507277885,12.77571665743545,36.29732152702068
40.91298224547964,0.0,25.342478221034213,29.071605218284592,9.400262534225625
46.11927421659665,0.0,37.527091937471305,7.791587941801165,24.502366442744616
39.83945495142443,0.0,41.599716693668796,-14.459044968823026,40.930545397459404
57.43738326090445,0.0,49.548247659549624,57.92094770341791,32.744454342755844
59.652574177075486,0.0,37.73664007949567,15.874698848210624,32.867405582685855
47.972937234180456,0.0,38.94811572208807,32.573595945986,24.200937040509558
50.88847243102271,0.0,35.491426819229645,35.46703274458789,15.408142082977598
35.001474430128546,0.0,34.028344462636575,20.25952782970761,11.496138573059207
47.27780316214261,0.0,46.640459926126084,10.896299922325445,51.54238893922229
49.9434496927046,0.0,28.334268972935273,19.19170104461272,26.610128084049663
78.48346576632247,0.0,81.96673584976176,12.877156847844699,51.87476643222381
38.59835713795921,0.0,22.96811907478718,36.96116958446261,18.837705622081366
66.12484976480106,0.0,78.28775510896986,12.04160137897796,69.47832003411268
61.13148100582618,0.0,56.36582795325909,17.722770702086102,29.78171565394294
53.47853624249751,0.0,36.17209531950539,18.48956537622932,52.543301839462345
69.27102055046207,0.0,52.79755883694332,24.260049152363084,39.813681928323916
54.455897123939394,0.0,54.004603755924215,8.375401028709907,41.85845347446663
54.638118744275125,0.0,46.35983217087792,37.38051280664135,39.523430665804405
49.912291405533814,0.0,44.83311515116934,28.525717259313616,33.52193586167682
63.55391294352943,0.0,76.32820881538042,27.170171360023865,59.73001225199143
62.19583389941264,0.0,50.528984209193894,16.2552487447013,61.40092977709515
43.79443682943437,0.0,40.47778251827221,26.769813823606988,34.00598702315341
36.38353706075772,0.0,47.58391972996897,1.1543360734935648,23.41938714357064
48.31101471779336,0.0,47.14455296230324,36.384082455914424,45.70965929982622
41.931360110818986,0.0,21.012126564421337,12.315771818597975,29.77694941912123
49.8011239235353,0.0,51.094334897186506,32.40326846637143,33.9840587842431
63.70210800988632,0.0,47.10210383182138,21.109525306041917,52.32904075400812
45.59355602779553,0.0,56.49747772480447,13.769207473105956,31.3571001673925
50.022319317244374,0.0,37.2568713164022,32.46338879131215,27.513497190435412
51.09987538040689,0.0,78.4446480002137,46.70342134518005,61.67932458224463
59.54550645049541,0.0,70.85020542940032,42.41716238879634,61.38226439931821
26.471539948730925,0.0,14.389234286452984,14.61221757788969,22.93432924200713
43.99720887822069,0.0,40.25434667491346,20.18782817164623,42.53100730849907
52.737491982047636,0.0,56.607061176817,9.543669854481518,35.18982698380376
63.30291951760954,0.0,67.30826397173772,26.65432593759869,70.112552261298
45.22384130702816,0.0,45.92864257942097,-0.3083729419785044,33.548473351941496
30.428643050015644,0.0,39.957162353403845,9.722113090309573,35.69776745989903
57.10160454564255,0.0,51.62024414796026,25.286919281861508,46.54169837983151
43.69095005114892,0.0,35.861187467160335,-15.916005728898565,36.94658992825813
37.76812475810464,0.0,30.25037873370455,9.006309720386147,31.07667423401392
43.80866835948025,0.0,48.94009117148827,17.626504550920238,47.239635143430476
48.508212184053065,0.0,48.34007455359155,13.183438924116047,20.111750269967338
44.01810508413894,0.0,43.14530579819874,16.940835684093177,15.818017217554463
26.913085436757264,0.0,31.66719328288198,-16.41246678317964,27.274529144536498
60.06518217263127,0.0,34.13093965242389,9.781420604027426,49.52927324293999
64.10212704124942,0.0,63.08244048519818,37.51727297829434,47.26624839506944
57.44150505305329,0.0,55.56825280068063,19.280740868898963,54.107377487557365
38.32354951476166,0.0,52.1249335117484,13.555129369876909,16.26943640390373
48.3269260142414,0.0,28.123127493805683,6.562031524805343,74.9975857218602
50.4102124054182,0.0,62.82246152526786,15.683069528840758,62.731668079340686
56.878102621928676,0.0,53.499712225091415,-13.476102734524424,56.268783171107955
57.621213251255064,0.0,58.60630469396621,31.293154277110073,51.56210013812429
42.635135132330596,0.0,56.437554937207096,36.61202795620268,30.73611006044818
51.35602861927857,0.0,53.2083960722069,0.920322640059398,27.820653934502456
55.3660042053653,0.0,55.45217018454548,4.881182060492401,46.5111292150375
66.03557621226338,0.0,64.26542933507274,30.20861394962022,48.05852893288054
58.007652998763504,0.0,48.695996731924865,40.353223702015704,37.90945790749512
58.9110841633932,0.0,54.398312720312354,20.050794481538734,32.649442130212734
51.37559389645382,0.0,39.72282254636921,-1.3841891306252272,43.221622467183735
65.55086377870396,0.0,60.75369093020011,20.78973565938696,52.648889818546415
54.858271341830246,0.0,25.999224494017575,3.3395275800081095,45.30073719390236
41.279038581503045,0.0,41.91103486966101,0.9648297894158571,38.7243273470029
65.4751148665756,0.0,59.86267314895862,19.403425312798607,59.8907935907222
57.937096085179256,0.0,50.18502762896182,6.449340179952365,81.50552950723142
45.745901011511606,0.0,44.0865222539522,1.8829393816371844,47.387639422332356
45.35643848621991,0.0,26.209254544620627,13.681176843186305,15.658116367889441
53.64884838054009,0.0,69.94253155490301,20.218493382842667,56.728588134507845
55.429093516005125,0.0,50.19027885169829,-1.8995448310637677,45.71238484553317
52.58799146386013,0.0,46.9422584142436,22.190921442226838,26.47716177734234
53.80627409351864,0.0,39.4675451912458,11.892725462758687,24.14852911356368
68.64419631681032,0.0,64.5187532702314,35.5792298100536,66.5260190061847
61.92949493301013,0.0,72.34224651450525,32.7377307512965,66.79178957920666
52.516863887511576,0.0,59.37707039720389,8.892674964927306,33.87429723878287
60.537940132436546,0.0,65.3397966290612,29.62880462272985,67.00582242588152
39.44721896176583,0.0,41.352572136472816,-2.410861060566516,35.00000460450388
54.73180459855129,0.0,46.79852529931866,36.437455307552376,59.751120526748785
69.81260671985022,0.0,50.06887008108761,14.810555023001553,70.99027466295242
48.15004014859768,0.0,41.99665263313324,19.1370253651236,36.3406570922386
41.42279641725813,0.0,35.0166101722986,7.825262583472344,51.45680276683841
43.51222486139108,0.0,50.66367802737055,-2.712409872189278,23.35225129343321
38.83699919553366,0.0,38.2449661842204,21.743249033948196,59.87013254882427
42.09459350266269,0.0,55.23326078188886,2.1840668297583985,26.71041739538437
46.52095835765088,0.0,55.19402491327002,-10.6859439806157,40.465799907780934
35.4611966283655,0.0,26.823095432934352,-33.419764246660236,16.904109648882464
50.64677791856902,0.0,27.58266628286518,3.207557356871053,31.165911529315654
60.12086225203455,0.0,70.5500901161496,40.134048344559915,92.64619255001162
40.78038103075251,0.0,51.26534535613968,27.83953004436208,29.693376690775743
66.7136730602133,0.0,47.911598968778776,14.242326697383325,64.9812848852827
55.937784673154425,0.0,67.7475564921445,13.16957018294306,49.156250278576174
61.4918036890391,0.0,61.27941716310409,14.947291264917776,66.08857031283809
43.450831555679095,0.0,41.205880337795385,-7.206688223342653,27.679791155801865
59.610625450700816,0.0,72.47398308493456,7.094203112781141,59.542103615278485
38.81241412445134,0.0,49.17570111170829,22.8603633320958,41.17330255641807
59.992323369983175,0.0,62.65441032572454,27.77519709574696,44.654211541269646
52.316023086525846,0.0,53.22552562424344,20.3040509116693,79.33894214287943
56.39146693974643,0.0,58.74584755862825,-0.11882167113871489,58.21609060402863
37.91848678607673,0.0,29.835290288754592,9.962130463076083,23.961537784865065
40.91593647718362,0.0,36.43127860609054,-22.274554951285094,22.377447913049657
56.86136784369046,0.0,43.13752498568516,30.830328287043635,46.49481103169027
40.34665122704578,0.0,32.93080673806885,13.521294499897621,14.405054845314291
55.42932321291418,0.0,47.39842104460483,-0.7897310603088457,67.78814889531567
35.87181860133279,0.0,25.3345876538013,30.196332570399875,29.2311539608561
59.54276389750273,0.0,56.76754969940159,-4.883409304278661,50.43774112143335
37.310194884851825,0.0,30.042466450617777,15.681634508225304,39.434065664577815
56.38130234387252,0.0,57.52788660660655,26.513295658406278,40.33374676467458
57.164855170313764,0.0,35.817124157893176,1.651640451332188,28.936881645365066
43.034780971455625,0.0,37.89725261676345,10.82153459362721,31.526334956242113
56.698935892742725,0.0,53.91769704203566,-4.2010263262401715,50.082206834191595
53.2627587779718,0.0,45.86175387294082,-23.13401495562165,50.035850764087975
44.7222865979577,0.0,38.93100964555429,-2.7657901031355063,16.331831881273747
39.70333371107684,0.0,19.048430817627832,0.8347252502110667,19.189253766016886
29.5089401292752,0.0,29.57569414268842,12.999896929300428,-18.239217693168072
54.21595749491246,0.0,56.93804454073946,18.449851953875562,32.740961678114935
33.7597384380138,0.0,35.20362558230009,7.575665043773397,34.1441198656043
51.498660896880914,0.0,58.406134250882516,1.7116917635867601,57.8539530318082
47.664909458162136,0.0,45.779619793721444,6.430845855783713,24.837004753060086
57.73663732507296,0.0,58.6106651673546,6.330686844852879,46.656218493356874
47.25249162436078,0.0,44.893491867384675,-3.588984984498172,38.82638068595698
46.95969402854264,0.0,50.229339175175696,5.145796773699697,53.35521218236364
58.30004325101696,0.0,37.409901738597654,20.794530397112744,63.80580699589515
54.06003956463474,0.0,40.47685099771216,9.344848947639111,44.30481268525126
53.85806805628838,0.0,66.52538323320942,12.744582725949318,46.875156863549385
55.49408909928337,0.0,25.306657308708516,27.994903275761473,20.879739682633527
34.07207235191551,0.0,28.804971846019598,-0.6273452430373299,24.866842087307173
58.5662956048896,0.0,66.76525718602159,1.0930673322183146,79.71399876276541
57.024215709809305,0.0,51.858543275661496,26.983337094698562,64.22057463231938
39.616480047372555,0.0,31.45164325289462,13.222513908181945,30.757524751751614
47.871856726579836,0.0,45.22000047069827,18.644669528403316,42.86782937991231
50.059889312139106,0.0,42.2643933585009,24.034931874162545,31.271056614130046
49.04277508558526,0.0,45.327731957790775,21.091670828191287,35.55452927916584
54.04723808474256,0.0,42.68848532560223,17.812069247285994,44.89637535734056
65.77426505067513,0.0,73.17618753002186,57.551787626998305,63.16863448960959
62.03873538890681,0.0,72.83376593730358,3.6919417997553303,70.93393713626477
36.45863232035893,0.0,31.222279912187336,-0.5228499722358357,38.09061355001677
57.12680595003463,0.0,38.275160627698185,32.731066722991514,50.57878675029908
64.67974795260236,0.0,54.82614020673054,25.26001725484321,42.41923811946934
54.6130014252022,0.0,48.52879603514657,28.398557281372103,33.25655418289341
62.13718514583762,0.0,63.219669046281034,24.245525666442582,44.39859056749117
71.981308903225,0.0,56.87882516382291,46.62631921973038,64.05628746067035
61.41838558850416,0.0,49.025081376768775,7.260843885726903,25.33779477839754
53.143793848154445,0.0,54.43542031228784,35.82818585266284,45.84003163759972
61.646822680111704,0.0,67.32341915532552,38.08515186288203,73.93079871443047
52.0280421451698,0.0,41.357835875089535,-0.7574623065504511,49.42466793520006
50.73530129576312,0.0,32.55735628390528,24.474147529441986,33.06584567488052
46.724979181686095,0.0,77.47405634982972,12.776500641115291,39.25369994615131
67.18520277581204,0.0,71.1199607272022,16.07996966052176,71.80561005024352
41.73485908347432,0.0,34.99387783788282,-15.973268322575645,35.093859432233
66.85347546092406,0.0,71.70105719109921,10.20136542257294,58.593932580230216
55.82101771010658,0.0,50.345955360080175,28.360551662295038,39.382240720241356
35.52809470117383,0.0,40.894976030297904,18.697689499928423,29.250501097745644
54.408282168124465,0.0,51.96107062811234,14.6364021201724,42.35692741771857
28.040791547672278,0.0,25.326563644868003,14.627055106477997,27.626049406234422
57.16354178548224,0.0,51.78044409771434,32.44019321305613,63.691938042012126
59.93872645765297,0.0,40.394362471925675,22.82426173801402,29.814806984067328
44.150480319682515,0.0,60.701017603507914,1.7892168408456222,25.612612850995184
51.80001953953984,0.0,37.74831688919378,22.387368680904387,56.659673287279276
71.36036254668531,0.0,52.54379347819769,33.78474883763778,61.39674485787533
45.075913321488585,0.0,38.850349596830384,21.97368440075558,20.880506380986347
39.16530529717333,0.0,25.120084163899406,21.42325275823703,38.58411353919247
66.31169207913393,0.0,61.425811071214504,4.952493756662811,62.40705439582542
71.45043577785484,0.0,74.30083210959141,19.786090258935346,93.48680938146325
50.51938246368109,0.0,56.984220313417424,-11.286340934158229,41.73895254713493
61.28752976218567,0.0,65.65632817705605,31.912822845878438,69.4062504110131
64.81376749527507,0.0,57.26683842645153,20.33257838435055,37.64822844552372
42.54633688575435,0.0,39.14142300041752,17.157350728690382,50.578028126543636
45.294327109352366,0.0,45.63330878402689,-8.198013247344822,49.01304951260424
63.63197471722783,0.0,40.73950739777396,42.41702776726568,69.84589086968518
68.4845270685104,0.0,70.14604616529655,8.511595967146317,76.31326849410736
56.49436110733144,0.0,36.904331111651665,29.667020045734176,41.944070538903354
41.078943691125,0.0,58.76431344062613,11.94211974454486,23.35128208997763
71.71194334164899,0.0,62.99996781390566,24.4459947540254,55.24871642249491
44.806388983378405,0.0,38.88158212752778,8.521567417092273,12.825591127733187
46.89889556987857,0.0,34.74971810842035,4.487226587803152,23.66836715959996
54.13782539075433,0.0,43.34267826771719,35.70847063582326,48.63734546407841
67.08633372706713,0.0,86.79747358403192,24.75110907485024,65.82479322530956
59.60475662555663,0.0,65.33195653737131,2.576158964563831,51.38655810010837
54.912794513161955,0.0,34.37751779996673,12.472302058768038,31.30161124838189
55.43020193863399,0.0,67.19551553665657,19.97580437489871,29.414462323515735
50.94485449053757,0.0,59.49685093038322,28.353756967601363,48.0363589879106
56.4436991090753,0.0,49.29921935634549,10.204213286401538,51.628244270905086
23.451160131617403,0.0,23.095427862394327,-6.986180924116893,1.2601080604131898
47.310597911958354,0.0,43.140805455228026,14.035050991734735,31.362048100901404
53.05845516561806,0.0,69.8205801302591,29.17180697623543,69.76164020246993
38.18113339599722,0.0,25.90070810052687,-10.600605205319159,40.26510290999758
54.60781695878164,0.0,52.015564381243784,24.836602599156524,27.78031865543343
48.29508760579983,0.0,39.736091963186745,7.706511600675151,36.68852590352867
69.23741803583546,0.0,49.68476410679881,21.183794775649503,74.99264488441999
67.28784825923726,0.0,86.12302491339251,52.88962697219326,63.66985076576443
45.50269041514053,0.0,29.019481171709558,9.942672840640247,28.999073497414336
48.868169797629946,0.0,47.15898125935454,25.19575714348563,54.07267480677366
49.689752682153284,0.0,27.21804438841056,25.14309177681603,47.34485478336434
45.65384356633776,0.0,37.44795853517708,-3.8341628520813593,46.69937000837221
52.56376521566839,0.0,52.92672430679518,-9.412714891285805,41.746110973186674
42.377534605628014,0.0,29.723910172375938,22.562689841248947,38.44506858225004
38.399097122999336,0.0,40.750009636240236,-6.461758869244354,49.114351134410725
57.13365762835344,0.0,50.106093654434915,-4.347586849165303,47.046908372015196
57.206512843685324,0.0,65.29986380056636,33.60385415963859,47.291612660818465
41.88565762999377,0.0,52.37673751093728,-3.6420358953485703,52.007997337930874
60.046902376828825,0.0,49.60744071273799,9.818536588763457,75.2858639259846
43.731389714279906,0.0,40.5932710602906,39.559935585168404,60.901673848746924
53.18500265774893,0.0,51.0134447229157,-6.455048843088619,40.238878129705824
59.245393984200696,0.0,61.5819245516005,2.560939712722316,49.34525863645074
50.12073829126487,0.0,46.212892976491815,8.77136989926533,28.261631134559178
55.338869342684276,0.0,53.20173763147568,14.731485327753251,48.70302131420212
44.9617644894968,0.0,38.41493878104886,-0.18038356854308546,21.3791435203713
48.38061837352723,0.0,45.56994214557223,-2.0344365208182467,33.00397313330876
48.28025437229505,0.0,57.98596408490526,35.516076307010294,52.01245640825464
42.502590655996435,0.0,45.41016074713559,14.768335732453899,39.88537068409238
48.591034874650944,0.0,51.97762104801018,22.654560005217284,19.077961867831306
33.932671984099926,0.0,37.802370090745896,4.418768486945161,45.736542345664574
45.23184128410084,0.0,39.62843894935176,16.64129027060761,21.793225195859648
47.435955746839646,0.0,46.79578096479973,26.91987195092591,27.229190027197404
47.742574095227475,0.0,32.24078933417392,-0.09723342892850795,19.58642326065914
47.89945677086497,0.0,57.30345644445822,17.760459797126146,34.5076349140607
49.819933795089256,0.0,16.317387460981987,24.892340345532645,20.62851606187712
55.602799067732725,0.0,50.526266859630084,40.03089567141545,35.73189128729568
59.82424137215146,0.0,67.66951831345462,48.03120652391599,24.294457040657033
43.53705353995777,0.0,25.158665684863372,12.615396311106307,31.299867424646905
37.623509815626974,0.0,38.008811608595174,24.426240848520358,31.927894464363643
39.34549088055105,0.0,28.26743230699936,-28.299748747592936,55.41756055340741
45.27405645923774,0.0,37.39497883643195,34.45981999092882,40.78781611851364
46.71956093242285,0.0,52.72747673575276,3.1511284736477663,34.27187613334366
42.25236876572496,0.0,40.42348707081155,7.527447696519381,18.327767266131268
36.63069028966285,0.0,11.276446180336904,14.051187458412466,18.971157472745084
45.606173350132416,0.0,31.29186826908922,10.60586526864254,38.72474236302899
52.418464632477296,0.0,58.63933672472981,19.280431328558365,40.35200595799241
56.837873840248655,0.0,57.41269467020825,41.31414879592829,50.4169519021671
44.52374368755564,0.0,59.057815848713865,6.758936117946423,64.3853501030627
46.06694920986572,0.0,59.881505303887394,-2.2951907583589612,37.3416755312177
40.57798150942609,0.0,33.06074985605862,35.559380863933974,6.249214308881541
50.1439613396766,0.0,72.57136540790394,22.68501463541911,60.011689052996324
41.414304867556524,0.0,37.76315160673396,37.55183549649659,35.78972580643314
56.60385135674259,0.0,42.24583675755939,30.982290021484523,23.55030627179322
31.397639017503614,0.0,20.955035462412624,-13.692355753597933,24.42566796336467
46.63719599270522,0.0,18.757748297368263,22.42929408318367,17.66340327453658
53.69727128808001,0.0,66.58024536846501,3.3494457432868874,55.530066934793744
52.444193369079144,0.0,65.21903709095311,16.630945775837805,72.45414155151344
79.25536725726897,0.0,63.94839201613226,30.194395209174836,66.63162171208134
54.21756002479579,0.0,47.6756820382459,-5.294709420430397,58.21675039901914
39.751417826465094,0.0,36.881518593424474,-1.903426195487473,14.988845852808753
49.45984367345074,0.0,35.249283911032265,45.96078079379262,18.314421175832937
31.500431871450303,0.0,9.189387779967667,8.374896801308381,40.78435742402046
49.61867308937904,0.0,43.34140274924468,12.49890642557958,43.69496261959949
41.57856318899621,0.0,34.2680741172512,36.101205692517325,38.88085914720641
60.260977735570954,0.0,51.916483575098376,15.238626287987607,64.99772971847761
44.607972372881655,0.0,42.99947785903495,10.931257698461835,29.31515260819463
49.232232108891225,0.0,60.31385623391811,28.723008368717124,54.99577313672249
43.688861610667296,0.0,36.53237779936442,6.067360209347096,41.64659820128825
69.05978436965538,0.0,66.47733216942642,15.1382510419822,45.61928228136478
47.04736591553734,0.0,50.73156184819317,-18.19896064307932,59.00278493871273
70.06104391290017,0.0,71.52145252594795,13.011434566046946,80.38983389055494
59.17922884744226,0.0,48.46181964394638,6.896627195061557,32.71790397339439
55.630849827172106,0.0,52.495796911121595,20.512035875399864,49.73977436921846
54.419863316170684,0.0,56.079598076182606,9.009661392750887,44.51135608435304
54.687677574250976,0.0,38.609481075380934,48.169259929744726,60.01370311847569
29.88241944175085,0.0,39.54075603901843,-10.777211208411432,5.946310311081767
47.4999822368309,0.0,58.633315265933355,33.54635904486624,87.82392165785487
59.51053489927936,0.0,47.64085470004447,23.50648203279114,46.5691577945535
49.95741981889484,0.0,47.94950867247249,26.528293699005385,50.72578457970411
35.46522677246274,0.0,38.45365300048753,17.70741874844751,44.828393359098825
49.91994413735382,0.0,40.08999555349458,-16.119676428482812,36.65276654431663
68.68851984050325,0.0,69.40508935971286,25.29112042400183,60.948274195820545
63.803120956701456,0.0,61.2350872088218,19.073730048194278,49.882545562689074
49.81737139410614,0.0,30.2298943736685,-0.8829820653766287,24.981730402214552
60.64627364175589,0.0,61.26367641523898,27.510878492419387,57.138068537097624
46.5637104859743,0.0,30.923824225438757,37.483256960807,32.05875481224708
32.273767028638886,0.0,38.459006957207784,-32.22624768386375,18.703469631206353
40.60183419524971,0.0,29.603262488474066,2.4862341119915072,23.14238198546908
67.17959744854754,0.0,61.11934408175642,7.069730230105989,65.90803545212071
47.552235966528045,0.0,58.05708524967889,14.849123158159273,32.76831590817406
47.87929887392193,0.0,49.11027510900798,9.428864337153705,37.1823144902033
47.27607699436863,0.0,31.84263258626014,5.150890501384984,45.78950353026221
70.82588223151271,0.0,55.67023697389268,36.344875226788844,62.94954394509004
67.85351154421866,0.0,57.14681041388541,48.05149872776962,44.92874260502781
74.18789734164199,0.0,73.88955415506568,65.97868123233128,67.66408890564092
48.78047142637328,0.0,48.53483481800936,4.090086300870178,46.23731865369601
53.638686198565864,0.0,40.59688579098582,-8.476440573614074,54.45521936911267
34.2743377220787,0.0,18.13629539934226,14.420273194002654,11.013219777391765
66.26116224884957,0.0,64.90290066447643,46.814254650813055,52.18474764559118
38.00199182851408,0.0,32.226197933154715,20.05518316122253,18.893265953578755
52.79617346272801,0.0,71.5165248914067,39.35574281061751,42.76735812079012
38.755049527248815,0.0,35.27795313923038,5.825342384857327,34.12794339017841
44.187762191909215,0.0,59.42723183562477,3.3986694111314186,47.97680672411121
41.53361744358968,0.0,25.2370508318374,12.156573154708907,41.28169866072999
43.98465418906057,0.0,23.383393639630178,7.218913194734349,28.345906961178056
44.71928570558662,0.0,28.90012095772081,21.624786319333552,14.177184876689736
44.6215583262213,0.0,53.23886737627436,25.892615488657036,47.37143233610616
59.384193029188566,0.0,73.74679755657847,35.10959183397726,58.54318116337974
38.67426694318604,0.0,26.53466617954232,16.15351712673837,27.11111639205079
52.83641228337415,0.0,43.85619974232272,20.205820498542675,26.458717864621214
63.49397212549285,0.0,46.834293789396405,33.793834603069975,49.11571722524959
44.99631257054929,0.0,21.854743416108036,-15.228844792607212,14.898076690508672
42.80882129277729,0.0,46.47645929587261,14.198017575157955,41.59155598875326
48.01670302605052,0.0,46.35276100001661,14.832423400818444,34.16926703355102
63.085436629020435,0.0,58.91325491245827,25.377180051067526,48.42001144447566
52.553963158774074,0.0,33.637460419699025,15.351787367917568,19.979655309163707
44.80378825165981,0.0,58.18835347008696,18.412695720381805,53.47426502314794
55.650189138355586,0.0,46.16876258054518,10.191095424550008,42.1109268334246
38.70173465638199,0.0,40.484766598853135,24.890368258702175,31.69436714277909
57.76032347518661,0.0,38.177476023611604,26.12241069230484,35.35714676497851
54.84592477434768,0.0,48.688544781018535,19.969595983276797,24.88151415561017
47.19091339724445,0.0,46.26446839556553,3.809917533102519,32.23889039520839
41.51947706200766,0.0,41.068406779198284,22.011279049150637,28.310454396617537
41.005573361079556,0.0,38.73882726491993,13.151859796694257,35.5023835440935
56.19449809407398,0.0,57.26269100783707,7.941337267781474,44.68454045728075
63.61173692567954,0.0,47.3569983039656,21.86531991975002,42.8423276137772
43.670163603365936,0.0,41.809639508849216,20.568923978973242,16.058363393871915
55.3778251774789,0.0,52.43103815710261,25.911091009208395,47.63075896630387
28.17969306200228,0.0,26.94871539815932,10.053485262364037,8.490426315181159
44.2331644287205,0.0,41.03998233614494,13.317451110452108,51.508785214630464
50.148024235140554,0.0,32.61511768330097,29.719760052708338,38.88458237010973
40.75978821254084,0.0,22.916666331149067,27.547197306792583,33.883723586777485
40.47318083558125,0.0,13.149075306399531,20.337178635165998,20.583808162935682
43.34456769267522,0.0,48.05184601862764,3.2470111738782297,38.976332763189234
53.60201731739377,0.0,58.239873042929446,2.2527116594118226,36.304249294586164
48.478254643227345,0.0,53.37246249154176,6.681576115522401,27.308841714587437
26.564053068920504,0.0,26.155729867838794,29.83303403243331,17.141879430458378
27.819890511948937,0.0,1.5722295752179356,6.9625423156135895,17.591097022234045
43.9954470773482,0.0,29.176777192602582,41.84795691311684,6.958954144241201
55.370344315708024,0.0,53.023205792693766,16.44060583939371,40.9696764053009
21.122387224644683,0.0,18.99541722598666,-4.335000914096691,33.6014713748827
45.14020083789363,0.0,38.80889801867805,11.468449353919155,41.02451652530353
44.856855396754675,0.0,44.79109429005891,11.057419850302352,55.83018542721376
65.31449361346517,0.0,61.11626202796325,12.697572910366656,49.36872758733927
46.36587712917891,0.0,43.64839774012294,-3.0035210252243445,31.73352459737474
54.57218910363858,0.0,43.67332498116321,24.760401634113023,55.822113356095194
51.98924763908157,0.0,58.28814056924362,31.14147737043407,53.98195665937105
27.71446730801681,0.0,19.481889799163675,37.38886191673926,14.636572060339205
58.68830440272335,0.0,40.40065504586557,13.84618174091769,30.164298777667746
52.78143801532927,0.0,40.51734729801543,11.7420678060321,55.86493342875052
55.91082123900093,0.0,48.06387220773309,7.5635459771257825,77.44541632120884
92.43233969995549,0.0,98.16206709417894,54.36660653950217,69.69601154805326
28.210830439695187,0.0,24.08063321087108,14.692355826401087,35.108648356311676
68.90853922855753,0.0,62.55544569988666,13.217382298452872,54.63193603827926
47.408473258166715,0.0,30.182483607880542,1.0451858159092726,30.008610811415352
53.55004662025219,0.0,57.74252591314918,30.556487733704643,50.59745377578356
49.9935883972391,0.0,39.03716445173666,20.579260541236287,23.78939420691453
45.94686401066065,0.0,40.900234531697805,23.642308785912277,35.83168078857586
44.391142287478075,0.0,56.09217652148198,-0.33930977959630404,19.59041849402155
54.000744520866775,0.0,55.25738199361528,-9.078558001123014,52.767558988625595
34.26866233305384,0.0,13.252207751990404,-5.792546131916071,46.84004260378286
58.49994602134969,0.0,35.57176066477075,29.546159846116097,36.33340663893265
46.032793237901956,0.0,41.36262604986612,42.750875416469555,34.394963547824176
38.40493117206431,0.0,21.714013864114044,2.7585444715503966,23.204492969256584
45.671437931439684,0.0,48.55053720194122,44.87455290187661,50.714118850037124
63.91272391588311,0.0,60.06252971714662,34.52272267632732,60.950365468627005
44.759756959074736,0.0,42.54200315148141,-7.327182190225052,47.36925643648361
54.31002498681455,0.0,42.69954460663423,20.567749064251235,36.94015791694413
42.66951485480598,0.0,57.164054756569904,23.328989676935326,44.117458386438344
58.57840369772249,0.0,84.45151502714322,-14.281542639875113,17.14290795492485
57.804647924941825,0.0,50.66455044955227,28.553644059506,56.68494080602858
70.2325597243923,0.0,69.5620522889596,42.828079092276575,48.41494013132774
48.60396623364276,0.0,45.60085826432195,20.036383931634695,35.66920135077875
57.624571765866186,0.0,50.68753988843454,18.50354288794328,57.524660236808565
51.527760199334665,0.0,38.6390230010662,13.585737400850498,20.72013188897716
64.32648040252651,0.0,48.54145068563409,19.796876283798163,66.31463661578552
42.799060440111255,0.0,26.848803686724885,-5.346131045032564,28.071966219744805
58.44038853814225,0.0,58.5251919840585,10.133315452558984,69.36023991678726
48.39952347709735,0.0,38.87022131441175,8.432817605018487,26.293447585998088
49.79403323013502,0.0,18.4576079924,16.669044038170036,9.823420516997118
51.4602828768173,0.0,52.08443626022708,8.139035105131835,43.55288522397195
53.17512058470469,0.0,48.657665986639714,4.680464239655878,51.520488362460085
49.23796867492378,0.0,59.442858114446004,25.47053924262589,52.81188979807436
52.77413661295061,0.0,52.61661012208299,21.930114597628393,30.910451476462114
67.34232471449654,0.0,47.33942242014278,17.115429653345196,34.38791743573803
61.0095731697928,0.0,33.16897747565157,28.36795352866902,41.61611925584533
59.766942441638435,0.0,47.92785127704213,14.164977017107862,55.47714503876833
45.612384644393565,0.0,35.015420118208255,13.66022523095435,40.07024061384823
40.9782203773639,0.0,47.05551396543597,23.9646297793374,53.96947240942851
60.687425165937114,0.0,56.351670055273715,12.5488982294146,47.62706344137441
59.840586645497936,0.0,67.6093168502245,4.06997994105404,32.0199084593849
66.21560342876947,0.0,47.85994548874389,22.049644311080137,68.89667159228043
44.02626895225973,0.0,50.28500775057178,-7.313647048559435,40.09994479138911
48.02713141176693,0.0,51.63223154803852,10.1889452546052,44.66455599540229
32.96175643385038,0.0,7.841248634965986,1.8642484545607756,25.891459812080498
46.28628028797354,0.0,56.28743254708918,-21.575472304614966,56.989002214976786
61.12840087311573,0.0,57.86784769451561,28.776485849871968,52.79890298278047
45.4953196893744,0.0,45.66329000843873,10.132797261269408,52.07714137590637
57.323517510670285,0.0,43.98768878173699,35.862710859617394,52.85395119955278
48.444339035361075,0.0,57.90709846638036,17.365145987627894,35.179823775054246
53.9424922000322,0.0,37.26867828400132,27.715605431217423,38.420833836770264
38.21663688380731,0.0,43.16620997431083,25.476524752641534,38.746748549290714
51.390369556333745,0.0,55.99168997086831,14.090938889012284,36.196259960166316
18.51915162726865,0.0,4.694928539886712,-2.1301982385508267,15.343585590652356
48.482879820663925,0.0,65.43796657536461,-7.824692760328379,47.64779536159583
33.05803946955149,0.0,31.74157592318625,23.33894064862278,28.39243188165778
63.36612817570676,0.0,65.99725542488211,20.475674064867952,75.24645830524045
58.78660925424581,0.0,38.41831667781307,5.839536945627824,49.848999126813524
55.46634395021929,0.0,73.72292269169822,28.61106890694929,54.43385423044625
66.73207613481262,0.0,49.428593829589694,-6.33803460911809,53.80031191628569
40.34057654084472,0.0,47.2936352931498,3.8250273035372,32.2478644111863
69.15073473726444,0.0,54.237081338153416,38.50754542490374,62.042048504258375
60.440502056431576,0.0,49.65307822990563,14.752677016564295,67.08749603354458
47.95226448647455,0.0,52.27570246223404,3.9408019801299705,33.64338519362326
62.61416735344697,0.0,69.21209397159814,16.251214145510207,49.081434892392075
38.65897948970109,0.0,21.344214556844562,-19.373195836406484,40.81888447662974
41.669834639122996,0.0,49.294006623385314,20.687025393731926,28.48801385607294
43.97702004808187,0.0,51.08011676015678,10.14109014051324,40.56382819146013
44.827686518480114,0.0,30.933869870472925,8.502770877890821,25.03088445617941
39.1904148087941,0.0,52.23448124030694,5.456109361901836,13.578741886676493
63.548721933034,0.0,43.841954486145056,22.827549761919123,53.170190147135095
47.71399507657185,0.0,37.084403322850875,23.134566436839442,50.415558272934945
54.24646275989818,0.0,55.18396045337947,16.783065043022074,46.21680408950282
44.38560269685966,0.0,31.392330938868774,-7.0903951744726506,13.723050571808198
31.02647094304014,0.0,30.086652937471424,12.865253818545408,22.929968877439972
53.36549752861602,0.0,51.80055463559263,24.05822695759172,35.85460991261034
30.047158880699158,0.0,24.35309989661348,7.113278064595724,-13.61665706228765
49.746528445057706,0.0,54.50092804350028,30.195536829192278,42.32113770711215
35.8592396946816,0.0,29.628280066638077,7.8394029325355685,31.600749955818088
71.71423944755006,0.0,69.73260692817401,42.77793993107596,79.50477607661747
60.21794271610596,0.0,68.11544475129615,40.62850795676951,77.4204217460755
51.60988896617319,0.0,55.89082156018558,24.27344416242108,53.30692852458266
63.98279138012801,0.0,68.00137321539735,12.328083521664393,69.99906158390039
41.43687892544867,0.0,25.366345816383312,8.633737962938937,12.094936346395908
56.28705333154777,0.0,57.67395401529414,36.095736363900556,69.55557580386753
52.61489847223244,0.0,39.21617284007286,-4.484009655349457,56.72241031183649
53.300988306557,0.0,35.627025827054126,11.473830555275297,35.760195459037206
64.07518399095761,0.0,59.0162345891367,18.085539550790305,64.2043378514642
58.306682988251524,0.0,44.537034768987915,7.555932775806378,54.13605776368362
53.56494982577078,0.0,57.81150962230806,29.442478478959522,65.61552971383428
32.79717011551041,0.0,37.65424282623952,11.038384451341681,23.33338973884345
40.22165321085801,0.0,16.199493576374486,-0.21113479711860883,15.105454120781964
49.16873006130846,0.0,36.36046360133287,23.258737711278034,31.276909313262685
51.477591645595666,0.0,31.947583934161003,13.762640073462375,49.022662841528
38.40349524116461,0.0,29.6498519230865,-3.734698504694073,3.134120315082246
76.2490251150973,0.0,76.55571901170431,19.56288832727684,32.94157213181022
66.68279437768933,0.0,59.77396748464785,30.496271614578077,69.08877986835232
56.913619327557235,0.0,46.49618631040702,32.21476305157975,49.83740135756689
51.249618449693514,0.0,60.92788678073161,9.010327389455508,46.66135581820696
48.21240858374705,0.0,19.79654428407418,21.872554910689114,15.34647476332167
40.30850036470767,0.0,49.50522010681348,32.146105261217784,13.230767395610478
51.30778475381277,0.0,41.467979918603646,-1.8379002320067386,32.66150791031755
53.234018677271905,0.0,48.29390452939097,21.97227355250125,48.642283697666514
37.21149335155143,0.0,27.793386458883063,19.859809214133236,18.30959830562515
54.0506194082692,0.0,66.24891555948973,16.06827507927537,61.42745213249158
48.82092713769415,0.0,31.757759892965638,31.98436619505016,23.823484224283213
30.094680212433065,0.0,26.50350386162566,35.22842126933,13.285612015479115
41.286549168256535,0.0,42.95961904007328,15.232548067027793,42.11955750591791
46.06045572258349,0.0,25.02359871722108,9.726125141176407,26.869230548564392
70.65012289300793,0.0,56.502932967428954,40.29929057238574,55.89490443174159
56.42674829121165,0.0,50.69024924190735,30.58112543059375,39.27167628874333
36.21007030419442,0.0,23.0072735402547,-27.89035265401499,13.055967110426291
55.67326520075715,0.0,42.887548898113494,18.262332123424773,48.783207507972556
33.946715585216744,0.0,26.463008611365606,0.7996584558025157,28.75008587325382
62.04861195485521,0.0,64.65679516053532,27.394936254372688,58.683960715768386
45.44585520884738,0.0,37.839842522693935,9.9510476975453,27.292531427330296
49.47937675449085,0.0,56.841677049614056,13.696518268884248,41.31957808657735
64.6462321360842,0.0,49.778507773768425,11.068229846967652,73.25694740175066
36.72635547628355,0.0,19.649729944221185,18.238602405110115,5.044126044421311
35.55147370322345,0.0,52.12567991293202,30.564447139068722,55.25639555849643
44.24404623341958,0.0,33.3230244394853,0.07441587990862075,33.93814689437986
61.57512933887192,0.0,43.4466420131442,1.8576686768700341,46.813057260629954
34.24545013566783,0.0,12.025229644520472,6.806275227159716,30.469175311882587
20.217881050026705,0.0,28.048634278862927,-1.5888012812621168,-13.148409745527985
45.65919274301671,0.0,38.064462690686476,29.297634322007788,52.44495286823711
56.375327871915815,0.0,49.52304297313884,1.3653421053482404,70.09923435075315
63.30487269190316,0.0,57.33335499821399,14.914449743974227,68.17508073694981
45.5309441687806,0.0,52.2682930067391,-17.537904645261396,13.177979730803816
46.083737881006286,0.0,40.19350825865827,32.40637252510137,45.72471493133311
62.80949820203449,0.0,83.3345245407719,25.753460249510816,82.63510063477167
30.501419687007083,0.0,28.194433403119007,-2.0638138315396093,39.849280476996995
46.328490173219656,0.0,53.568929517735924,-5.467887532449886,22.849087907644154
52.514601826549416,0.0,56.93396201429917,-0.7745219671453967,58.87848390966069
55.27986389490033,0.0,50.745379397611515,23.92237559801625,68.85281824043874
45.03253172331624,0.0,34.849084846285706,-3.1525909891657733,34.1285917501562
50.84790108841981,0.0,50.28801117486321,17.11452326554901,24.767279226108013
23.891738051318168,0.0,25.680704536046843,29.622576831591104,25.10146158937098
43.446409414961956,0.0,33.44247407946373,6.6830566889426075,45.27181947108134
55.325703103004216,0.0,52.93619715016984,4.561526518503062,45.40132891795
39.98393274182297,0.0,49.17918162008265,15.0613132904293,19.36322198623582
51.11014901265568,0.0,68.93609653878,-1.4803835219470045,61.00513663602558
55.254794172797695,0.0,60.14685347613418,42.308312491441704,39.67199692235066
46.81970342518429,0.0,62.52714723024252,33.21437975263534,48.47496307076126
52.30132492506469,0.0,41.544089985110844,14.134251669805696,60.816670332239354
40.192950007971184,0.0,43.730703973508504,-2.8512655893155046,12.030910340887097
48.2722207535389,0.0,58.40745583976966,8.23355093642551,54.71318496845654
57.00014607579751,0.0,43.33723211931689,14.863703162676934,42.93832177804483
52.157173571476626,0.0,42.92386070756056,21.77357010297526,39.41971027303199
44.21271797495129,0.0,58.64388653292033,26.652428230836975,46.75798453084341
52.8756799735847,0.0,38.45029944524345,2.1571870760727094,31.242697065108974
58.115607767760835,0.0,39.726911533135926,33.88854741551121,30.61283721163275
28.575959825244073,0.0,41.05496156653953,12.112718426514355,0.7390660703730383
62.86477602608138,0.0,71.24887835907457,15.097661858426225,73.84664319651719
46.886960709290044,0.0,47.45503841026617,-1.8415354392186885,34.36274704544793
55.02631819167504,0.0,50.39817704003338,19.58323658194687,53.254564939369416
63.27265881732344,0.0,54.346061455911,7.546071717925932,47.61112352845782
35.82335191972574,0.0,34.992815048381075,21.816945281491357,12.234860153254072
42.899408816755134,0.0,55.680279841833325,-4.556847618017322,46.574911406934206
47.39670702032556,0.0,45.90793260226167,21.4702618523302,43.01836599070014
42.105368270905636,0.0,61.112815344651246,9.708101051063029,36.51152755350047
69.01795439350131,0.0,55.13118310458897,17.734840955997797,62.08107477057397
41.32515373447962,0.0,37.20825447324708,8.966256021521927,19.640922064834072
44.54379195609327,0.0,36.63225449699404,27.402992620794066,47.164306787078154
52.663821485837666,0.0,37.07767840425139,-0.1539487366273704,56.42476631549759
37.63474342897025,0.0,32.169764853354785,2.5791483317004387,36.749149401063036
46.25198516377347,0.0,46.674481975496015,2.5297454591879376,33.63507474898147
53.87192994723048,0.0,55.29444576666818,16.766708124550618,47.4781596893698
46.92322968666408,0.0,65.88471774834791,3.8436774810832812,64.1940249071643
49.48204088168105,0.0,50.347735154612764,-10.016926729350391,57.86158979086641
44.823899653820696,0.0,53.025124862896284,-2.5304357108680193,63.99334298852017
34.297548438875154,0.0,31.209221544129743,29.63169885667418,14.676574478764303
53.91616594253994,0.0,67.54704128260458,20.812006252468702,39.62010946817556
69.23161998749308,0.0,90.22169894601899,28.744929981874414,70.78170583799759
50.676517867852866,0.0,52.22656429661081,11.572250360108452,48.43462927366029
52.88687494561183,0.0,38.27549017454191,16.042024816822774,39.0508019130645
57.88174146991638,0.0,47.88100046153892,13.45787521160165,42.70560189163769
36.916904558768955,0.0,36.067392648979414,15.417889936294179,43.720717790829916
68.6715212798731,0.0,69.12262221194375,26.86513752878922,61.15186813419045
52.64180756011248,0.0,55.92872611300942,0.12972508882932843,30.81689581051051
67.91653239588885,0.0,68.41977479093087,28.605037909645716,47.76558083698196
42.64732478832396,0.0,38.78983085114418,-23.50575715266494,36.207521783869666
69.90616134492382,0.0,58.773723873789415,31.95507736306088,97.57723571260226
58.76254780179763,0.0,58.798404120975505,0.138552687390888,39.37036823892486
56.38921093948297,0.0,71.84971400662481,17.34078167843735,49.753160223738796
52.98048047775007,0.0,59.66353611435691,-0.013316497200822397,77.39356352533753
47.824327628259304,0.0,49.46175465890737,14.026977227846547,34.2843609649077
63.307756707719896,0.0,69.91505935324791,30.64560851771291,64.09275380533757
51.979660170332366,0.0,43.96125197221212,37.44822948948178,65.26799600811843
29.46145518719158,0.0,20.378818404534535,-17.825103924299558,5.5506864778341605
38.542586672500455,0.0,26.769193566044386,22.632077084311625,22.472299544633774
48.49410356793831,0.0,43.13636039063168,16.20345286658509,32.88161531813197
53.7922798540427,0.0,45.20363739526831,10.91646897445682,24.673492361897004
49.875237052576544,0.0,58.60470736495421,25.821981596435414,64.26148192842429
63.50478162565975,0.0,54.18480421032178,19.280422824533858,46.487580700954695
29.63207397731586,0.0,17.43072965912013,14.100126132913724,5.727833287702545
52.01415255271155,0.0,68.47677906088204,2.30715707106571,43.75649812823371
31.054509584577474,0.0,22.54643169312037,-4.149279994951069,30.900190327865545
58.59753488039726,0.0,56.016165830088134,33.204907037146924,51.992102873494375
49.47058794246423,0.0,50.19739021184607,35.82370289908603,31.933859281878075
54.9634899132707,0.0,38.79227851615329,17.417138948129352,47.68430025209161
41.249173043407026,0.0,50.415014768968874,-28.90393459977144,45.714323742159
64.15117071687587,0.0,66.5912984701325,20.155308504981875,57.75167067249152
61.61087985922582,0.0,73.84302708142985,22.021063669190394,55.36456868590898
56.71515313157665,0.0,45.35449276529673,15.593329602421749,58.58944778840342
49.095982200272246,0.0,46.1024841021541,19.42564565303225,38.051215944980655
56.67575678743831,0.0,52.91935272607498,12.131391163757268,68.24372021021367
42.92663922570158,0.0,41.78274484647898,23.116553751579552,24.787546104368182
59.62163577259058,0.0,40.006189292493396,4.029945968295259,36.77260842899234
68.10484746099088,0.0,64.90810727003185,42.56237523004593,49.29170849967845
61.91953004315367,0.0,42.562411142580366,43.576923990786625,46.076634476350144
42.68398047649482,0.0,42.54363152751254,-1.7044003272190995,34.319916068484154
54.341692561314346,0.0,27.684871500839257,4.694935085338189,22.18915006216949
36.66247990385254,0.0,13.24164607963683,13.64014330195836,22.00022446828171
56.59597103519054,0.0,61.08591453062923,2.0780956156443544,57.63900496936975
55.294659534656795,0.0,45.35925323935922,11.151216345832927,26.527836648955592
30.500622149018206,0.0,16.325322390537455,20.002705154970588,10.49175819950425
38.06605687199337,0.0,47.660861306760296,19.018254773602667,39.377603140306555
47.454511545471334,0.0,46.90712522956908,41.688179354383166,25.673381021561035
47.26516156825426,0.0,52.482240606352384,16.086512688505177,36.87076729494598
37.55644894755339,0.0,31.953583855853118,-0.26363069968086705,40.72870010805472
54.63619043428948,0.0,78.8527473996871,18.45302170428165,76.86671314946939
53.16692734398641,0.0,42.65785275321917,14.80138773811598,47.86017718401312
48.40409847592583,0.0,62.832870178658155,12.381514270507186,42.71121949694371
42.40414671066644,0.0,37.827587312644425,10.67289032161097,26.387028767950504
61.685488529731344,0.0,39.91934016518999,8.475000580762858,59.445993844606704
68.16817000832212,0.0,68.90676214453124,29.144851995555797,75.98004087813916
45.3129657702192,0.0,44.66632121125722,-7.243411003475625,22.51453552477497
43.938797187939585,0.0,28.86067934852658,1.7504811335586261,42.4717367257631
55.72852213847586,0.0,41.81358352333031,16.656051366973813,36.50221307363857
46.654295363250824,0.0,42.3925917316357,-18.49667559723558,26.56109402331498
48.99041339375452,0.0,48.65067115603267,25.464420221817395,39.06075624163113
58.38319988355731,0.0,28.03782318864534,-9.142103362508053,54.32222191805434
30.07813393820965,0.0,37.50658385505025,13.669682137236602,26.94995682242092
64.56615416021269,0.0,55.02501553874898,4.970496255353602,58.387883811664004
51.256496087069166,0.0,33.08513106688944,10.167502305197221,42.40278034999027
46.08302691829086,0.0,52.05031973826083,20.345601615256804,45.61411379758196
49.52641316171529,0.0,45.22670261342654,45.89805177470542,38.92809898963822
50.078445602525484,0.0,58.8879169757559,16.86703175285491,52.80149191098686
31.981744856843715,0.0,32.86806358593403,-22.65818473838558,14.909864687628382
66.45353559980126,0.0,62.096382935258234,37.66473211753215,66.58002539676323
50.92146430451158,0.0,45.23155488552795,12.421231999340346,52.12216549190483
55.21343867787609,0.0,56.173552533612174,19.033265244906115,56.75999345764232
60.64734743023276,0.0,52.030397892460186,28.89578988290003,60.32351511339588
39.56861773704169,0.0,26.66876462344821,-21.9092964035472,32.89213382647531
55.53901278175076,0.0,57.83944243737763,18.319211981812938,63.4347807475579
47.620107954103474,0.0,42.07423057948207,8.101694261498878,9.580431050483469
59.52776795525042,0.0,55.66103220591173,37.6369405412745,61.845945161233104
27.750145665302032,0.0,35.602327488824095,13.200883465231698,45.38236577180908
49.42105600433418,0.0,44.16809353572051,-8.06240303052656,32.1888791951769
44.038663409818575,0.0,40.24239350594376,29.699116340862286,25.47290919848017
55.09868891094049,0.0,44.60783901644558,24.319649910149796,60.49835960522807
55.502387162126674,0.0,55.90758126452467,-3.5962179745010623,36.606785809246546
42.9188035171251,0.0,42.68440578189122,12.076826544168497,26.189373638822296
42.87020777401617,0.0,48.466454855117334,25.8468723720688,38.34673667975507
49.29741738243222,0.0,39.12354976305541,-2.3110933955549697,28.356127972121023
40.89913530429604,0.0,32.15346123107701,29.593523348708814,40.694120106010594
59.476617281100516,0.0,63.6375132373976,-0.924274478702845,43.69499504741089
46.53485865183206,0.0,45.20532074185074,2.128820302302449,42.55188735491252
19.418283129840987,0.0,6.297585976206523,-14.911050832438374,9.005111746199765
46.47486306105225,0.0,56.302792002912454,32.648810541236045,62.13430601967234
39.38289523117869,0.0,17.535641424001597,2.4286511401348134,38.726426875444695
33.04946386858549,0.0,37.58209873626131,-10.518912993910263,18.78168719708042
37.25780212922713,0.0,20.031405196236953,14.453706873625077,7.522208540760166
51.64893978289746,0.0,67.51694672278634,25.406287724884876,59.19263359995544
64.67662263878712,0.0,44.022006457233104,32.65570813500988,43.46040555050795
53.826317305849265,0.0,61.894971691819194,13.462202681351606,44.51148265044815
43.99931285460089,0.0,39.18083167940094,15.47181712431407,21.050794157480617
55.351299198487496,0.0,47.322071174092315,8.961075151806048,53.933792683331376
45.57444397611951,0.0,43.55442314463072,36.35140107657066,28.74364924720234
43.05798323657913,0.0,45.80591924517266,27.491402772849558,35.12635347103492
38.145353260954906,0.0,24.721582248946582,23.9283871620711,25.16405683175112
31.76133685194149,0.0,19.38508928793238,16.349559675592893,21.18264766242567
46.31349963844208,0.0,49.192744939828586,20.48075926412681,47.34683687716004
52.168719187392455,0.0,30.007317629523236,-1.1602977813616064,34.74061226552007
49.44745506344223,0.0,39.21703718842443,23.80350501014369,29.21761707867182
46.03522386352334,0.0,74.22032197188514,14.614108132915925,23.243470180075835
40.37445338871399,0.0,26.239207189847747,27.695711051541156,28.859043669992552
56.97909656277016,0.0,64.94642454192366,30.396418655779343,50.085755935905674
36.40613909159847,0.0,26.381954254300513,15.467655538798947,15.707263100450806
58.77186973992127,0.0,59.94937456315239,-3.7296667040176814,52.688777782827515
39.77105262550677,0.0,42.813168863004954,8.307040880315848,42.81907697959785
42.44000888835453,0.0,50.45814727016469,3.166411202511849,50.377198269127256
34.807071171226184,0.0,28.891631993499278,10.38930950763554,4.946460891223097
45.12233557672963,0.0,62.1935744839985,6.646449045380438,37.60711112865933
60.90125535860022,0.0,50.4196646528385,17.285593523066453,62.651763739248295
55.9894580665564,0.0,54.30681211655899,24.943201430244848,67.98552467769802
60.934482478950706,0.0,59.28372271004436,15.102847128690179,43.16501930107817
56.05906603398859,0.0,40.02481047011454,20.22633770887545,60.99582855622982
38.68701395035117,0.0,31.79883279779086,-12.445589613465678,11.11458463569359
46.94536056003814,0.0,44.649027312821154,1.7742136908200283,52.5300524494822
42.143347489197055,0.0,33.64815919277792,20.109727409732734,27.662655166158885
64.69728853228096,0.0,86.21484950991061,5.924945461658801,83.91815687994612
37.692025242021245,0.0,24.972069136213793,25.97291630752615,19.343317068346636
60.02918915854252,0.0,68.27862525631042,34.42574093508947,51.52754578360924
60.021241336590954,0.0,64.85338691078857,16.910676734947025,52.68713344580105
70.02966331273281,0.0,65.4803072326918,68.44810328613246,43.03797310671001
46.10233019999746,0.0,32.95631514888102,30.55818312095011,12.00918123873106
58.09116408256992,0.0,45.76472118391354,6.2528164884852515,53.457308740563434
74.859689967057,0.0,64.89305289641389,39.36034480292066,78.0910646116473
43.880298548417684,0.0,21.031980640003777,12.747719341870871,36.27558163671798
34.077755524259885,0.0,19.67574254244699,-4.512920572556373,5.105024000231184
30.39170097680979,0.0,10.98450630024178,-10.670364315791305,21.28973581991879
58.095329895036755,0.0,68.13933354756216,33.65170782441549,41.50931816438377
30.358147739205904,0.0,33.18246476746754,-4.038058156012385,27.08158235563506
46.50160803546929,0.0,50.820597107503744,11.824636160644626,53.84660857943227
55.15265145375104,0.0,57.2367041044257,5.035982846787885,52.89537926297925
52.45852237682066,0.0,50.12501590464063,5.991315212387775,62.41738622695482
55.0258366219678,0.0,66.33747290117803,16.156419455298316,49.0954170503882
52.85509451044361,0.0,42.285265618973476,22.22217475353723,39.31265958537658
64.14476904639659,0.0,60.972094889689316,-13.517526679858555,57.18221420681032
40.30424852143115,0.0,44.318119649405006,10.09267151287111,16.24056114551849
43.24609779982679,0.0,25.324107501516238,0.956974941510591,24.475191945704573
42.223910155919974,0.0,71.06612621611333,30.67087056182157,38.64050027153744
59.3506192144732,0.0,55.43400523762238,61.79015086337476,47.4397071883041
60.10078928188207,0.0,57.37144892572541,15.671363401669092,55.49604113907612
55.301304699568774,0.0,64.45168055514205,-6.172585529206497,32.130177573057125
63.12570318060587,0.0,68.52338478345067,24.04364514949191,43.54667828520678
37.892348107822556,0.0,34.445700322392746,5.633852501239199,42.28907738276883
68.29443643118435,0.0,65.29858139500902,53.01691494267121,35.78203638943831
66.75592960957573,0.0,46.493558422486664,47.876779632500885,61.654215191385006
58.34012638586165,0.0,48.25043449962871,31.96111782815336,43.37058041522265
69.51868553645551,0.0,70.59762772046112,17.642679124905463,65.38001398591501
32.778623134014126,0.0,33.714086769758865,15.269094165331017,43.46038777368805
44.87608568094545,0.0,53.828000425823944,16.101250079204792,37.75134465411889
42.6230645233649,0.0,37.41700443664546,14.529280518749346,40.49541211591845
58.189009772222036,0.0,39.310648746274964,-2.274523287580273,45.940909072972715
39.25898039337764,0.0,46.567609205043155,24.24222367996295,31.513391445458648
58.57384433716966,0.0,69.56420899157025,21.41420311856927,51.757477398620395
65.12428044892212,0.0,70.31074132992032,22.074030338650086,68.67238939800782
57.90824219547416,0.0,51.98270809908751,11.072003738893738,39.70034440626309
53.511816421265664,0.0,60.44452208182187,5.92960753622874,33.890690654338215
39.92431700315076,0.0,72.32254774681861,14.11613425346173,42.11919871825793
41.43116249038814,0.0,38.73916517667223,-14.17500601064068,34.58121700283711
63.8322613934029,0.0,45.65620078611422,33.910311886253226,28.693592941663475
58.80735609150476,0.0,48.3940923489756,5.169257234385402,48.30461824425782
50.06296415958586,0.0,52.62236051516994,-13.792683342405496,27.690594657853673
46.01446669716627,0.0,25.043989725033864,38.666024525741946,39.36916810142297
28.833828927052814,0.0,26.932691694265156,-8.541630438726921,-3.583447356760871
39.037672957533,0.0,39.19289840563516,-1.018265544842194,54.50432021059527
70.90369682378363,0.0,82.72975963820693,42.658869103776325,63.89732628688759
36.79803144898369,0.0,46.83103065688612,34.05925645449525,20.273018814014243
52.50451430910053,0.0,57.55200226779053,-5.043149488797297,42.83950217972264
61.24458547218582,0.0,34.10887565459923,7.888829982428568,52.923088938057525
37.07085439444296,0.0,42.98148285607032,-4.361193447854623,41.228083625826216
52.45355311821413,0.0,55.818715497422886,29.70426062517484,42.383544920208315
60.50166357973577,0.0,58.971229750516954,44.05258861674298,34.98143827911544
50.61345080130735,0.0,28.236722256896535,0.2975238553351627,20.90951089403198
81.12921583543195,0.0,68.31613196096949,52.22727706856356,75.1763630152542
32.65065720850038,0.0,16.544651652956517,-4.343543246141264,31.037677976934944
61.79256874742418,0.0,36.20999327292177,26.40050640625294,60.98506934545565
48.633480846632864,0.0,44.56820382111866,-3.484984519809135,41.56633103328776
58.72797771121367,0.0,46.07771578989674,18.261515289828687,59.74702615714771
55.19532757258766,0.0,78.82744524161018,16.472450130212273,78.75068625813809
42.646008360670606,0.0,36.928778529049715,6.700147918429493,47.417066542137285
52.926754872956494,0.0,62.5081899904161,22.216305800664323,59.70575884175571
30.627934537878957,0.0,10.300084240700524,-9.654474387833941,5.202405609727462
56.92568478922301,0.0,47.139434283628134,6.53607740760955,58.6268789380329
53.665762130169675,0.0,50.57004015605752,23.367920439693652,50.90545831770259
57.3040745246099,0.0,43.51085073593933,38.10864612549172,53.92421902622642
61.78604861651796,0.0,53.057766268955476,21.338914372378138,67.87550510588503
54.40796746067979,0.0,47.967921789420174,24.703039255407468,49.40542020498606
52.062251585201324,0.0,45.493728754479804,26.99890619915508,41.1001241764243
41.0655446906644,0.0,56.7911679885526,21.975831219535767,24.007351561723514
42.8697066460259,0.0,42.9366492473303,-2.1725457506619463,30.84907852901122
63.16033325858639,0.0,63.94979127741074,11.466332513491025,59.14465098110908
65.82735555121053,0.0,67.20732377246406,14.157164167089753,62.98666275889134
47.935647482281674,0.0,50.39568918955494,41.22600495816786,43.74162275974091
50.971439988271904,0.0,46.01970872930107,22.87808756681695,53.6789538947972
40.813951695863985,0.0,33.520146390178915,16.663253356151458,40.922087522284365
63.01097861129635,0.0,60.494252695554444,27.494470351820713,54.5516053889165
57.589973446521284,0.0,65.64203287483132,0.7421242646062645,42.1493232232999
71.22209671087636,0.0,78.71610767894816,54.1586421737266,71.9326795538169
41.094878205063544,0.0,34.64643343479858,17.04130736030306,58.71632703276994
46.440821851309984,0.0,50.5690115286852,23.417353322676163,43.612512612924505
52.95292847364953,0.0,46.785173339081865,-8.073292369602882,39.76109960959018
57.387732522065455,0.0,53.56103351576601,30.22960012742542,55.599216610922284
48.17545219478215,0.0,39.13835098289264,9.160546841588872,44.908181582375846
41.15217184739248,0.0,35.324435225923786,-8.319941108425898,38.224219275330896
59.8978669278368,0.0,69.86275567793491,7.182570650769689,72.91113142528299
58.18533449444748,0.0,54.96445710876326,1.8570397877387173,54.7673215625829
40.68936575774244,0.0,38.22314152571842,-7.996553654269633,47.99322483936595
64.9630057883643,0.0,45.33390082623204,24.259635171388226,55.10707633322747
62.98364453895339,0.0,55.42999469645931,16.868456483799264,72.65105943195107
51.91487211343939,0.0,45.270510019646856,20.942898764720297,57.26205063305721
51.33040889442304,0.0,38.47603991301739,39.53136032898772,51.1990409226417
56.40008506104878,0.0,52.461236419179336,16.875411644597285,57.67043714386459
41.27246550261395,0.0,32.82336194085815,-21.247827945360495,58.989248665366134
50.800784563670035,0.0,47.57552348144567,12.213430349778742,55.48093247122988
27.48134865791614,0.0,25.096637524286542,19.62381940116708,6.734985718989179
59.84495530159597,0.0,45.50432073717606,19.38256520484014,51.42605272233678
33.795101470746246,0.0,25.79721625355523,27.82768158604905,19.09014501228596
66.54416279406907,0.0,63.020206390224445,30.658096532164116,84.57250537118665
46.95251031954697,0.0,55.47858993361165,-12.396199606227,57.10301648055325
48.2181998075014,0.0,46.9073720427586,15.747856007822868,65.22101040335139
43.772461547542584,0.0,32.81747318665671,15.945572198038892,22.692000060911717
47.40215454531117,0.0,47.61095624972569,28.979167224824497,53.19592516956122
65.63711646078983,0.0,79.3783465752826,49.418580500895686,46.029297802143354
23.897280406217295,0.0,29.988642128406077,13.628510014539582,-3.8061569442387224
64.12446269293541,0.0,65.61703339873776,29.15264958770207,52.77786742209525
54.091725869715354,0.0,57.64113517387595,26.96029255005297,66.4945062092076
37.58268406795854,0.0,48.97521632089235,5.991009733005505,19.93126847267586
38.990017454244985,0.0,46.50322583080528,-11.482404266535884,32.44286012475812
68.39240768718338,0.0,70.01504547059646,25.87592514292992,77.17977456610726
40.37700907138809,0.0,47.79243950963631,15.041775194035711,44.672761880070325
38.156168318992,0.0,22.856646736634158,-8.287837977085847,52.51374497812495
62.632272223240406,0.0,42.46080004825593,40.81975872072657,49.61630834548559
54.09738253764168,0.0,51.63124222756218,31.602692837541635,40.288477172002224
40.45801644942583,0.0,37.29103175860268,-9.391628037348841,17.327885523502758
52.79456440325741,0.0,42.93317329141103,35.965608972088056,37.57324978900404
39.51957047439965,0.0,44.380697882402494,5.0783355321888735,18.641020097204894
62.24233743911924,0.0,38.26193094859742,10.940937986936593,25.579744009423173
61.82080356651029,0.0,51.900755060371715,36.888300611908335,76.31780360614115
56.16446066278876,0.0,46.86889401109267,17.851395187137683,46.555589138344956
54.34429700268557,0.0,32.89716914485226,44.33314828270946,72.66363953086474
69.29845618091414,0.0,80.72475475328629,13.770531606315949,55.80334914919093
50.476542009353295,0.0,32.02810033617826,-8.957089940640827,31.732331336289416
37.851389163578055,0.0,27.777048403448887,4.554342089787928,16.428999155951608
55.282590655331084,0.0,60.741446555674685,29.20761700069257,41.471787383680116
72.76962311741669,0.0,75.15587387903243,14.631870927984089,78.16147989687406
39.637034383605375,0.0,24.031368414579866,-9.255757795740895,33.412285351800364
46.61760910239849,0.0,49.839583778820895,16.549959568878904,50.44447204671142
54.92968279889697,0.0,53.8532235412041,-2.7335506642408056,63.867164863719985
49.90391215232806,0.0,70.53446483176798,19.451915685966558,62.129718155357544
39.983830740053136,0.0,40.37253365630037,4.8782050842700535,18.97057871997503
62.46711518496085,0.0,56.70005721814791,29.00255173953156,47.22166170992252
75.26988103734183,0.0,61.71400409130227,9.57052788849359,66.62129920852803
52.57558806900488,0.0,40.598153129517414,34.89169231465172,87.82278796619289
40.819786699760506,0.0,28.18201927037513,7.558319792025486,38.149431731669466
33.92901524529924,0.0,44.65584323053122,17.10978151229549,29.5405012674503
53.236406179122106,0.0,49.31290318940762,30.487838950896098,52.84191958674423
62.27499067432097,0.0,63.98690136832298,5.618805601813758,48.29136144835003
55.557133169359076,0.0,67.42644363597094,30.66951918855342,54.98080867144315
50.45420824362211,0.0,21.432522590788267,-4.648995014989843,45.77484004594971
44.18343657477503,0.0,53.757905544699724,-7.32129923128905,38.47401029795259
38.809959399700034,0.0,35.53077745258381,36.708987759156635,19.74791904622149
59.399338318816824,0.0,59.78305239443737,36.0165358206996,51.36717225285883
60.243682169940016,0.0,47.24374212121381,50.03407818533498,45.20052310286285
33.963536175258724,0.0,22.19129174686485,1.1525338748851377,4.491676571650753
67.46756453100356,0.0,68.2816729620464,26.22628236776741,53.971448377836595
56.61393181075928,0.0,77.67460214417459,26.2491584492222,38.23480484111475
65.4347749459274,0.0,71.72766931299745,23.493839843805734,45.15126406495159
36.139054868310964,0.0,45.71070268773314,-2.9491866106958486,15.983078819195972
35.885855162210625,0.0,30.03917313804847,-5.2013664640998485,37.184933498446
48.88813395455365,0.0,38.49830270908236,17.585521145312622,56.41323994998443
55.85222159273314,0.0,43.43151955115543,3.3654182849884346,25.49083847131845
69.67428180028463,0.0,60.11108991829256,10.567247939559554,80.04883817088432
58.02445405359945,0.0,32.107027855360116,25.13914605937475,28.839519872010776
47.886807357505404,0.0,36.19454562216056,12.680579631315025,45.68166356081863
39.512982821573274,0.0,29.706186175465657,22.62615507872549,31.19420882139989
63.62263653097495,0.0,57.474691432067694,16.68206223085562,62.818329724868406
40.1718696943328,0.0,37.677174133106845,1.590634739525079,16.3357098962052
67.88032742237958,0.0,67.34989205170918,30.97830926682851,38.518130812746435
47.44120048697848,0.0,43.269358208578225,2.3338616143203144,28.137680335285012
67.47550460789574,0.0,56.96429041785009,15.51315223198532,63.01233116870894
57.7343775716874,0.0,32.7681752203951,10.718602192264392,67.30580829563243
49.016076042823066,0.0,38.8874739935296,11.687116542840393,25.188159030415033
44.93006455100695,0.0,30.669455949839737,37.373093745940466,31.182579572745716
46.83724121612433,0.0,47.765377125064035,-5.956523063880272,29.7077266906597
55.0565225422462,0.0,60.53310593130227,36.2177643675052,49.018170401451414
51.30432252632565,0.0,57.15534714604813,26.296391579514474,21.229954441344912
44.13492858961547,0.0,48.18756252257875,34.04085825789619,55.810442234966565
48.71009688020884,0.0,43.26145471670973,58.67508215082714,39.43123059630093
51.31950114248151,0.0,41.71580681414227,36.079635301650825,52.11404485900525
27.734046624162904,0.0,16.15389683896411,15.989977458462489,11.92340589040592
55.375489523358134,0.0,35.27353237566438,-0.35801179738973943,44.20718712345527
40.01142360238917,0.0,46.620613838490314,-7.022517707513142,47.56296256542552
38.156361799205854,0.0,32.45355800601736,13.74946325071108,29.401807225266005
32.45036309449173,0.0,15.506395778134955,-18.390856130862105,20.338867025928963
31.311879925436713,0.0,18.830107942241817,13.584694096343831,8.468274999582395
35.99673126765515,0.0,23.005971250089946,-22.5976894717895,16.56803895019615
42.90389705919106,0.0,39.42333743049026,27.51984971811907,20.870302525930498
71.35076411513806,0.0,78.22068651495117,22.383767962428447,57.884210581530375
44.860789462607414,0.0,37.209063311957244,14.142426535803395,49.9617672738059
52.379180523793515,0.0,24.44526198450797,5.944689157673755,58.82384016253464
54.75909807253886,0.0,48.61744291276802,-8.95490359902039,29.82739204450976
51.880345064422514,0.0,46.137278996385334,33.61522765965525,47.36800934986144
49.65239851200686,0.0,43.22045433822341,33.81411630261311,35.87655172926445
37.707998292010664,0.0,27.22216818806384,3.474331683961691,43.26633280446235
65.9832748102687,0.0,63.95105731364803,33.294824070256766,60.33818054997702
69.7900641898861,0.0,66.09138043322048,20.551008180005653,62.13152728118432
32.50043000813583,0.0,28.480921159927643,9.63065133951535,12.917178161808986
39.53799266726037,0.0,40.02643721979234,20.130641480964606,11.991781989251045
47.490077654286104,0.0,38.927080759279065,21.625555787399733,46.38023757149535
40.17366085531677,0.0,31.136058806232903,28.678947646469457,33.312914490643095
55.88621241305447,0.0,66.33063241737992,25.729798497428447,56.337178349942995
42.69819458565942,0.0,44.68469386365323,11.565687773790373,27.467133748498625
73.61384647431349,0.0,77.8997554748533,17.431171231640704,66.91650728936548
63.20108615166474,0.0,71.88987383349871,15.695155497993676,68.7981224282672
52.751279443270974,0.0,54.21121907299514,28.109950633899967,57.80807064412906
61.4533978094574,0.0,67.02200502896875,0.31436323663594834,41.39830549226972
62.29660760242815,0.0,41.31529693585003,37.52364307462745,41.06411119662785
44.45402910944899,0.0,42.651769587233495,8.173137120381188,18.331220153615792
41.75848845691476,0.0,35.90895938280138,-0.8820299297106242,34.08112600616376
51.3148641418698,0.0,64.98657873419924,0.42271713628989005,58.748653458616836
59.686606469469446,0.0,65.27775793217702,30.009521723725797,50.744881099588284
51.96577512330674,0.0,41.20298275335698,16.056965365910923,32.732679159433765
33.62944678631999,0.0,33.79794152546508,28.574170763165807,20.505095618342697
41.901592564786625,0.0,39.75733084050071,-7.066693322164568,61.63203680712111
49.6894823693318,0.0,50.44435267543727,6.8649825373786335,56.93618319087946
49.67139517759138,0.0,34.8382928856474,13.702772815690436,46.442348654879666
71.5568063175922,0.0,70.9373365245631,16.435392834105016,69.04365437415689
35.6704020366326,0.0,29.444908656214622,7.393756315941951,24.779424498112682
55.88219146625592,0.0,54.71172706437941,22.917996872551164,36.78708922856429
66.39129331746821,0.0,54.38620787149471,31.018569109491423,42.8189504849734
74.75067907440194,0.0,64.07594800819571,50.00998956497391,58.33304267116151
46.15884577862769,0.0,54.58793061282367,-5.296212547656072,28.698261237022898
55.73089196954008,0.0,40.44743464457428,23.092151612318123,36.08070246759481
56.56786957761517,0.0,42.0508442370419,9.676053696216798,43.52365071302692
52.56864563232707,0.0,47.92068456619965,22.654214715876236,43.188012635992294
49.42371766499322,0.0,37.20798394495948,20.944382185916105,30.10184261057305
55.13835688391727,0.0,41.62710559403081,4.099579254804045,49.75129621758418
23.42245973336674,0.0,20.933783590894087,-12.122518487292629,10.601030622383151
57.767909715225855,0.0,37.65052246919843,26.661968066324384,47.0637709208413
51.8281237082519,0.0,37.073030921479955,16.517442692168945,30.35599484301565
48.102715596292214,0.0,65.8126848536348,11.045358597912381,54.143571197074756
72.35092700456873,0.0,72.77020376879084,36.73885374500913,59.537103738324475
43.26812117643846,0.0,31.426325961001744,21.79427452470799,51.44815960129149
46.172965502834316,0.0,46.6061950837198,5.6162620202485165,35.38855024079091
71.75994307928987,0.0,73.3306554828087,15.135102050551962,64.74742392573755
41.58919226677124,0.0,48.1983239918917,-7.222085537299009,42.57026576652089
44.60182832144907,0.0,39.291293126127954,12.687568406237522,44.90925330798507
48.90890467521726,0.0,55.202474204852685,-5.471410601272286,54.378830647843934
59.46326924706889,0.0,33.67277434520827,21.784934755349237,66.64351839672977
52.70029499253035,0.0,37.418622860979795,33.81420727938329,48.68591163647775
36.667995542970786,0.0,34.57349342763035,2.874969182900739,26.42127307206385
44.79359174763236,0.0,44.31324212072067,4.76553300570909,29.832656836708423
43.99021930959137,0.0,30.387743939947903,40.03293920741646,29.939151405047376
49.654775055427315,0.0,48.34780127053423,36.267375379362505,59.92046181554275
55.030097801172374,0.0,44.284455861650706,7.172958080079233,26.979425583251977
54.94848565064054,0.0,47.874746351138064,19.86147500770295,35.09350259557799
31.502938388150575,0.0,38.60690770927374,9.648762087611708,21.78129961196538
61.84826464915948,0.0,67.20425462579175,24.564501425167506,46.07734237875877
53.178630118231176,0.0,38.51565185591209,42.50159932699714,36.02118719742403
65.27382880398869,0.0,49.7657749353964,24.806454371869144,76.35977495289897
55.22622022277661,0.0,46.72752190870079,21.398220446716685,41.46135328551583
62.247696676536826,0.0,57.695941191007655,31.618501023684328,59.03151439268298
55.46500114167458,0.0,44.35148936929034,34.95435238719608,23.94798300243953
64.86452026406725,0.0,71.56222465079522,36.5547448667773,46.340548509901936
56.060220992946796,0.0,55.573851339178304,26.09604922798571,60.143452711911024
49.43365437319662,0.0,49.68241266466685,-7.092989625773654,62.45182099077431
74.76120368209239,0.0,56.87530573148125,21.912729166521192,66.01271770395803
59.97939029132249,0.0,68.10129105236064,32.21447433198529,51.48397752211148
56.610439904317914,0.0,22.597305963348386,22.34447181778917,45.12955079419284
36.842387164742014,0.0,41.83638805341691,19.593158940459958,-2.830626330164872
36.71413114029659,0.0,42.77119410243209,34.4744382085088,32.635549265033326
53.607603021286835,0.0,44.91214196834906,0.5802634325224112,30.33235382620893
52.03480974285293,0.0,61.411047845902225,32.33625794424431,57.091861543785484
43.91790079368046,0.0,39.29696667421262,7.184899823290764,6.887807116927668
51.98631520093099,0.0,48.55479643517373,29.455196403665745,35.40545044336871
67.45461359125173,0.0,66.68895671783534,24.19490760722152,60.10186193594628
57.91037467894985,0.0,87.43479549092271,49.50337258847922,50.062382231047394
38.28804447200466,0.0,48.6576975099267,10.579300277912685,28.079595717704173
49.288404899374626,0.0,52.6616720723663,5.765932109130809,53.711360009306254
41.87870457524602,0.0,28.301753632351353,16.63627273139266,29.05145514442357
46.33726117386339,0.0,43.86173570575361,17.734806916581952,25.87617357046434
46.06034745840255,0.0,33.466188226923634,29.055395340528875,45.86904404707846
45.37617807326295,0.0,50.096915047733965,18.955521407914677,41.775379257850204
37.06858162021488,0.0,34.71953286464556,42.95370074108064,31.259967793891626
49.115883993797176,0.0,33.17410548917677,13.127150391177752,25.247086613583512
44.48971592675904,0.0,41.3850166227107,10.750719583197593,3.5240791800160487
19.17828959023257,0.0,6.662754974167125,-10.26609384429197,-5.929908421712678
72.41621145281869,0.0,69.5725458618889,28.709821869994613,52.71441169490437
62.11356272234842,0.0,48.75686489751847,25.096399080940785,43.427699453123
46.45906326571246,0.0,42.75291448123415,17.199580071327212,26.74131501780124
50.68097805279079,0.0,54.55235149969664,16.50396147353648,45.4702401051946
37.960589044376846,0.0,33.54848110859198,-0.02719170787833214,38.93429861085171
68.59895007590706,0.0,60.084742686567665,12.980574418779131,72.92424248950053
70.75271143579512,0.0,68.48854507682975,21.301556422177693,74.13991109324377
52.15418992744448,0.0,55.4363531769481,32.452985190114376,34.257679705211544
61.4164739943071,0.0,45.44645825312283,40.576828265408196,50.280535891767414
52.35285949719827,0.0,51.0125300312954,15.391466108067993,63.81126039723277
36.196779366768915,0.0,46.31785735344133,-5.671631697663418,10.671818504536699
46.07949842041998,0.0,48.15913378710667,11.884385329183125,55.42432988193413
51.88956400566867,0.0,48.41021517050284,45.696417180793325,30.69737559902518
45.62298225578041,0.0,48.409701134243214,26.854463671785258,41.98784751023316
48.14355017924727,0.0,48.905610459257126,21.92350763886418,45.5582426392789
49.5032754987929,0.0,53.428051157179624,28.47574260062923,45.1896248662112
49.61569461859744,0.0,24.148272377258557,36.68083304180679,61.85367087876914
51.03828355470501,0.0,30.524679979782512,-0.49223883773866817,33.30556696433847
39.14716747268107,0.0,45.90853098646241,3.6938366969036904,12.128877503814213
42.818467224055226,0.0,22.95611386700268,3.78546985108306,32.908715121585566
36.753915719242066,0.0,37.17279362780123,16.17643123816419,25.988128492315912
60.9280012682281,0.0,52.95678463361903,23.445050391551383,58.37014999219805
27.98073635496227,0.0,13.76065002185605,13.739054804597524,25.296736747042033
62.80618162772359,0.0,62.227622067633554,15.07817169642053,55.273873989569196
65.29324746114669,0.0,63.09931141706279,42.920980741043834,63.31335497094604
47.25104819398906,0.0,65.5708496102766,12.69509952562567,46.56851918081577
22.664978606452255,0.0,12.46609052958155,9.94719360136851,32.18088883959257
46.61923543301391,0.0,57.857893398079455,30.170137856649987,37.321794161508386
49.79407613977804,0.0,49.46880863323982,30.783685871183618,33.267063597197875
39.681498220201284,0.0,28.806582405955666,14.596654532297784,38.81713606093976
44.97470688051,0.0,49.46041557625453,23.967023752986947,26.54352713533863
66.83026169271812,0.0,68.46897226512411,48.97551042299165,65.56820647916767
57.584741340218805,0.0,53.775526128551334,26.58889466012778,47.010162388775285
40.60078570138456,0.0,39.52238904320297,-0.2647041047741965,30.51004208336854
33.4093039431025,0.0,23.319917467557225,14.281006841263286,51.77078512567584
46.985663956041996,0.0,34.24158637623975,13.000919813006057,50.47992259114752
48.1990755503147,0.0,52.20810427385,-18.894057639250015,54.200135110005185
55.781857308435754,0.0,49.254798888981085,24.87087573435658,52.99674411987185
44.759953292847605,0.0,39.94479654864455,13.94684841501429,26.463322346279348
55.94534427740299,0.0,54.74598319611036,34.74624586486168,51.4265070135306
71.15730839964186,0.0,69.54235545907585,16.24067811284595,71.60054673012095
59.1936458988965,0.0,39.853151539388776,-0.9822906397780464,48.62901386668414
49.96606064627531,0.0,59.519079503234096,17.54125734156336,46.201749815195534
48.522903056163415,0.0,45.772655863546554,19.72844922593747,34.78706987573854
46.66878705306706,0.0,40.52380939358177,14.674382674993868,40.148681808293325
63.09522106627743,0.0,63.37085919025085,22.671722762812138,49.702223357936624
43.7769542279083,0.0,42.329062372030414,-3.2973221856737513,43.842783258383996
50.963105161094894,0.0,55.00519880257375,13.754658592120313,19.256051831630266
51.02695100429958,0.0,52.6439626342994,10.837706355887184,60.71111509098134
45.11825335800179,0.0,48.74016083679746,27.616201381313992,21.661312250676627
35.814890875257475,0.0,46.29652288459832,12.732263669737588,16.83150545081982
53.930925260269646,0.0,59.15533144142461,13.425872436523726,53.05537379337783
49.828056946752575,0.0,44.07489341722964,39.3808016659511,46.975259202010996
55.82503902101459,0.0,39.784938382659945,14.5949411220656,69.48050352969693
44.77829335294874,0.0,58.45789755832054,20.173262748095635,44.41423643601285
63.52455459551218,0.0,56.718384684646885,20.26366319283293,54.072234073641006
41.11143266772477,0.0,32.20031006466991,33.28349206304361,32.33689143939356
68.77330403885543,0.0,46.01520188018456,26.724510655484384,75.21677607441974
31.80613218112477,0.0,31.642841770634405,6.824243902425422,52.8999766238278
55.12547780388377,0.0,52.55474802109348,16.028818847122263,44.563036887311476
55.55994268077696,0.0,35.37422259082038,21.00777699429177,48.77477198512769
41.979245580927554,0.0,42.85562613460166,27.678269532127747,32.91371984862967
55.01460731463274,0.0,45.59877074043333,29.85822454593468,43.50127197207083
64.15174491665965,0.0,88.31760851451334,23.356196459445204,88.08349432610575
26.792847749746166,0.0,17.10965627666171,26.40300799168987,2.833745527780877
55.85179825338155,0.0,47.088168037224534,30.70080785559591,16.634716718194177
23.838916356695695,0.0,10.974837019700464,-5.3696105434485775,14.226036431000914
40.161618597162295,0.0,49.79475380705911,-9.675529055141098,49.539966344009414
67.88778362955904,0.0,59.57747177753509,19.16561225140777,61.53674993734124
44.26346428456934,0.0,32.63361790793585,17.854949669709125,38.76811468918134
37.936807987818604,0.0,41.56706887187007,16.968663394199446,39.7408454850448
48.364898959877166,0.0,29.728985403212327,33.4367771301977,36.15214852636353
72.57578686191421,0.0,74.74385363731338,12.166356503675956,73.92738278937453
30.90809071578329,0.0,46.02848062344243,-1.4982009101055507,33.04142736953113
39.24648761263371,0.0,41.36913434963324,-7.3220172418055895,6.847016176695444
66.48017855284273,0.0,68.88846818686599,5.3743484722910395,61.95289404604512
70.32972526207458,0.0,75.12836579668287,17.50890299225076,45.74432303023753
49.37471531235422,0.0,63.418680318989765,20.005440323652493,45.26978838003337
37.2404273852374,0.0,46.20448589654275,19.04062218832774,25.037219573717973
72.87429969743158,0.0,73.07500007684206,14.39050030779274,79.6138257286548
67.516752703963,0.0,72.72178884682548,13.405894377987272,65.53895711622934
57.73454530402701,0.0,44.16902178886707,-5.646907243605337,52.23895788749744
41.79925119570104,0.0,46.09673775213836,13.696456268924596,32.29601379975449
49.95600769739453,0.0,35.25859713742405,4.841696199612327,50.79715721069326
48.76642183388455,0.0,40.8460818851019,37.93981291232784,18.504850918426875
54.01509007494158,0.0,17.27012762318177,23.16444828996201,24.153196553862685
65.98406433455804,0.0,65.89871634906297,21.55162540965262,75.30119865349907
59.876598263606994,0.0,48.83557976218407,11.576653236683395,43.95206674583526
38.96796667804528,0.0,46.85739018895599,-11.942530239591687,5.95845179336737
65.18796722378569,0.0,64.99741664154072,4.254483409386314,76.49341575505979
53.82575811069617,0.0,61.59650457902431,8.518519566503354,62.05310248129987
57.82129600129557,0.0,42.16273720785754,9.632719643256666,54.6658679064564
66.15010540901402,0.0,72.80180791742649,9.978853793082068,62.64186091576313
38.60248990103176,0.0,57.02366794529652,14.232863080247597,56.27125041520004
50.097091900622615,0.0,54.12335768987516,22.483129489735067,59.19571415038222
44.80122107178833,0.0,49.1957678723421,5.862841769353589,57.248953813690484
33.72707762586675,0.0,31.743783076610235,33.508992322541104,32.82452337867454
54.18454240380518,0.0,44.502828877030716,-7.1316021639906175,45.2416627064579
77.31625675592869,0.0,80.8426765684465,31.01524819301246,67.48654707546574
30.818383552367862,0.0,11.154055974408964,1.5607644250871782,-0.16411253363742517
50.13497041830359,0.0,41.654252232959884,7.496813024787317,46.00466447258816
57.324192169810566,0.0,34.39987754142153,9.376991176874697,50.365318220073604
51.79500292166298,0.0,40.260470754877375,16.071355497628776,36.22400664980612
49.27110323040397,0.0,52.01945275933777,11.604266077627903,49.87434786031127
36.59756953309767,0.0,38.11806975772277,2.294908383624751,24.130593235689663
52.96725534336889,0.0,49.396976889860206,-1.487413287266218,55.08425133347731
42.393755647783,0.0,40.26980132144571,-11.799251238879787,22.366646693747704
27.08024771459508,0.0,3.461623383082358,-1.4791899736959788,-2.6941322824707594
63.24429291127468,0.0,55.016158297216364,16.79563416011984,50.84360499035947
60.72039165464343,0.0,49.26826318911723,18.298149653820257,60.513590400126986
51.031899030667034,0.0,39.982397093705316,14.219378215044207,25.45598201519219
52.92759147489476,0.0,55.163654259191155,9.428969772396012,59.075326849403
61.95914473857949,0.0,48.58997301336379,18.76235768632434,30.41086867582325
52.87699694512599,0.0,42.37114528573345,4.736461770021007,38.979810395647725
60.13945848700739,0.0,33.8228280315885,42.230359604581835,27.406567672936873
47.30125116296173,0.0,40.17750595596882,2.43005911175481,4.538718686901625
64.49863910641376,0.0,48.68028236357247,17.923475814761375,57.464461683219085
53.90753783836275,0.0,50.62041690804903,7.1310791398931155,43.129644889094166
52.55336813101068,0.0,38.38739185471767,6.150205292260807,23.16599774309804
36.909098070549646,0.0,34.182659192953565,8.335547831198333,20.875636778132026
53.54606052327606,0.0,47.89609879399809,15.691144461957865,49.76149545172131
41.59032903181755,0.0,55.36970638155631,4.086504190093637,32.73854590985924
43.65974579937128,0.0,44.97219331323166,7.703742567722314,33.293137251247174
41.76748125407846,0.0,18.385223610638427,0.515059606809654,21.29487888114735
39.08701150494974,0.0,21.832552339267167,14.846240799406996,17.986864334496726
73.1833987142341,0.0,69.31062524883623,56.885306456613414,58.37319132298036
64.70545367599924,0.0,50.55529310271553,10.936912338315455,45.81939981886357
70.99931199682969,0.0,35.17037126831204,32.275493428400765,44.38719626830897
37.41307468115737,0.0,47.85188315949581,8.898692274870703,19.152817208674882
51.24125078576737,0.0,54.782937281089595,25.287191903030966,39.82374966458169
36.658568268022314,0.0,38.34291431635019,17.669581213039024,20.40412670513185
43.046288252047184,0.0,32.68167225802214,14.255841214753163,18.20278325264116
40.66956742311899,0.0,41.2976328328319,9.493881162080784,41.92670356432689
63.7250369754424,0.0,51.97773121618033,16.603923074665925,68.6812344660828
46.24611937501709,0.0,44.42045991120818,2.3402753410774615,37.589805295517216
61.89568905150841,0.0,47.8919206302386,20.355938995763008,51.483505865737165
56.93501708348591,0.0,68.80220824892326,0.8923498217616341,44.534708076486254
75.09462349836069,0.0,53.989430408201386,20.60622818069603,75.94975460007801
34.67180748656598,0.0,43.9169906684514,22.35611112248509,50.251364591295406
63.9349920172654,0.0,60.04899602034456,24.2296315010271,53.856443599674364
62.72978842404184,0.0,53.27348997098272,34.75817955570679,46.41508548140352
40.07919296719401,0.0,37.95911754078751,30.44026190018141,35.163294681080515
61.241266271643916,0.0,64.7497155653505,18.866353752056416,56.86648770056835
54.07165361884567,0.0,64.40576050608487,20.342216033733273,43.40716646267172
48.049275271361495,0.0,47.33839974625955,9.857315877953397,45.740321684391915
41.676017864616014,0.0,28.336493773577207,-0.8428029064051028,40.92239793571479
42.79609997090676,0.0,39.45078127239635,-2.2051576123551015,23.62929175803881
72.38244713468913,0.0,87.16354627084132,39.36543655814364,102.32662645403518
50.487189673077566,0.0,60.68121430817635,18.39057489134631,26.636594782710244
58.837071473405125,0.0,64.24304497472363,46.06135548782657,42.62750726016767
42.02901366597868,0.0,46.52775601877331,24.499971030635095,37.91304154941228
42.14704650600316,0.0,45.6254332642068,0.5630274675109064,62.855733530810916
62.041065623671656,0.0,70.03716157495731,33.64235868990857,50.45005632168711
36.059466909475624,0.0,27.40965983945452,3.2223423757293537,11.317866636930642
46.04327149293246,0.0,27.71467445246521,30.155905732282918,39.23150046958726
50.84348170284879,0.0,47.50117096077072,8.793240035232989,38.949689884699566
51.66992681025559,0.0,38.93205587173181,1.2702737759748803,48.39552118191803
48.56625470501121,0.0,33.36935477287501,3.1814469129360106,35.14133414709972
54.70928811091299,0.0,42.948712303152334,7.277533114974874,32.94168754663876
57.883162602600805,0.0,79.98770896062655,7.674881942796432,86.61384091427269
58.32960736904515,0.0,55.56869224652388,11.691781098358744,13.364639840563683
39.946430269296215,0.0,39.89101215097678,21.72979218066032,54.10464928623357
47.44365328150984,0.0,30.49535625537097,39.0872044947144,45.94189092768584
63.24611624015064,0.0,39.450651698669915,3.7182693792895236,39.82712566034855
60.039334690818,0.0,47.141854091887026,38.50540549547995,72.37365569749012
35.81068195551381,0.0,47.21510471484375,0.6529972641605317,13.309859391981295
54.23550975262242,0.0,53.641775922819996,22.412945183860682,59.09929223286185
29.342256486598313,0.0,31.973833346143117,-19.47998840909216,-5.148454491499159
50.98140020392361,0.0,54.721643714723534,23.106802597914832,30.042349152013212
70.75782237870334,0.0,60.085294306355635,-1.6669771295175337,46.81454770260922
40.35151603729278,0.0,51.14628248614273,14.30408426706914,25.7340956803259
41.56502522459291,0.0,30.956239901613174,14.172314184987862,30.064974562285297
58.64366787481971,0.0,69.31690125010704,22.62499278322781,44.336735396158005
33.994825200661325,0.0,34.892525390180104,-3.969439854840015,-0.11645663343280077
43.71881007732912,0.0,20.838311818992533,19.474585054845,34.29396939805878
56.85295776720416,0.0,44.762055164233146,24.46020973084851,46.44648320432495
43.702453056650924,0.0,20.865690234163242,8.76327725215321,33.60913751411546
47.958518505931394,0.0,56.24489093118789,23.528422379661773,44.6325050661026
58.43163096031663,0.0,53.966830812571395,18.469627003911675,61.745848743417426
54.98417755875929,0.0,27.261401189500155,25.373508158670894,38.15861707892074
53.33088872681776,0.0,53.19155091041807,15.239689783347805,58.323664948616994
46.85632060269109,0.0,37.16851122248076,16.508876485152737,26.1806980208935
54.43405285536972,0.0,34.59900496852316,25.718617719671023,31.930328045370413
49.15779117446775,0.0,62.86961188531146,9.112805670221228,62.589393538459596
55.37161610385535,0.0,52.35645487524896,0.7483052424885237,63.92026000170687
45.170099506557975,0.0,38.0903530169949,16.418868588892813,42.009586739129304
48.529116436416615,0.0,40.269997420282955,31.13502379507546,26.98831468002784
39.90204432075497,0.0,20.00523026201196,13.848727374182733,13.224267173165412
50.105832020384476,0.0,32.2420706639869,19.72423251206728,53.442155990389665
41.81422627902395,0.0,51.49341491825779,10.089779358568173,52.21728760916785
38.57613817263656,0.0,29.70044445180676,19.319894661844863,26.45245216737986
53.243727288643946,0.0,49.363458724688115,14.345497506420987,73.69069256006402
52.75305045617152,0.0,27.015782841208374,10.299781329758119,43.042041941574674
58.845018377895066,0.0,40.68754334980872,35.61951548327227,32.31015103885929
45.873251476050854,0.0,48.33901393383053,5.438744481034327,35.05123361588383
54.84000027581599,0.0,54.69548073809853,30.37704031869945,47.36727266722213
56.36524934139254,0.0,70.75096304233553,34.265641916507796,54.41074106384085
55.23236931973703,0.0,65.2947629563996,26.04595467372601,66.41302637711559
41.65765868128099,0.0,35.30203565685403,-7.005726341996848,19.37116709418143
52.07586513617736,0.0,52.986712754283445,16.70644786682809,28.039805035359784
54.370788003050954,0.0,46.88749748361283,14.738540831880272,52.09238230031564
50.55659665772395,0.0,68.23189041651236,8.499370154903566,41.78286511907497
28.18556305948491,0.0,36.66127301215636,5.205557073598772,51.62988400383649
52.19474964965379,0.0,49.894537591349604,27.228514072038934,55.588090251784536
74.12112375433391,0.0,71.76849478430647,21.977850854405578,60.71032758268056
46.63281939399854,0.0,57.92140130774969,10.917289758332656,57.11588364265897
42.70027930741455,0.0,44.900724975370686,7.7741569842909914,44.132149751088264
54.46917969840104,0.0,66.8268228571906,34.03999150460574,58.59844974894323
53.817702259014666,0.0,26.482119309997177,13.658112566122565,36.443624962503925
63.224449995585594,0.0,63.81935165705515,5.056114389521987,61.74563253456326
37.039381408919674,0.0,27.75045697292753,-14.112382180800967,-0.7734471635669138
58.294802699990385,0.0,72.67908113645481,24.85310569187831,71.83733295499984
56.78864302268167,0.0,68.97696270279005,8.194619297729636,10.230532724919073
48.96103631817368,0.0,45.268418039640416,24.035347077055686,34.41300299007802
54.09881906693349,0.0,66.2194949004052,-1.323502302456884,30.30245224055349
61.479803151992975,0.0,76.09217604103073,13.897926666782306,52.623777817898514
59.800715936345384,0.0,56.361417746809195,1.819371068894032,50.68583245063123
38.266558743885724,0.0,60.56714044002113,14.858734265524767,21.4183657780075
59.24340840670325,0.0,54.69473888306032,29.406322760110484,16.047012090675345
49.788686081782146,0.0,43.46443553787435,19.83856974608943,42.60514514294609
51.258564451298064,0.0,56.341122870740264,0.5719774531933677,71.0918391474111
51.26201461188329,0.0,43.43873379197399,5.36746626717879,36.75880810574137
48.874524500713065,0.0,45.73896210977819,17.86624051403416,51.982274725504254
63.213469203659585,0.0,73.84193529123652,-1.3381689360067348,78.30252976262244
49.58535453615866,0.0,45.737904421381245,11.557045005350078,16.83645787231768
38.517373275775086,0.0,16.721339416970558,30.247895552755036,17.562250856018153
46.27496738443739,0.0,46.16789234207367,10.599812412238734,22.21043091784391
52.389273830868696,0.0,40.922422737519796,-4.480012745393989,31.182554403793596
63.61424026237112,0.0,68.47778423726368,14.10575221253676,79.45231781891422
56.924051931092514,0.0,60.11361592739644,10.100803732717297,53.33150164874281
41.391795050601424,0.0,53.051516485465285,40.6124275639781,46.325580605234116
77.03452525846726,0.0,82.11427932476921,53.512951937083635,72.0899190518135
53.309058049980116,0.0,60.73049892158159,27.301625021167318,32.841466430550504
64.10763733900886,0.0,52.72688561250881,18.101810040388635,62.28017485786137
48.85880188982639,0.0,53.327818774704845,31.47458110902079,57.928934019532356
56.178918163499795,0.0,72.84365097669492,2.6064660212777007,57.78460437825305
59.44974208406844,0.0,47.94225598932243,35.547111199051415,54.89704349355671
63.49648911396941,0.0,78.25005657310089,35.67711326020573,45.66388943815342
61.7780345420455,0.0,51.70446780683196,19.523281488751,60.541346533329275
59.799451028546414,0.0,46.55777318411292,36.62159948977111,65.44196079727448
47.113144083427244,0.0,46.2391033861538,7.294251978795359,43.85744557836065
44.37070037692253,0.0,47.98499013800158,-5.7380231925739515,14.80353014875822
54.03385539959953,0.0,59.554098828674555,31.181019602571237,68.56794055019287
60.45050878747258,0.0,46.03587830683779,19.725185966643558,37.1890149933251
48.10008914324719,0.0,48.672893498176514,22.61883030053159,45.14237113910618
61.86141783764102,0.0,50.34517808325867,47.361114270131566,63.26567683583758
66.00132413891194,0.0,45.91305601216482,13.799313401851464,66.68155011703216
40.68886549485745,0.0,26.96381107032809,8.04517105813025,5.570201033145423
41.53726885118016,0.0,29.679371102741026,32.65063656361723,30.975517175273644
48.97996482996018,0.0,50.458792765359526,24.045851792495196,42.15502452205635
53.7667817161835,0.0,61.83606935990451,7.392005939876405,66.60008112066541
44.87481545676065,0.0,25.316444151260036,-1.0915992433783561,36.47849041416731
64.92838459026908,0.0,64.33775736193849,15.945861924193888,76.03792901532991
55.01111245424938,0.0,38.415770694545984,7.53148793829226,49.23908265195319
50.90139134890912,0.0,53.48455044322843,19.022939417989004,42.98353710896083
35.136982358564296,0.0,24.74545771663596,8.119644419040284,25.525535734698938
36.42020185753627,0.0,21.471408453380604,11.65453621415573,42.11681258597524
53.482520156394216,0.0,57.82622665711714,5.248432907355689,31.01679844383253
27.69278557118782,0.0,17.808280658907595,1.9249602754612936,26.59943402519523
61.300078129210654,0.0,53.704296066432065,-7.574887181967991,44.123012420163434
48.78999580772413,0.0,21.26221634823725,16.561292121949673,22.013763056200325
85.13283445846952,0.0,90.48608794187302,51.05542257634946,94.16355770290512
75.14032921944727,0.0,79.33608051400319,8.922738181244355,59.31979830826055
48.5410827927981,0.0,44.56599425992297,21.19341527224747,44.103291162937666
49.34366663063698,0.0,29.13302517311629,6.212005187754075,29.235424304130646
61.11783329451731,0.0,69.66539081188265,32.60171821432896,27.231568058311154
68.67855159463556,0.0,57.249112148651264,27.6840425339008,64.65663650475666
32.97730445267319,0.0,24.415201437669502,11.53038683050168,22.924902398663107
31.392200559222513,0.0,52.119233560414315,5.869758959866843,4.680243757712137
43.833357302055354,0.0,32.436061946225664,30.51218769705961,23.389688338020463
56.70653320761546,0.0,60.38680079986419,23.76433959282444,27.900143881200638
55.789063408433414,0.0,57.579218827909855,8.423938417884884,58.033858478386385
61.91056407886924,0.0,61.77620401279753,23.11988712916006,72.19541194243823
37.660943396819974,0.0,36.79932692781538,3.203370877763313,39.2971104110861
25.731544790963135,0.0,26.074002264837556,4.1337337325048615,28.635765290995934
59.64790560606053,0.0,58.30142838017986,14.570050266214263,45.617617318981985
41.630490719322815,0.0,37.16721648253544,1.0457517590215577,38.678593573919066
28.912044331721514,0.0,41.20856836180455,6.4012917595060514,23.20092899416827
52.02992180081603,0.0,34.04721245617629,17.084708354967233,41.20167314238224
58.95509631282924,0.0,65.55150861184175,35.09743035374921,65.6961162539327
49.17569465903212,0.0,53.8334881913651,8.882476937821572,57.363081173477404
45.58771412302262,0.0,48.995763656452034,-15.155521409346285,33.60645710095223
48.777084000882404,0.0,56.55941954980196,9.38327808909852,25.63968936465403
46.52016056349606,0.0,41.54226797619002,-9.648653571403884,34.59050163900259
36.07580557100073,0.0,12.48108700371817,13.387843104788391,17.374854079749696
42.8434220984613,0.0,38.14368320069166,-12.338237970784522,36.63083308334494
56.04984858477416,0.0,41.39952631945736,4.580068185646162,54.59825519920048
53.917077706944546,0.0,42.04759679448976,12.229809809661297,18.861918130564053
52.27563819370503,0.0,35.03194878868423,38.19039386371982,31.00094071993722
39.84658101741837,0.0,30.912389238451162,-5.516076467279198,16.556805324054537
48.54050480207478,0.0,38.194543642425636,14.55560320151016,53.08029281513927
27.217623063197216,0.0,-1.606309003549967,10.834809463521191,6.445545066684156
52.38694390225511,0.0,55.697261315506594,37.40761661419811,39.31774225379674
65.74745521382044,0.0,84.91265667241953,34.797951879358834,71.54155580978528
34.728567986529114,0.0,37.34830674182154,22.204866075297055,19.20726788844263
44.219167492491465,0.0,38.11348529579883,24.185350588677654,33.93553780530539
53.99644955075399,0.0,49.29042322350783,0.3407849194114334,67.65804949753408
63.866707428655,0.0,55.115469879941905,27.87255838430604,76.6510794631968
45.690545565483525,0.0,42.659533683314336,24.77352381541304,31.546319386925
43.08309376971004,0.0,38.75259104111584,-2.09720121349366,31.170541850191903
29.441650911879286,0.0,16.838032542784845,-4.285489474512486,8.612795950775041
51.58514576648565,0.0,65.30727751563688,4.735792478714728,23.975845998269982
72.29978620551384,0.0,52.12182500579225,38.32615985238516,72.85406191150408
53.44351092889192,0.0,56.927269801618856,16.099147750971657,77.12664687868944
50.24183937343167,0.0,45.10891232886226,10.794582862986982,35.331176160758744
53.921392044190014,0.0,69.90946796121605,-0.722771943572539,41.006397512722145
50.3613739024432,0.0,49.90403929430786,14.431829322507095,39.00468909242656
41.79271163356859,0.0,34.06770123496544,2.6740300127980596,32.09908351463989
59.276764554238845,0.0,52.43805916569538,23.71037874476023,35.84672557113743
52.8921898027967,0.0,49.20673349244227,0.6661402541467574,38.41885997878594
50.66809392013593,0.0,34.50628844438648,18.057087956931145,50.6504619884052
40.05795954831102,0.0,28.056545310599,3.5333456992824512,29.47548489999442
64.40807382551206,0.0,41.214894224615776,5.496778075312161,66.41698204254189
57.58234341083363,0.0,43.62748242720918,0.64646714198987,50.60474959834697
44.57185054636247,0.0,41.6009883825924,-4.3864892889218865,21.860108836202954
61.1845443269825,0.0,60.110381290897664,18.42131389096362,46.61862720165356
45.16327368980057,0.0,20.244432922277287,14.22973390098112,32.538608250029455
42.12406759236313,0.0,36.74977312834003,14.656655525116676,18.091827983136778
42.36235048564378,0.0,44.39753272799766,15.319280953827969,18.971644745692362
31.555757240984505,0.0,26.09140342668158,-5.642671568810485,5.88351892369689
55.51839558235079,0.0,44.659081422356756,33.13040863118911,51.21833214135101
30.913832583728208,0.0,22.823116885134052,-1.538309314504306,14.710741576012081
37.353784785505276,0.0,27.791437629962022,14.576054832221594,40.48912303563564
28.301920615654378,0.0,17.879892746620186,0.944679760841816,4.59113094748319
49.56022591259092,0.0,47.34914652901638,20.234346333318555,10.348081341233833
48.87369670625429,0.0,69.25376916672676,11.543679072960748,45.497479344368145
46.989095005562426,0.0,35.11355827703086,19.075123959464403,55.90761957153234
39.339792676840176,0.0,32.09891002828044,9.220068297316052,28.990090845536578
37.954398002017776,0.0,33.55672442856338,20.03114838807326,10.810125807302558
55.441756150506265,0.0,44.01695846614332,6.637023364240495,24.252221764484283
44.59716266302028,0.0,52.25310347842841,-12.727107511720664,53.65011817651665
53.860230350131005,0.0,24.648490138519037,3.5882458682269167,27.368242621221448
41.020877021910955,0.0,31.498100592801585,25.31091795280263,48.91180575541175
52.41457654781758,0.0,56.973998551489274,14.33195366837686,54.2920127781467
64.40561736660423,0.0,56.98779870266395,24.397391758393738,45.729151272219525
56.74316422913829,0.0,43.883511422989514,4.041407323464304,60.053497939425235
46.07318938050007,0.0,46.746659311422945,13.948548105910472,26.630665431779605
53.228103700045956,0.0,58.705002116558965,2.5439305605261016,29.21029953292426
47.90834971651056,0.0,46.11522304899885,1.692168688173881,28.561317795406254
50.564094618824214,0.0,38.01838102982263,9.821279600609312,48.56172042441153
47.000690116022234,0.0,47.821643779651296,19.80668632917048,53.404610669421686
48.72394702138232,0.0,40.43370366239323,22.258056860169138,33.34213791329429
52.746143330577496,0.0,56.52607226095536,24.851865318918904,22.925800404477997
39.86570511274818,0.0,51.67717195407634,-12.765499239193666,15.460032845709662
39.62507413194923,0.0,8.174961615076672,9.387063305221945,8.205288238438957
35.64310562558856,0.0,33.00750165486136,4.519551865595448,9.84464014298209
33.38075391290238,0.0,11.24229016926741,-15.541807616466336,20.981311465066096
37.47304325090555,0.0,59.468302810261534,8.523483016144022,59.60693711214542
52.183774746742344,0.0,43.13481481906638,12.854163783543916,51.6919615731077
40.94032348542565,0.0,44.93599280743852,17.412063588533734,19.592192663371833
55.96794218609436,0.0,51.43357723398268,19.60773704888518,38.50948063981964
50.850815325176264,0.0,38.2804409382038,7.909684685845932,33.03344539220734
29.446127231619485,0.0,15.985287284484027,16.932263300481807,20.94300003261842
57.47840721739114,0.0,70.0704991804277,-12.007877327918997,73.59321502228138
59.143400288220576,0.0,65.04327609440827,19.302425794053008,47.901752075873006
39.86032006064758,0.0,56.542777667033285,-15.23684815521359,55.56856630618875
54.96970408633139,0.0,51.412997859686435,5.059903756907831,72.66571727516322
41.32807993188383,0.0,40.46598160047275,17.812420397957517,28.25114458015093
51.52351645461202,0.0,44.61207784471676,-1.9353181786117908,37.01076026510101
36.96853616975854,0.0,30.09712832863534,-12.041558176102573,21.631035069528842
31.32027893917587,0.0,16.559169781719255,38.48228935369282,18.47703192410698
46.389433851064936,0.0,43.282572826178054,-5.956032233452195,32.885612078265446
49.15783107095397,0.0,36.76301986573679,37.97863375487336,48.543133146337354
46.23062573909276,0.0,46.91357765234381,10.684700724301951,19.00153300900283
37.82834735165966,0.0,35.77883216585744,1.0978085596503346,21.839820744640654
46.20691144950587,0.0,45.25833086049615,21.085235172607128,41.923565498508324
53.357348969735156,0.0,66.96688429946411,35.862894329841794,60.73814342960553
50.00020480544487,0.0,45.54314212380492,-0.9669564385160889,68.21431004693504
52.42994487165002,0.0,56.33742677601103,9.328127520164385,29.85671415189014
43.31961098204885,0.0,61.084536224390945,23.445243892182106,32.25303391848879
62.99987748060521,0.0,72.54406518363147,26.38581835301144,30.677931124794227
37.91230295821624,0.0,46.26457428569755,24.067497147845803,17.899713824879026
55.6895494541058,0.0,48.288479328296695,25.56860727069251,23.930578558300237
63.108579434830204,0.0,61.25497308417594,47.86810344640097,49.12499452201097
55.61846964068899,0.0,37.51457624087624,20.787373505980348,39.84247249794014
48.31589153147935,0.0,49.566153838895175,17.38303653947179,46.59792603704458
44.83495948890145,0.0,43.770084994998314,16.877855663448443,32.583859052358065
61.550647519265176,0.0,57.541350861066924,19.523120252013342,59.177263410777975
35.27519050866111,0.0,42.33985404936237,19.041277293772215,29.964464139785964
40.11396862352972,0.0,23.44618267626958,13.08996976160489,13.634072048654515
46.23192855959926,0.0,59.53801440925501,24.218785521002363,21.11046753368557
63.70441197254204,0.0,68.95255769941028,36.02426835347876,65.70616007029079
54.53776850365086,0.0,49.6543123421636,23.71445764573229,66.09211885587878
40.136177731602864,0.0,34.67422067133499,16.83188432668367,61.596858005306096
47.164208699843336,0.0,48.24061848640604,-0.6128132135037667,51.129218366251195
43.91575757566959,0.0,56.05530070145117,4.083698240545304,57.519216412299265
42.89569049283956,0.0,40.0351663868071,23.163134547840894,39.45143148110741
60.93947721608717,0.0,58.21730388337588,41.25644226261674,56.81680454834442
35.82261002791019,0.0,32.20038352793933,-19.9526761896824,27.275358326473
67.66996136878934,0.0,82.16425892829764,16.89200024009771,64.14482113784567
59.32965364641639,0.0,51.207823862532116,20.643243421081717,57.2661997419791
62.13591623509444,0.0,57.556866104057086,9.462252863156213,47.26717023777444
45.5333146703588,0.0,57.037479611294934,1.1374206289821895,39.024865077011626
48.87775429855866,0.0,46.39470419139041,21.25854932655659,25.505291504217066
35.16644890163209,0.0,43.3955027556713,29.314762889523415,34.704938099016985
44.87379616486833,0.0,31.26142809400819,-16.266129870902443,20.580786062284695
55.7546706521946,0.0,49.42539099759269,15.943330027255772,46.82609231150715
64.32852425749826,0.0,75.73140244727954,29.586096781027678,67.19985625522295
38.64975495120153,0.0,27.63051164885239,19.939454436133413,33.98883379472609
46.57440721392334,0.0,40.974454926787445,17.797282227798775,46.42946213784316
48.86323850746035,0.0,47.54094998934646,39.37923430902468,37.88252389597031
35.56567408752112,0.0,21.289482755478865,7.657318530981981,28.455205297126557
56.798550087180885,0.0,48.24489050165602,37.40746669131546,40.774414373309924
42.74394702386127,0.0,40.002736718340394,2.0866876940316264,8.96439420374681
48.39211807854448,0.0,44.85580097142353,15.116320220258524,45.98942751754641
45.6507459862073,0.0,55.21560352245385,-4.2965376326635685,44.12938338652418
42.04569186248434,0.0,54.43546073674948,23.505986873906146,50.04884819013444
50.40461690927142,0.0,37.281103154136616,13.708052787920765,38.30487884261106
48.176072563794925,0.0,45.32689419085785,19.22279763449821,19.335962230203478
46.50653571398736,0.0,49.643221546094765,8.847069371281961,38.22900929641043
42.696170611958294,0.0,54.809047464180054,19.432561628946473,49.07922379951803
53.89406327260996,0.0,57.37174764712165,22.923551629022338,53.32545347231556
68.14904524704471,0.0,66.85701646935817,11.141148494137685,59.36552816310523
51.97460997212711,0.0,54.93564802714537,3.0675435904736776,24.40769659876196
61.12356802522342,0.0,64.00361025366911,20.90499793111635,42.13394867244614
35.62516128801546,0.0,21.99807147427572,16.57715533709861,28.605316137064097
52.16559858210496,0.0,50.110464210213465,42.624377699788724,23.07295431903492
38.75434653681018,0.0,50.32995059216215,13.272076003875561,29.65843057791452
34.69872654266407,0.0,28.709992787605504,20.971291610526556,24.449698702002983
42.57959789437688,0.0,40.01908955318125,-11.622979932343444,47.79763464329198
63.2155190144081,0.0,56.36395024604905,50.81188551738945,61.90282350589048
60.63095702807136,0.0,31.90610276604776,29.56068940228812,56.85947189952572
53.07643600169702,0.0,49.183412335206235,16.174683416493497,48.043783968057525
34.10275544197617,0.0,33.51179920725736,4.125134544798023,14.414446627017526
48.38260508560816,0.0,38.92958026110588,-1.3082546120087954,29.90807436057001
53.70360405392194,0.0,37.364204888258506,5.645091732473894,29.53613526394266
52.35552491521306,0.0,38.93896115016774,43.39867717601222,47.99421423240261
30.77867924870905,0.0,35.13773960810261,-9.317604725917995,14.246510238112624
40.966712257357095,0.0,57.93636181247756,-3.9898294584446834,32.714590467890574
49.795213009375324,0.0,60.36890732146303,5.174925089871978,45.4260565219633
56.21024344715567,0.0,37.82031038205369,1.711654802120794,63.72686633186049
27.013934421504626,0.0,32.394769995325184,2.76573286263658,27.390338837745613
48.74757435401749,0.0,37.693975087152985,29.839144661231906,27.82690134099333
52.008391475443744,0.0,41.75465905191905,7.683863892799627,43.101732738614004
59.558126750766235,0.0,50.44731322028749,1.083552279764863,70.24552403854153
57.88318213954213,0.0,61.16075402879877,23.628233132434435,59.2715520886197
56.70475664762931,0.0,62.68168411999682,18.081824196280937,31.1993431603761
41.9324078721867,0.0,36.97599905790007,24.879104220370625,20.601413916260185
30.092601103645638,0.0,25.519428756182513,-2.1627333408637712,7.087028983415076
46.28006525871532,0.0,47.19871221511665,9.472446533551562,56.44198542295359
61.182481788435126,0.0,62.94226695971219,19.221554019383962,70.34570891220054
65.36916685683096,0.0,73.49285047163264,24.883852742443004,53.27157580164356
58.07221869628765,0.0,40.28485052720935,14.087476726873156,37.34456974311372
55.06746553135673,0.0,51.134219130316254,10.15208974957261,46.952836244245496
54.53640093612435,0.0,39.09915343517019,-8.39880046397461,43.27440491653198
44.537680398924294,0.0,40.03469956592723,4.2136514405159575,22.93963924180752
49.09017966393176,0.0,42.65463140511265,24.76156705105128,36.12945605304941
68.31415496292152,0.0,63.44632925825438,37.22953171405269,42.146865855125334
40.408518239445456,0.0,28.05322349331336,3.2727895826632967,44.034851799329374
67.73405021472558,0.0,47.63323436195472,43.24125201068097,33.08376309654954
47.03897392150663,0.0,20.869845689095023,13.151084502337413,8.955566970961776
64.64233698742548,0.0,58.9443086278123,4.37771870856044,61.53949715224154
35.44786166231391,0.0,27.079758232020513,-16.09958803938925,8.61246415143536
56.74036900166459,0.0,45.414026944136225,36.0546121442531,39.69339713834553
42.60739287545203,0.0,52.67112742176696,5.863787929293546,38.08568410308815
35.35754880971028,0.0,22.457523516096344,-9.972577813689398,31.011310604684166
52.81496307409173,0.0,63.70069419773109,-15.106937228181327,45.712530456533656
61.26625298764546,0.0,74.19698895563391,15.798430520125725,80.3454745675317
41.451566082007794,0.0,16.89742842208547,16.188403492134565,25.56992132611288
34.46268050155373,0.0,31.6496678142836,-3.187834708110694,39.54294319830229
49.498518396258824,0.0,41.219840167460056,0.06534850004486792,42.59497478698409
49.54563388471999,0.0,14.684460081022884,7.191593393212374,57.71957896066604
56.33877212581846,0.0,36.88536001665972,36.185261606922765,56.265893674000026
60.62645582980227,0.0,64.58554796592726,1.3936894940250006,55.27814935202857
49.845033415371866,0.0,67.15576306402927,6.05512476366677,55.0882218814096
70.30622830605125,0.0,75.45041748104933,43.404564368937166,62.19999539964463
52.875875941881944,0.0,52.1929243568002,23.727226221062708,41.65213867634058
46.778273830937835,0.0,42.55004570944581,15.936500736471455,21.1636717753048
33.260051717293514,0.0,47.29518623142006,-3.1548424356116254,18.40587967350715
47.673336792177864,0.0,66.38686992695122,14.334073989547162,71.06473130430363
46.885548060305105,0.0,36.67156704907191,5.892352490262265,20.70608500038705
60.74089620927508,0.0,35.33537374380677,8.975825089260589,37.78254923164922
55.421601395259856,0.0,29.068522175933964,2.9427778912875286,38.8140339607648
37.87815550941325,0.0,48.01622098284034,19.570090634390652,31.503532383675186
52.320457922654356,0.0,47.72462515239411,15.606993795976857,48.04368606787945
57.65530618369892,0.0,55.40456436758603,23.822205205990684,43.81890452755626
66.80714073936598,0.0,43.51228293627252,26.55725748375321,58.656212409412376
59.96300829878765,0.0,47.76377366848909,26.871748187172223,63.39103021172088
58.609655676707504,0.0,51.2769186495665,16.325279612991746,64.96718986907648
51.12192162472648,0.0,49.243890066599924,9.012166011178678,39.45507762884878
54.62906638787595,0.0,46.273774261006515,6.238356335497652,52.217325230023455
63.83104323704293,0.0,48.55865853719992,2.859145619474532,38.03491733286144
36.238964788556686,0.0,24.116013831673293,-8.191288061232132,14.752338443633395
46.74608137884321,0.0,55.52992048453835,8.2452634277814,26.68877819215753
42.22487926194961,0.0,40.89091641855722,-11.679669746214568,32.86474907045412
54.53120229283454,0.0,56.872760832502635,-1.8054723671040946,36.996500802662084
63.62500439194757,0.0,49.82118977326971,37.35653603610825,33.58384356903223
44.1011327509651,0.0,8.889036139774298,15.100026758670417,20.365343325684126
24.93912853988307,0.0,15.777304874033895,-4.95737647838257,-9.013858083422662
46.07525239687283,0.0,32.91529675447037,45.036152433965114,50.54164618235933
60.240499176809664,0.0,59.699351395933974,-2.4155764542508926,46.00037629042785
56.224550795296004,0.0,86.82712182922202,32.351832877157015,70.39209504229407
55.055128722266154,0.0,58.266026098842495,16.390418886768586,42.403439151752316
47.48812270427512,0.0,72.42377063154765,24.86502661002868,32.110201691588145
36.813256024982785,0.0,39.00065609445039,9.470971389696574,43.382801105122155
55.985891717411185,0.0,45.15982465077013,-7.910324208783088,46.39766507209814
41.56546583171167,0.0,41.33413011236685,11.892589774266272,56.616548827580864
73.81729887709464,0.0,88.19113544132315,33.00117084552281,66.185863098786
56.57584979561712,0.0,71.7641103831454,-12.09175722575604,48.24710088677244
44.27557837071956,0.0,34.22825952176406,39.431688178888905,45.53374483132314
43.94714944807968,0.0,42.6724192645169,16.241768879902843,47.92601662528337
49.486770688572896,0.0,30.313969488809846,24.370269076253017,37.72110789189867
47.920779246191124,0.0,52.624786665070516,-2.3840289972762427,82.99254510330725
62.41343211982209,0.0,74.57854950341934,31.737139713817964,55.631624800447995
52.47177872788521,0.0,48.7924232506369,31.89429477163739,27.847873675061315
42.66229742802622,0.0,31.668758950069922,14.723395073120367,18.464347642681616
70.67953941323582,0.0,70.07637946703706,26.416097748852266,60.685108088335035
51.006760658082406,0.0,51.348796944900776,3.144092262390405,62.30089350748513
58.69506232677318,0.0,55.346082038734025,16.914913934471222,48.128885264463555
43.98090106400131,0.0,41.91760614795762,4.659549765912352,54.64216307072057
54.35983926657204,0.0,48.387644423309105,25.63939856727622,50.44258727641795
53.80415114297864,0.0,60.21935504574857,5.29748328534456,61.69972760643071
30.288704039447016,0.0,34.36033869758167,12.306674102124173,27.129335647911496
72.01341420241097,0.0,57.17396208795357,15.45855058333935,65.9643466072975
64.27062568456398,0.0,49.27357622197405,19.32891209634794,62.29048619005818
46.23580138589254,0.0,39.55099205409217,21.795239304981223,29.03463300298156
38.70197410401598,0.0,42.635261351681706,-0.94400473506456,24.32365582951218
54.193642265899555,0.0,51.63017605609803,26.654828719480413,50.23761909306346
51.406271731213394,0.0,40.518669467803534,23.748389212380523,64.5991155286425
54.280270368820105,0.0,52.915894585355524,13.717164619001263,27.098497719497477
52.5269272161818,0.0,44.925039761708334,32.94313043518077,17.23593394088076
55.889155486934406,0.0,61.04665359720256,19.515641137167446,46.73569585494851
65.94457480496716,0.0,65.13644126223217,39.47876994150642,71.85133217358356
56.550162656126126,0.0,49.043386560663166,44.0556922452551,47.54102349431841
39.26416526385253,0.0,37.840786914135585,5.882296320909077,15.643813493360113
65.03908462088948,0.0,74.63738795829919,32.536708029392464,62.15393557015079
68.01010936975318,0.0,57.61469274613421,16.096686430765615,36.66016446765883
84.1600984637179,0.0,83.77491412868541,19.40286214181912,86.46005669362691
38.475189312936365,0.0,33.87001953042414,6.09466452973859,24.573068915255153
53.075124838424394,0.0,53.48234745390563,-2.3283130808215127,44.55305820878697
28.232352860503845,0.0,17.62280906669973,-9.992773095573028,20.98132104699603
56.39037637462358,0.0,53.38995029304395,27.02925754696397,50.66096670807534
44.62229022448429,0.0,52.37924779536046,4.989228519899373,31.99913479092926
71.03220402152921,0.0,56.69740254006163,36.75429426244172,73.23479761572491
42.20301507706434,0.0,24.212252988731333,15.116992192227833,38.314992997003856
32.43071640350364,0.0,15.009703221528301,31.612853656825507,-4.066859695600112
45.4443690229958,0.0,29.077543945111515,20.06797261632763,29.454961739636012
29.371506856370274,0.0,31.967959940721496,19.546903292109185,7.383803381967558
58.50550536679033,0.0,39.42516652364474,25.520665372948237,29.659375568734415
28.41416773847769,0.0,21.57556850853845,7.70763831310699,23.665448074035538
50.78396722476404,0.0,53.25490905882136,32.02678754436898,38.51633319896693
28.278158859832796,0.0,29.00290658723105,12.669300706831933,17.34883141421581
47.05746297351567,0.0,38.97039219475217,16.525876350486776,28.20406053930546
68.03963877327466,0.0,65.6914594497703,27.995312489104897,65.38082252717808
54.3334711294135,0.0,51.3346900786176,25.1490837208148,54.35957699913983
41.253333367377905,0.0,34.973131104425946,0.9150897049183335,57.98721413187831
50.146479631602716,0.0,43.85507678840596,5.204810309013981,38.15449633364846
50.67240666230518,0.0,70.25689958273453,35.63878607677405,30.733950264005856
55.53002065811515,0.0,59.94056070869138,44.49481853905708,43.127469648908594
35.87480449413539,0.0,58.30878991864334,-5.66961432479834,44.410362023984845
56.81156494499645,0.0,47.377803712668424,9.499242307193699,36.95164892163184
21.58305843177521,0.0,17.115117973138094,15.665321109783367,-8.10821680594482
43.74948156549522,0.0,25.703315140536453,19.26588121725268,20.621791163272295
45.26261350300267,0.0,32.71982509822913,22.111292340021965,26.634954416250014
57.24708694941764,0.0,73.18936721800767,31.80042618039,41.23359150549646
50.72170774594698,0.0,41.12746887384267,12.187247692878682,42.74341628288187
35.46123899843696,0.0,51.962249889019105,11.84240107776111,30.61129634045187
39.95509253865079,0.0,22.91347504478461,13.216154817552756,36.106106986676046
52.602819718319026,0.0,37.35286690407261,4.515836108452685,34.76413912730884
49.63504709547207,0.0,41.97266516078701,19.422495608411474,46.416640888629715
44.29186460348322,0.0,39.657591293696086,29.48717719738472,28.50405685375594
45.34211159835561,0.0,51.13190988795452,7.914507537069485,24.829925959849113
57.91855440426346,0.0,58.4941155773263,21.684818407986477,44.034260419078436
44.94826990156548,0.0,36.57205457546695,15.319414584521482,14.018499395885812
49.5386253306597,0.0,44.07794491941138,10.917959222453682,62.33518036509042
73.66599557449615,0.0,65.82459529099098,37.728135695629405,66.89758496192164
35.26762850251882,0.0,21.784891441880227,-2.497071885635096,12.380984039436147
30.692672879147224,0.0,17.57110100477543,23.3510041300296,12.807992994217848
58.85266819704909,0.0,65.51883736897862,28.8725135521654,23.069744918984355
43.22848949410898,0.0,19.942486943712975,-1.7392413335742276,45.765275178288036
47.07947734389113,0.0,60.1857572977101,37.50558941395381,59.688468114339706
42.13311913813801,0.0,34.581195900662976,13.228196990961436,32.79666860699178
47.70388969682191,0.0,35.51121373617839,3.7334794995160685,39.9992203504933
67.56051609776424,0.0,71.02804690134751,40.39897367447802,46.1854416229659
59.05075802393118,0.0,70.5527509780292,27.12784987801001,40.41764811346346
59.692882792909856,0.0,67.29425908250657,-4.459817928488427,33.653491942052575
35.34729251853058,0.0,36.85183865183751,-0.2774639130350831,24.923304072122885
38.17964118319942,0.0,45.82569703176774,12.619525373426889,45.06953322817922
20.14390708804239,0.0,-1.5631924390781435,-31.657507255472275,-1.1530166517999767
41.831536679615326,0.0,32.39246026421853,11.892401668258245,34.89994290178962
60.702412460671795,0.0,46.8187859622871,23.291032742282948,61.63085575243849
56.00354566249337,0.0,64.80069758130075,1.8050464604710186,30.980286432906773
48.112990799738505,0.0,40.02977313570143,17.95967251080686,60.730777546008596
50.241611731247374,0.0,55.125112823026484,15.420883377502363,58.34561568283794
43.119047026405354,0.0,44.8496557743894,-5.3860738267161175,41.7354827643235
52.66777339778087,0.0,39.43947069775125,29.60722119822188,52.54592876583398
58.66341935563902,0.0,48.24550987352663,31.75097721395115,60.401169270023956
33.21389796996663,0.0,43.13528900342691,1.8745941004640647,30.852182027069624
53.681674691725625,0.0,41.354646955355065,14.407986734280188,60.19744940681268
60.443101825403545,0.0,57.526696488949604,31.156585350987186,46.806766162500864
46.044484032657266,0.0,33.774207604895366,10.181337228834751,39.97633937361765
57.96698608335474,0.0,50.44985637413991,-7.648197620489775,64.91009006873158
80.55490376366122,0.0,75.48262229063515,38.83728572913542,39.739362245259265
49.36497506241886,0.0,37.03410916088994,3.373750885282657,43.21451192711183
54.682439197678185,0.0,40.381001035828554,12.26280230145195,51.887317243457005
42.59364164372094,0.0,41.69234200566388,31.65626885182798,12.6364760075321
52.41658984232104,0.0,39.37852089216486,14.623071168663103,44.31771583691174
55.39796584917267,0.0,42.66919870204283,18.174027331985897,34.17772824725185
52.56181363938175,0.0,38.52325010067467,23.772914689686907,45.605420054165066
39.584294327753796,0.0,34.88122865159866,16.579553704259148,28.4031233108159
52.68490050931205,0.0,58.56645307705484,3.705496761515226,35.00508889973001
66.10367927308967,0.0,77.70979811563299,23.18361217711183,76.76528904022508
55.273634913291616,0.0,43.44367221010296,18.590697098731304,39.0019258119857
60.758872831693814,0.0,79.26911447770152,24.929180430939347,62.65406556617044
47.94738476148159,0.0,33.29355007231512,18.130438652528536,51.92901507182002
58.492691571533896,0.0,65.7540675173205,56.31171969428175,42.00944041490518
53.463912904061615,0.0,41.70976776893362,0.5168421879345502,42.41036031806175
40.31926811635042,0.0,27.212319332106183,23.673605624478334,21.6476245850053
53.88333894917395,0.0,41.877970587986646,33.99287432522341,39.285360695342995
39.88346422128429,0.0,35.44465643765305,16.56712430413663,56.90175798752665
43.717471815489624,0.0,45.90458334814243,2.5660959112698656,41.80134446697659
52.502895359766505,0.0,55.49002982944189,40.016399444713855,49.6601737903127
53.65599384331701,0.0,39.546412397333846,-13.696442593193723,48.34384367339087
37.772764187063814,0.0,23.453245997551093,-1.165386069252893,30.107957976889082
61.741891650566004,0.0,47.78250898504206,38.147063389663494,27.712523066069068
56.591867585607645,0.0,51.24217860928168,13.590251140936244,76.26620024036797
42.949763308744814,0.0,36.78940734907343,33.80500670791068,14.471414792693764
34.05056663272076,0.0,20.2129055176923,-14.886531155486189,42.52565672425701
48.93156621911867,0.0,47.74479752051949,-1.0756304278165327,48.373202057637165
45.71491735437514,0.0,65.67192687800409,5.336227120022081,45.87623739270655
51.68881661163637,0.0,42.261191006261726,21.992917172045374,37.301370594024156
46.59993698895004,0.0,38.01333102822831,10.18565240756601,68.44015208755546
29.029912280595404,0.0,31.254892559318844,-3.252537772675306,27.93529070603394
46.33034764669753,0.0,36.42248126115226,33.18184763002954,35.45420474053815
47.21430704202977,0.0,50.28290116605959,34.97886912598432,33.428492670375476
57.25065791330183,0.0,45.46471120799605,13.328503403693862,38.17586373252097
43.01952411135164,0.0,58.46815605677953,-12.746920059773942,40.00092308623638
68.41678742289353,0.0,67.69008294853857,-5.097929806100211,50.03909355344469
30.05372410263938,0.0,19.778336758568067,7.592664233723433,26.18340273002186
64.48991744983462,0.0,53.95338677334875,32.38990912582434,46.421700275028776
48.0830113845322,0.0,38.621319618309464,15.017106044820636,49.78857655431238
59.66468852873878,0.0,69.96605466077293,19.495309364075588,67.89175554575317
51.33258462302046,0.0,33.8265027588848,4.57795951344327,37.59452985124428
62.6562175807767,0.0,51.31266837480863,31.36837747733823,59.5169455395794
46.34087224075651,0.0,36.40272833115116,36.82030327191586,43.103811654699676
38.740967591871964,0.0,34.710793506310175,-22.244380563082142,10.636990429020493
65.65819764694484,0.0,58.46203119887867,22.696366497378495,78.35814520667442
49.267335716746395,0.0,29.442675794822527,1.1064459098382002,32.181430372612496
52.847279580833494,0.0,44.50963136218905,-4.25537304903963,51.36684802161888
63.673405334480606,0.0,58.32673799251589,6.774443077941955,64.21093430378092
39.45329519552379,0.0,28.9306903604632,14.736786084458087,-3.388615081493697
56.84280430913467,0.0,59.934150673094415,24.650231295359447,42.222899466465904
44.17677860672589,0.0,49.94770551854221,32.560405182336126,48.16645838588829
49.06764401525321,0.0,44.1962979456802,14.79425273569865,40.46580869954379
51.252205368768784,0.0,49.612163847604435,-8.905126233539526,51.60555086640772
34.449795266387866,0.0,7.792417670932476,3.2805009672511893,18.59676126150559
42.15790158809926,0.0,33.779051847983155,-8.66337736981168,46.575720889517385
64.91631265046186,0.0,71.23409094577734,6.375010100875102,61.465094596261984
59.94898105766533,0.0,51.23923844993152,28.831800131862824,67.94913106902167
49.81058025393638,0.0,37.95460942908977,17.815144791934674,26.13572202731984
53.0777047187849,0.0,73.06798759266204,25.154158372411732,49.91758050238175
47.335867798486866,0.0,62.572204830302,8.681077887075983,36.518130659000946
64.97519310930984,0.0,65.60711980119567,34.5529798995513,63.23369405607333
48.339095933678486,0.0,56.361032832939195,8.444575843053045,39.33549991132642
52.95716160607882,0.0,25.294741431225976,32.54404379106889,34.08456604175659
62.725399751603575,0.0,50.11501767221498,27.033184729824992,43.16689789859777
42.17356129758663,0.0,33.277485298030314,7.964669400265545,25.339535305440325
67.13579277090811,0.0,60.285917077821594,27.589296361660722,58.30108593002769
34.12668110128347,0.0,25.15761595368074,6.207436022128156,-2.775573658202859
67.89286726377279,0.0,36.54404808627791,47.50840835789635,23.088869302253535
46.497798447448666,0.0,46.58481637296815,16.716769222177156,39.17803430747748
47.88662067707606,0.0,49.61768127046216,13.99870402834081,5.858984932128223
30.284847991608974,0.0,43.51658822189073,0.9869654027679982,22.65596434184972
45.62034303786932,0.0,33.29633294468749,24.657765104004334,29.033861052644575
39.36940298114504,0.0,26.286845159411257,19.31612965248118,33.586838126555605
43.98710018382451,0.0,11.674573872549143,8.019416858656776,17.55140682139703
49.012705130159794,0.0,41.86539142930891,-1.644582468989615,58.531563841013934
60.714042480050374,0.0,66.00674602020834,8.361015871463556,65.82010570146934
52.69816698093615,0.0,42.12040240987754,14.070646513792038,22.969852436011255
53.767465407888324,0.0,72.32538259710974,36.26208804382188,48.266042214527914
38.77410263594176,0.0,32.19421953118414,5.487891518630509,47.215833269834675
41.06890246820025,0.0,38.720052276210296,1.9023072104299388,23.18308310866005
69.69954358737198,0.0,50.87897290475569,1.1981248218442389,56.88783452475933
42.62415895985857,0.0,41.732354797292075,32.45753516500469,51.5235685092721
68.1767302998504,0.0,42.86191545082325,33.19118807884243,47.20337114016715
47.882747832512756,0.0,51.2015530615585,25.236394103465205,54.91819333664752
50.504340593930344,0.0,54.103195876181346,29.011869131672725,32.43316307843574
61.91690790957149,0.0,72.03710423715171,19.410995117034933,21.939190574045462
64.07025730072148,0.0,48.97742247113996,24.107793637962157,67.98624567922654
49.295844616535724,0.0,46.9489908076532,35.77277921722098,46.173965206256284
46.331457671341575,0.0,48.30263110311773,15.697320232352702,45.130410823649804
49.88237516544698,0.0,50.5064216030711,23.397473577876823,28.582680055830135
54.09102115328954,0.0,40.80656007251303,29.698792665747767,29.868834538487405
60.003608878119145,0.0,30.46290524475692,29.740751172613876,58.28284335464081
50.52509033445004,0.0,50.12943923073307,13.665387196487234,45.640074701563286
57.09278771458175,0.0,51.299101743922556,18.603554839409888,46.53328839394178
67.98601615582345,0.0,57.622329757572686,36.02606500911446,61.032856230310806
54.55424475373596,0.0,58.501546432013505,28.621039848406305,67.06178535809096
53.809951736452966,0.0,49.21111736379811,33.739148787129466,53.880566797495234
34.2501008521387,0.0,16.50425129613174,14.292818265888464,14.00448424263498
22.370142688154512,0.0,-1.6497998756113894,8.405019866406379,-12.205777476970189
54.62974728642653,0.0,38.54607274302779,11.439210920065921,49.586685374318314
49.46668233954102,0.0,70.73939956274043,6.700458085216217,36.50092631671432
44.97936260304638,0.0,48.65583270313511,23.424006921398924,23.142975375665664
53.08205085806578,0.0,50.96684502977549,8.785564043528943,61.24383435579223
49.83447063069891,0.0,43.857138076364784,14.800234174210228,51.06409551203632
62.5303968684147,0.0,55.639019332439574,41.502194173394415,58.301450439943935
51.40000135121362,0.0,59.668557405746256,33.152191850332805,30.70704964363864
42.49890493542887,0.0,33.378851401586154,15.31310423670691,53.704798782175466
61.05997025843314,0.0,62.91631240987863,17.0882574288601,67.40521640572298
48.159815143970874,0.0,40.446671382899666,12.43296148285573,34.0644590317992
56.10601806292663,0.0,72.47260765413536,30.76547909276409,47.22296067596874
45.378687763380185,0.0,49.25474718697104,12.12876278419042,39.36918147538469
43.536394707929176,0.0,52.76945883858754,3.7634747757103195,32.06826316634085
51.37924396843147,0.0,41.11366669000771,33.0732068179402,68.13802382427862
50.61696965299668,0.0,57.74499307651374,18.081043496640792,40.169112346930866
55.60691837841448,0.0,48.144954143853994,10.12993057764435,32.57420544001407
47.60937298369508,0.0,44.756893677770144,20.61811423499415,58.56614677458899
30.858110527358317,0.0,44.430746963413405,18.348822765726222,18.68053620982632
45.85563899053973,0.0,30.834967767580643,-1.2945506550295427,42.99314385719722
58.96196450324356,0.0,56.90042427507419,17.28358615257807,59.56075557254508
47.30238508869967,0.0,47.925584883527144,10.224164496386688,38.732392214966886
47.84724958224524,0.0,49.32873967651588,20.37326345654271,28.161441542313327
61.019476385327025,0.0,52.00192980507713,30.14513719488945,50.62462745435112
42.87235160994021,0.0,61.01272821482716,3.4944669689916843,25.424516292223476
33.994807003492426,0.0,16.510090210299566,-14.648679805352643,19.438854118781677
48.76352574656432,0.0,60.16394802442019,29.04311250008888,53.937379155261034
45.30642146302997,0.0,54.18638156634058,-3.1784949189157956,61.2692070354622
40.15540500794714,0.0,56.381006752844506,13.593873644475106,22.960110026859034
48.605948218189006,0.0,27.766280487235857,12.556934949034257,31.23205102370707
55.73170611962597,0.0,42.381631765027926,20.62210162789761,37.703171573707884
50.380643958115634,0.0,62.10303178689104,38.660726140094994,49.536708571837224
53.76003302233327,0.0,29.77561559212667,60.06378890724216,19.927277714184818
69.85643025433585,0.0,48.45810729062005,3.0779598743424117,45.343553357074846
46.81618095055143,0.0,37.64603369386894,27.29798820824419,14.856873170208729
53.45409107432494,0.0,51.36826268997909,14.879458913456723,27.274446254931533
45.038871550780065,0.0,57.91432222405092,27.22233699064018,32.5076528480124
41.43641153103592,0.0,35.56546994997739,23.965883118842278,52.07388973209672
44.230066560002086,0.0,33.83538318010749,31.877458054360705,37.17667639698362
45.36428561768186,0.0,44.68107062948925,16.650808191677775,37.804484403740254
54.320947128242956,0.0,55.157632486317524,5.022062122286412,63.852608899878646
75.58012511215378,0.0,75.75087010723519,42.313575960752814,74.3824644331907
42.828860808576074,0.0,37.0109838284669,12.904522332406067,38.685384196731356
46.028188998171935,0.0,21.350994102611942,9.704819724460625,24.532506040647696
49.80541466917956,0.0,36.04112653535426,8.365196710971553,29.829864082902787
54.70906444518834,0.0,65.5985650662788,31.951894750974176,34.1349823692504
53.29597409199,0.0,51.160755065876806,39.58846900355476,37.54048449176139
64.20065218359609,0.0,56.48555428577933,6.142946598816028,51.52406101814733
24.553525953087675,0.0,32.76534968968721,9.962158311899998,21.714560100451365
24.975185555635125,0.0,9.389683976099104,-3.8179848585917844,10.196841062802354
45.18136008703162,0.0,38.821838013514515,-8.141639303546842,30.521384262673806
62.204712766219444,0.0,59.39439180661984,23.97190863394505,42.99498162400455
33.7507067039677,0.0,25.30201547786453,-5.487793914371601,27.19228674485498
18.342885421915213,0.0,15.89599329182397,-24.448617214260366,1.3226129955853994
56.58303233186752,0.0,50.42571417070864,7.784865726964886,51.75976840504343
53.083408080884766,0.0,34.165342934455374,2.3944949608692045,15.851146672235465
38.830851285521376,0.0,36.885426507253875,-0.06840308411968721,33.816901211338305
39.949253371326,0.0,22.0084257546952,-9.024751083415609,35.2933014910366
40.118034759170826,0.0,37.98260596632435,4.1837268352436965,38.670951783761225
51.66098029967087,0.0,62.114763780234426,6.044917843173817,44.65059153330827
43.7876198234441,0.0,36.86296337636664,17.06168396242161,44.84038104213001
55.759041641494136,0.0,39.20601019839414,26.711965617213878,27.423871715875634
19.97777431071019,0.0,15.09281751131563,2.3489668164834763,7.433870176197598
41.32430136601594,0.0,28.612224709838202,7.0970523642122085,26.61174015296016
38.44783609706884,0.0,40.87946245052948,5.1359428123952675,43.46982475608674
47.74085457779563,0.0,42.155854476925775,2.1455506935423205,12.832352273727373
44.73077165248535,0.0,58.855246748705284,0.8305748477381023,27.592104891806322
59.0049755811995,0.0,67.09813473925661,30.04688975084403,76.06146307977644
30.612597922943678,0.0,25.268509897732553,-20.269289324170558,-10.547062344182542
50.96597698083365,0.0,54.46356839385865,14.576260966879437,54.421134407519396
56.44580310836064,0.0,48.11591379243939,14.16640060663319,37.79715345267612
70.31845342086187,0.0,66.27012057034403,34.79246915918485,65.8637579823073
45.33215109661537,0.0,37.530048894450985,-7.463247333581066,52.44977529280789
53.946783101966574,0.0,57.931105343386555,17.527899395515707,51.25324150913364
31.205345812742006,0.0,42.633929098195125,9.686805118694288,43.41202551145767
24.921478412395327,0.0,29.745987859113686,-25.44075640968104,10.634098286339505
59.50643612415742,0.0,65.04027981512539,5.268494795896242,49.517868203930824
50.42048106693633,0.0,56.12230694614633,14.120539799064874,54.16055339379412
63.07248068407422,0.0,64.62261908146719,29.612583307735115,51.13910863198333
35.80487524343195,0.0,19.935959896423253,9.953155482408505,29.617906320034248
56.03512695136709,0.0,69.87201653550487,26.397480506570183,67.58914442527077
70.44849603535613,0.0,85.13185633750412,11.211040742057282,79.33561967123364
54.96451180201175,0.0,48.34633922090964,-4.476754942192255,25.763403737966804
53.43520903206707,0.0,45.39562375262729,18.261696551349317,39.14301186512881
50.57131667159693,0.0,52.98372444536862,-1.8267070285445932,47.022145106857145
33.694786757642575,0.0,35.745848794169696,-5.972060214607964,22.286172098470594
64.96439629637672,0.0,58.512020610685155,36.54452035023036,57.21618858932507
43.952787015221695,0.0,26.771857967880123,14.524163583532518,34.16887476633308
55.87037384375989,0.0,54.94614613439707,10.403110538006265,41.593032831982505
33.77863475282627,0.0,35.834853370939136,-3.568574723373535,23.007265888673377
37.87718804504414,0.0,41.7081057191225,17.27016758850623,15.604462372532439
65.81402041243508,0.0,65.17991628321946,26.861144577504724,52.9326163342268
46.768915957128584,0.0,39.897790477106454,-3.7079548280314008,17.566349974717248
66.008362774928,0.0,72.19285869542915,-3.4671160890616406,62.62438041208148
49.643987178296065,0.0,46.288936196566056,41.504949376894245,38.35307744782241
30.798936272004973,0.0,22.151902092601468,-12.596516514109677,7.559638442838633
60.011771403041365,0.0,53.86994114007204,28.121388405019015,73.30226075529119
44.1768046646835,0.0,21.744230866325093,33.27071149818524,26.07173511761647
57.94548970980548,0.0,51.82241371726706,21.62956257627483,52.38914553501383
50.74927559650849,0.0,53.96307223577886,7.133568799064893,35.96595258652464
33.99144107701733,0.0,33.804400653188196,-13.710586597784744,19.79822241467842
52.23540816325232,0.0,64.2297845137514,-3.8806500142222653,52.23691344290096
73.9468713960946,0.0,66.69412823570808,33.652098706412495,61.4506031892634
55.747528812866676,0.0,56.74712940579163,38.788344536553794,48.65813876360966
49.86530772450959,0.0,54.197999766169744,9.536222265354867,53.401064472489125
61.97010117831773,0.0,82.49691062743648,13.930532286562176,54.725484066808654
52.73091818732095,0.0,50.15779331086976,26.512459046947164,27.677686411410413
52.718798714762045,0.0,37.56506509961223,7.0110112639202224,21.431652406706696
38.81571293253238,0.0,43.92255074947401,12.904078257921805,49.692139359830065
52.978595311759726,0.0,68.61144215344167,17.40897203405107,61.70771165013935
61.543763774430744,0.0,53.87411154571859,15.757159672023864,60.38126288227665
41.546442606416676,0.0,46.53382920740201,10.317981111750015,29.181199231473364
65.70084779354957,0.0,74.37437276206002,48.65764735930404,44.95523035749473
49.500000856253386,0.0,56.21266287683858,23.426990897120525,40.136221536987414
40.993941619598175,0.0,38.419581748062576,25.62842931724296,30.577229765467205
61.13974387065482,0.0,49.4992212192851,8.359276457923816,36.436178860312374
47.41545369329035,0.0,42.541932591196435,29.206029061916343,19.575159694126462
58.59542554596366,0.0,59.24219023043532,28.911719184793633,29.960361750042967
47.36240836267996,0.0,52.960145351288546,-7.398454168036405,49.23991826018434
49.84064222125116,0.0,49.31905106089318,22.701878993638136,26.788097515246186
55.753659374068846,0.0,47.57671632942065,11.112185216973465,49.70631152029276
53.58817287884173,0.0,55.345178316333275,-4.627985719958321,41.56956369231628
29.15733357422686,0.0,34.55903050785787,5.556779911508755,28.84841887464929
38.4992340368762,0.0,38.65603802121073,16.45822732845653,34.09118984022995
60.41078045744568,0.0,47.32559981917279,23.040972923709035,46.447491218772065
49.067994132875576,0.0,43.10655033997859,13.132756011519644,40.987324684901935
44.88374515564286,0.0,50.94314786027264,7.71259031489784,37.143711282063244
35.9633240106559,0.0,17.512652689250384,42.22681401923196,13.868559054321025
38.94274710941674,0.0,12.926288363962438,-7.558375163502699,34.68065767927686
28.8766681920143,0.0,41.139937602744695,15.874685735998844,17.98531738375462
49.39769379110165,0.0,50.76161436049712,15.069232957539688,40.84641687006624
44.085497233885526,0.0,46.549410846176904,-0.1084673643003029,18.91375807947705
40.15175526746857,0.0,24.869040059481453,9.088412629058109,30.412769617059958
49.751984507093766,0.0,53.5024039178767,-4.5821062068870155,35.41113823803059
54.36897510460653,0.0,53.148356616729224,9.192615628348074,40.51680095054119
72.84603138456211,0.0,51.63043615196263,27.077455782616678,49.71109438563007
34.32518974723066,0.0,45.607968302981995,-15.289576752062992,27.253490108194683
62.86805613630512,0.0,60.26773406241102,29.39082113142224,30.103208440819117
60.877631583507565,0.0,52.44133595833859,7.58015867302268,59.76754923805557
42.15516943157073,0.0,34.232564105371225,-9.585653870943865,30.883030237435655
52.651500682828996,0.0,27.223991067506006,1.4152853415173716,31.466371765702213
45.590012892876366,0.0,47.886311331719725,43.42202262282848,18.81195683379799
52.46400432546752,0.0,51.13447082499129,-11.337078871527005,49.80246641209289
66.60518767271613,0.0,60.20780557904043,30.45463464703877,50.08068867972624
56.95088819943187,0.0,66.30150826577155,8.411252978835774,68.73697155754033
55.91445134366223,0.0,37.11150495958982,13.499550383544872,48.868366418853604
45.88197322718434,0.0,35.58019305865923,21.430080620754886,53.789986490315854
34.6225228457467,0.0,21.834930048812517,14.549942498550308,23.53907813361498
48.25237916551151,0.0,41.27445858693281,4.630310737357082,51.631654367916525
63.372684994299476,0.0,59.798510910971565,3.3984145720764367,61.16987676368381
34.16187321682242,0.0,34.92666710401386,15.245456356843297,19.811664687752597
39.20610354566145,0.0,31.662450530468345,17.0346213149695,30.660576349536772
51.82908358292493,0.0,38.455977577101464,12.172471693428946,29.65972618431408
39.95870776328611,0.0,53.91393805312599,15.892063625889577,61.46346067352117
42.01166028007321,0.0,63.60979377626765,4.510145052883098,38.893852059282814
45.953678484089046,0.0,43.4815469635756,1.3047828497082818,37.40943095778363
35.888064330445836,0.0,24.065174817305113,7.482992637662264,28.34404871562531
40.071253811873014,0.0,51.796597563817826,17.040219751299553,21.518342590570825
57.99612774783119,0.0,38.49180255668592,23.93534583288924,61.30737859427273
36.510449015367676,0.0,29.142285018140527,14.944156445527527,12.69324406975411
33.40638727170551,0.0,22.268113800875533,-4.654553293795159,5.406147017793147
43.747981079860494,0.0,27.528091447520033,34.03819396869282,28.479025295774036
58.300949332889935,0.0,51.137078075352306,14.92031503172802,32.909222297496726
48.37575422988863,0.0,35.2015845201724,12.614533830195793,55.92991078922147
45.515774287428776,0.0,41.66890409819408,-5.863597615676959,33.317510951543035
50.95387413570848,0.0,47.16708111645055,12.975418024171368,1.8291312189005922
31.826744661444383,0.0,21.50699360166122,12.695211344379384,22.080057921017946
55.7658986752676,0.0,47.688153373794336,29.09682306363924,52.79629451198452
54.57695517995719,0.0,47.99752118985495,39.708682174617856,39.80813259489747
46.10637045394418,0.0,50.684761315877516,20.373991645178,22.456612156163438
61.22834979642562,0.0,55.40655704879271,25.256055652029772,51.12801965562088
38.43242663311672,0.0,43.30008612852192,2.536477396332848,25.241906325280134
62.53177250285408,0.0,64.45687995584946,12.745224567767053,43.98171143292405
52.13068192395927,0.0,54.08367295156301,30.026318891056903,31.755421740602202
46.88377812402344,0.0,57.564853762760706,26.872428218350485,44.01164863071084
50.267540837325356,0.0,34.360232645614005,0.1530706496344969,48.90234936012054
49.333753339123085,0.0,40.2803174943751,25.006370563069584,44.468049804983615
63.518801684167336,0.0,77.88640326464775,31.777677237286255,39.41472432505343
38.97541368942409,0.0,32.38442962626208,-6.5714730813273174,36.04788601452342
42.33225979804083,0.0,8.618248745252203,18.584743349650072,33.38600288078277
61.55294740231246,0.0,55.14846818619105,6.742446542709914,69.98481250415294
44.116512440690606,0.0,41.587675244059334,-22.28332395367172,23.241984364645454
60.1022263165896,0.0,28.1776154773319,18.47888027421435,42.599954051867655
68.63862516874195,0.0,78.37483529080669,29.059529589295046,72.14525392746852
46.18665277762342,0.0,34.64223676292057,11.465608768774281,27.998951869301646
57.760353565988446,0.0,57.045509701083255,59.850184437156585,57.14117280608864
38.152516446699146,0.0,31.907263641356643,14.010314788438317,27.28939261133912
58.54433353699514,0.0,40.70673171983319,21.952258078565027,35.33983452447732
52.610769219538575,0.0,37.18038156903577,22.671417603941748,30.781350201163686
55.53437951960109,0.0,41.48666741525842,12.005637990537009,59.425253196283585
43.5818580358197,0.0,51.122329058925715,24.75347356430855,25.13854408138225
32.73096513548031,0.0,27.409064045523603,10.779165936530411,7.486656379119941
55.85721837421233,0.0,46.17637937706505,22.843268313993324,49.798163050644476
28.43211765855768,0.0,14.855870587782098,-5.465427923264382,14.582825453812184
47.088955452896535,0.0,55.7380850314765,-8.460952845974568,25.293847296775894
60.53656480008944,0.0,71.79061389452782,13.908337907249164,50.365248727701555
52.53035009429155,0.0,60.96513400615193,20.556347361037023,37.22996875537931
71.29823064372819,0.0,72.08441310287854,20.62163502691067,57.188077892776946
61.43334059620281,0.0,60.245430636533435,25.57746955477876,85.55743544561793
43.492890081995675,0.0,26.680574212176744,8.332322739190952,26.328284627692998
50.77174125979969,0.0,44.09939219292469,21.67463383208188,29.967431494092736
49.97373049940841,0.0,38.68001558994236,1.4034180873322288,63.949760844452996
33.57409469560629,0.0,10.482322129830905,8.873565944943616,28.67372298411533
40.431588436531314,0.0,47.72334764896267,0.8921271631031935,43.17605225022912
44.488078212120286,0.0,33.162118513821795,-9.523314828140908,22.433186843038193
28.72256839718403,0.0,37.685593003853334,1.1617898205738988,36.97398355032288
50.987368568489764,0.0,56.24256207633839,37.374813516607645,54.99944901837233
47.818523169783816,0.0,49.68898994582342,-6.569743583717003,42.22958650699831
32.60476830200351,0.0,35.331392707078116,7.305130491118039,2.945203377974366
54.79896948979279,0.0,44.14752657798746,29.05955389054805,43.824236104145264
58.129102623597745,0.0,73.58995329781584,52.06180675408277,77.13917454559827
52.905791528303865,0.0,49.254159950557145,9.83366981243817,46.917311509700205
47.01717599039077,0.0,46.20543169922152,4.637661444401582,34.02438247112429
56.79954284456835,0.0,45.75641360898999,2.4792527591923523,43.24399213683378
57.74815148482923,0.0,43.703792251028375,35.51297075861595,44.214223622709575
53.764547467287414,0.0,54.692280857102034,5.028572514982425,36.491686745013986
41.668786544257,0.0,40.055827036087145,5.381863287257122,32.24118648060695
53.4354148272381,0.0,40.96586399067853,-8.98360066034719,60.07114091555033
63.2537859240545,0.0,43.74711989241585,34.92366989331387,67.03527795981272
44.104821565732685,0.0,26.710732644268468,28.264764895477768,21.168200088190794
72.89669403746157,0.0,81.10147844900608,39.685047039262315,85.08121931077221
44.86344730768268,0.0,34.40480063585997,-10.261753369452475,42.997142396756416
50.82616750704102,0.0,43.16786271965647,24.192730324101895,48.63240864954365
43.29428294565503,0.0,54.698415313552466,-12.0731518564363,43.82953568892385
52.86557643197097,0.0,36.88435272596342,17.575690348588335,28.77610427314294
31.863990325014793,0.0,20.425531708994033,8.105454944092077,14.22283169975862
44.64535411778498,0.0,32.544911200643185,16.61105908691529,43.16238753131469
38.81041279601129,0.0,52.066520074685506,16.567159009561777,19.135454436370978
51.92600444576989,0.0,68.92775149522751,16.128221952377512,36.381806827869035
61.10571485251131,0.0,64.80924011173882,-6.367375220106364,58.99314318814247
57.38256784739288,0.0,61.48688816206962,26.78103152478743,41.45227189392192
25.13835326656464,0.0,15.36730666440209,2.8946995739063195,22.875289811603864
72.29971795714252,0.0,88.46349030391782,14.719188641512417,61.51252909375485
53.63500464952112,0.0,52.34710281353244,-4.93472228820896,48.713279856574
42.18288242945374,0.0,47.28659652299197,32.588172043154586,39.43557970384886
52.15882932147586,0.0,46.947120307431646,33.720441945647224,36.87685266435476
52.36250865484821,0.0,45.427731149827956,26.429430632203463,39.599281589003205
43.35451385425599,0.0,57.008300555299705,2.000453647103347,30.696155564494703
52.59466329094958,0.0,54.20310518271044,-18.85970261694981,45.19430414816297
43.98896001734592,0.0,55.392090391050374,22.654909982252963,27.177689578352357
46.159224358835175,0.0,44.869114327213886,18.239293266194213,34.870419691419734
43.14689687903591,0.0,30.229964939840535,6.136921019810262,40.25734300535463
35.17158338192307,0.0,25.19624080149058,22.88376517922638,9.079739979630249
52.03817847682145,0.0,49.03466983973451,28.252762101220803,37.354403347403434
56.73390699957024,0.0,45.930794972945144,21.365273167415257,52.56709743781609
55.981503052565444,0.0,40.10208413017415,18.964315571913126,17.821794952905933
59.24091947025979,0.0,67.73663501365695,20.97984208225513,77.78816546739606
53.94551804049186,0.0,44.054159799542994,26.932804637150095,56.43663051563162
44.787640811634034,0.0,42.281676681447266,0.23500915647329101,16.62218209576589
59.451829534399884,0.0,58.3647234062417,26.380341413711726,25.68504527021922
35.9746126108856,0.0,25.934550589463473,-5.497919811020541,24.478475409673376
40.856083169228405,0.0,52.30703785467553,28.99179243459812,21.859665629782516
40.17726948205455,0.0,24.467421310425777,17.283026609757318,38.891552978874344
62.020456635879164,0.0,60.52399513237696,12.090953634761652,59.49335996869802
60.553732074931304,0.0,58.918421897293946,22.11885786206279,54.50339247819175
55.686824098831806,0.0,50.95690902884284,6.277074196596235,39.698627974530574
61.93362701988672,0.0,43.94710326083527,42.93693497118389,69.45968226358826
41.08462360893583,0.0,46.394607950613945,33.15212814288279,43.632158401026516
54.20468543505018,0.0,57.941775050205024,27.304705829080135,55.32337118709947
49.142385875145244,0.0,37.950716791012184,36.647441954464526,52.83383437146702
59.528957518976576,0.0,62.793232731468365,22.55898059601801,40.63279992119776
49.24870522843157,0.0,49.170744963966946,25.529166768062918,57.37061248242861
46.36672043665281,0.0,28.82059703987162,30.44449778103216,29.656104447478672
56.25958330092397,0.0,43.0581142940687,18.542177654394287,49.04212626903634
59.84189423733671,0.0,67.65920187417505,21.593882406564617,53.11129932379163
43.33852376072096,0.0,42.66928853163852,24.678608230084258,11.38929047992088
49.827290826740395,0.0,39.80118279155343,24.198222112638774,50.89043948553597
39.17029476531401,0.0,26.214831717816033,-1.4146519916827849,3.872937078073871
23.787732372669524,0.0,14.727313292957223,-30.039078588292135,-0.7033938019510444
52.62183524817752,0.0,43.815533882417974,14.150369481510506,36.649119752587836
56.98613983628421,0.0,43.85645665473721,-10.526557608814908,21.27809331525862
53.28011729601458,0.0,30.73536272350466,3.020564971126813,25.10691272690707
29.648530674218147,0.0,38.00381408757037,-8.322163033138267,25.964660704446672
46.731014215679984,0.0,53.00001705849086,5.373213037905492,36.234756306448965
26.776510999948034,0.0,9.645394117124603,13.980879358353931,8.818462493141725
65.11535795881073,0.0,62.23963012716892,38.112763712105696,46.04911407388771
38.87523553295607,0.0,25.461782918085156,16.237870136822494,26.768317538881888
63.89407183573341,0.0,56.82924027039615,31.73200904669539,50.83458698341366
60.58665441194677,0.0,52.69837796013735,30.247042884094018,30.62201053894055
40.856948986829984,0.0,32.42926132943092,-25.026451051378036,27.31518813087843
38.37591444307756,0.0,55.71206507082151,8.938155290659045,19.46868799198849
54.223652610953344,0.0,45.43373638245709,-7.8108762638643086,55.22605411754933
41.45816310982409,0.0,28.994639505962077,17.66303692026672,24.357451343909027
51.574957611512005,0.0,39.420701379956526,-13.446848624761095,71.64084903000133
45.32080752878145,0.0,52.38804149232329,10.068610922560167,51.363026956081555
31.44794554012628,0.0,10.227688704610017,12.705899699040348,14.251379688437607
26.647004191415302,0.0,14.921337733171661,-13.40267571276856,20.847304572517647
52.9020492636185,0.0,64.10360545828725,30.330015857894306,22.575792438550266
44.4795638626657,0.0,43.09834766046279,19.288091463252343,47.8473685112894
44.57004497424683,0.0,42.6363581099075,17.565124966946787,25.525340796797433
57.91530442915035,0.0,76.28228143127926,29.369073490706388,57.31730236272614
63.018302549506906,0.0,61.343011604129764,17.27590804832733,46.50698837394912
47.56771191804151,0.0,36.0580030135298,15.986947960174437,28.317340311065205
46.8405447491796,0.0,39.852193835950175,13.588161025799547,34.40282957921849
55.82399789911201,0.0,39.65131768386241,18.206886272711483,44.45689670145871
35.980831050222754,0.0,45.453769704253816,-1.9918837412180732,29.689294997268217
52.864317922258294,0.0,54.836755051663374,-0.7522116942408594,45.80063384841668
56.37687905583017,0.0,64.10708641565486,13.940689082280958,31.037007711901488
57.748256711573454,0.0,66.39205638766569,13.918079933988537,82.18260950242988
29.785396947098786,0.0,21.692414396771166,-6.308552401065175,20.9692731187504
42.344696987150186,0.0,28.421666630512195,22.982494009083027,35.21297365140079
41.09551743739401,0.0,36.643622303153336,-6.2292085154507255,27.03875662090605
51.54720092348247,0.0,38.227564440674534,13.616395645469307,28.872809673694732
55.61672247966023,0.0,53.20758443150046,34.705455557485934,49.32975282911789
66.47247161211061,0.0,74.1102205214789,37.04713379196386,65.71796369703034
45.19111233580982,0.0,39.436769924066255,29.679595345756855,51.52133618029613
45.16325595326051,0.0,42.77571284075366,4.199626219137361,62.194969572067436
62.764313736145354,0.0,57.49366029853793,33.249953559267595,72.66491831547768
53.64886326911893,0.0,58.02211839888683,2.2092862696768094,25.342217333739878
64.02494252541281,0.0,52.65952190652174,19.003348572778926,47.984953253229925
53.564996201304524,0.0,26.204152127989886,14.580960784279103,41.88306869125408
38.115926881914675,0.0,39.244976341882754,0.5370286016029429,24.7871273095893
36.235214756536706,0.0,42.866866663209976,2.5193930714742834,28.889969144408617
33.90174968684855,0.0,34.84414028916543,-0.616977534765577,-1.5596732093632077
57.55401802883078,0.0,46.59150531058444,5.490971954828053,58.338967466260506
63.18023117943219,0.0,46.88539110607477,34.49490262566246,27.92513101038392
70.24060893571553,0.0,71.06679363762969,23.73590580604546,44.449474148481016
59.48860214137711,0.0,56.764396190665124,23.236319595072708,38.8281986337783
62.905000414590525,0.0,57.2938806457273,24.58324637707861,53.05854308411243
44.28233106506188,0.0,59.60705208573674,12.81173820390395,20.42824823742633
38.12341505736726,0.0,24.251373380938425,9.963451454070336,12.012274254197493
59.563120391313305,0.0,74.12300935304289,16.134868493313018,71.14930140069539
54.942875906939285,0.0,51.13617503598995,37.88701819373415,44.897455747500416
51.62795310296709,0.0,28.1190282031057,26.797771428018258,42.19618532794964
54.6190167376811,0.0,48.585350596208464,17.980510799987073,29.847861951464658
53.933179601215706,0.0,59.96037610634661,11.04481501393482,47.52555615943061
64.19767173044255,0.0,56.03256615555177,21.311415972082656,53.19020673705153
64.31701125252968,0.0,44.40739211625562,28.936361209254407,41.530155156557655
56.29497074772348,0.0,50.38788149547548,39.77919267449475,46.47352509298451
59.51742576843125,0.0,46.22556641867479,1.065083136131026,24.705950466523564
55.9727300764813,0.0,57.016084313973465,27.762777626945184,54.34598875513581
45.55222503828123,0.0,49.754499832622955,28.6158662584214,33.68748365794737
58.563902076662785,0.0,43.18171203216444,-1.0607734669042976,43.45936564039933
35.57950209868713,0.0,24.301325357749423,4.704862048989165,33.94275036229497
61.74088490745234,0.0,65.48722402421373,6.634761541586247,61.25668942199294
37.71623466170999,0.0,24.78189901662857,14.49877291683206,21.122851845897106
53.53374516445879,0.0,37.96419875480099,12.075269048964788,27.291686701160117
41.4492952753269,0.0,25.0662743399254,8.649674235667046,44.63227345094373
56.39293895927714,0.0,55.95003361914995,12.903950866218246,32.14325221497233
50.11739745861002,0.0,49.32875779628634,25.39572935061528,49.904766403273655
33.4396840889662,0.0,22.428566196752605,9.309009160116375,1.1624310065631533
54.97513308507868,0.0,50.88536869031014,21.17133411178628,57.705783685503235
44.30472239719707,0.0,56.50403470676999,14.316285064049843,52.37520768274892
59.895080153578334,0.0,45.359881403903984,28.688482873077472,24.477916298765
50.494058834257004,0.0,25.775382028353075,11.762832130504362,40.813161204188816
54.705026918221314,0.0,55.38145003414802,41.73546969494824,51.977903905197465
40.248123967739566,0.0,35.18980969494571,-7.576896365844448,38.96744436780953
44.18278927214402,0.0,32.71187896601555,-12.335191908044525,37.02030176768767
45.57927018265131,0.0,48.49734509702585,-12.733956639003974,26.30225131923777
59.6338897314787,0.0,64.29033450989473,-8.8272315831205,51.1727976215058
68.40292252408462,0.0,40.66150971583708,34.783028630144045,74.23671219316391
41.876511224614774,0.0,31.052955248385828,18.48802160943851,16.360886177286584
61.98617958255492,0.0,82.24457069668506,38.789949402502145,65.15744102559671
27.296560997773607,0.0,29.80261205702045,-12.184408819541522,32.98986254112545
37.719798573083295,0.0,41.0273427777833,18.93864068640574,17.65261084739033
40.2352002640714,0.0,48.75620701680812,10.617040254303285,16.606214805895746
36.02813293796375,0.0,32.39126241285678,9.851617609847995,10.301701039902252
33.559011252738756,0.0,38.21407986118653,14.963196288304118,30.90391251499078
54.892849734565544,0.0,58.34881271192183,7.214715941123293,32.536225554504455
48.19254779469041,0.0,49.86953492368259,50.648170765894704,39.04575907505598
54.5338979309624,0.0,46.99057021966021,36.443087462419356,61.8469095582178
57.857699141051825,0.0,55.485142004742094,12.008806868342479,49.21384791671579
53.3180515520295,0.0,42.97729036360609,1.6361837708328153,32.87305112027385
57.5081930604156,0.0,53.45661569447807,18.0706215086852,50.53704272178204
49.73693061259398,0.0,33.31920636471081,17.606660632259103,36.05096769499069
37.79668906234628,0.0,25.58283680643326,23.492393965886365,31.05087650157038
61.78279878885087,0.0,54.53479400545128,5.1894056700357645,72.78943949830752
44.185141059598706,0.0,30.241518486537213,16.010119972982913,36.667463333711005
40.482905136117026,0.0,31.244948097881032,-11.593912208063387,54.563289807639265
48.578814130912356,0.0,42.81075347098764,20.550849075038983,44.57709144688373
40.72637037543021,0.0,41.084537235850426,8.571325240329337,22.766307735918836
46.019586634873704,0.0,52.07464114703984,40.286340547975186,68.29835156394593
54.156162041708114,0.0,45.11918096723457,-4.318627704701875,42.315798970469366
54.201978024707294,0.0,64.19902311607683,36.80641053434621,36.52027167159888
40.88644306304033,0.0,46.91719057708497,-13.835582489553978,63.2387511096901
45.268687685956195,0.0,46.626200432824476,-6.119938719262304,28.35806197341281
61.95930493096016,0.0,59.3213541806901,-1.8774117022892796,44.52311160076196
55.78400427995504,0.0,55.00326213046033,21.889622718876645,41.23320591814259
72.6522786710492,0.0,80.76516312966709,11.09300153259884,70.92071740339372
63.08974237530052,0.0,71.75372904828083,3.3766775227386923,70.41631545435153
62.70683883525193,0.0,72.55583820691999,25.02378272306272,25.683597428102935
35.650307453995126,0.0,32.27662394488756,13.662750790232398,37.34539020931778
58.64185749019068,0.0,60.30752048177133,20.493927639968785,44.99488830038301
49.912439408997976,0.0,60.07263792154538,12.848860848106467,39.99175058443876
44.592569417247766,0.0,34.02787952429205,37.9834092209677,54.58368368754172
52.275163073788015,0.0,44.80875135390584,18.488395810406935,44.99862400972947
60.579622416578445,0.0,56.50928060365298,32.350880503389355,57.84185686666695
55.83135524472043,0.0,61.19208333550384,20.401773584563433,49.42133433926391
41.09326769450327,0.0,46.872438268610864,-5.183008011865343,43.910710530258896
58.413179875141736,0.0,51.76756134471766,27.555530966683218,69.35094602282285
43.667173950803004,0.0,23.75497461490202,2.46120353004771,-1.5413016755977118
52.79518567602094,0.0,51.29410678951002,15.436976059088297,58.237762803463696
47.23855211733189,0.0,33.51103304399703,17.968885610421275,54.35900155625643
48.141274516507565,0.0,28.349662207669464,-13.1963984340752,40.43270091862786
58.66731618307168,0.0,41.08662960740654,-2.7341624398911684,37.65992044081597
39.36526581014389,0.0,38.94392538230076,22.153969112068623,16.26842588461759
71.26459837487263,0.0,81.24238844526403,17.51641807793859,97.42620486079429
31.021312485686003,0.0,27.701560076541604,-3.932545882824325,9.546069172450899
44.09372370371666,0.0,42.37413498942717,14.282287675739981,54.262755896162616
54.43566390564198,0.0,62.81809130289098,12.185946025788013,54.3231358496922
56.72337923915157,0.0,36.20717671765058,24.762520391088337,68.68140210073555
49.40629531834934,0.0,50.86277350420865,14.136234844189012,37.99516185659805
49.86666527309269,0.0,45.68837421387079,17.908282382842295,20.687859589893364
54.8666836482702,0.0,56.71467135958314,7.967250271463826,47.95810886854602
48.01088119673611,0.0,38.87121577528071,16.81779176724143,18.710833383285827
65.36624692977377,0.0,52.3888882025968,39.20056112344337,88.09493937977986
59.4484663807258,0.0,56.71468669639894,12.375179555471615,59.30510213350661
59.806154368518484,0.0,73.03023331643892,33.47061404058832,66.37630615406599
40.156362358902015,0.0,45.37748782992472,9.046397158503344,42.9276767947418
49.63161627976692,0.0,40.20789245966815,25.33051691292167,30.256179999939437
47.26936936416741,0.0,29.06901685328512,15.496795189697638,32.078996387298
39.734890259617956,0.0,18.054936905088194,9.07051583512072,25.98598133057003
54.328302641436665,0.0,64.12207179794551,22.489972503791567,74.02515150284496
44.735067091114715,0.0,30.661596486325024,29.39096242447469,17.821246688619198
57.48298308695675,0.0,49.85184914832995,22.622481282961836,38.766257271793265
39.04473430199428,0.0,49.15563394007252,15.90531757527103,28.967867802694236
68.8481036152653,0.0,47.3883818533507,20.349061981743155,47.4288106452047
40.90244309310761,0.0,52.79135926705138,32.319385852199154,17.814449438189385
52.823172420574906,0.0,46.032755873581955,25.75790800177347,9.36686846739213
58.94103061583107,0.0,42.57554750290002,21.191847738576083,23.972936365765054
44.38251400641034,0.0,37.80391969356883,10.36721948646103,47.87507171018956
59.58865054230454,0.0,47.71956733171243,34.233072300971685,48.728300189579464
37.34588026775674,0.0,38.170220831008734,-0.3140572049140431,39.29634418350389
65.99599175338285,0.0,54.804572545109025,-1.1495155927423646,48.62341526061219
50.63108069341399,0.0,26.334365122246385,16.54998305580929,34.251516862863525
44.1071471958995,0.0,37.81675160695254,28.713400653421363,54.085026722537876
47.283090982849636,0.0,28.91771755855839,36.113901865310694,53.07304491736498
59.12331886817088,0.0,57.07034651707549,18.685042303085197,63.0636093479822
44.23490011203536,0.0,27.714638035188862,12.628707174945168,33.5144291212118
42.47289295528257,0.0,33.38061828787639,18.367146636264916,37.81685441149116
48.11274146565659,0.0,46.01931296318767,10.420583356971141,44.13435242908182
37.903874764589595,0.0,31.805992021299005,15.812037005608786,25.284179241524907
69.93268173561509,0.0,68.18158602380642,24.934242443897766,57.9199490094507
44.427881440655156,0.0,47.66424220589083,26.37239223561496,51.18755608060176
59.36584528142616,0.0,42.89411036740376,30.51826852493663,31.0261995856056
52.71811329844055,0.0,47.93196519891035,28.094209165729946,62.18739494457944
39.95999782831152,0.0,0.8439390004168814,6.77178312178694,16.130424409718486
50.4162666767401,0.0,48.96829261212116,42.551186316506794,25.76691644989611
58.85708238833841,0.0,51.463652856621195,26.86978776212076,42.59428160211304
48.46829269793981,0.0,34.03040207816244,17.825890651843096,25.23535865572658
63.22848663689142,0.0,62.28362748862669,11.7302028830575,48.84982832660894
61.3949407270662,0.0,69.54969110284276,20.077546448781707,49.41503103558989
60.29863839840509,0.0,51.0264941091666,22.454732662564673,42.46749961419793
45.56839124306117,0.0,31.589226471259487,1.6476844601028553,29.340811134591746
38.941613131589804,0.0,36.82018984743037,4.986124004271091,28.874385067988452
43.923616918720846,0.0,25.837620585847237,9.507011685820352,39.715030686617276
52.576757896981974,0.0,41.48668251864323,17.387089722982992,38.50388185113163
56.31170755489554,0.0,65.07988967624838,-6.187687427634817,55.643071854713625
27.27632345872537,0.0,24.26741064310451,0.7880589927132065,17.02178986602893
50.393202857712225,0.0,26.44104140843106,10.081588260482274,42.076300807261504
52.16910102560012,0.0,29.059081680138984,16.080739682805692,38.067245795267965
47.514291127934044,0.0,45.214220782646336,28.405555445400374,30.731107928736442
64.27735068505567,0.0,69.09900136746003,51.95122575484062,47.44354124924336
54.98667778507072,0.0,33.72615860598222,27.48299356322663,43.68479002492179
64.47949312552494,0.0,64.93094248781688,5.745639123367614,73.69193241729215
48.1723226975652,0.0,58.22276333561808,9.311094197900543,40.389760491798214
60.49698300235839,0.0,76.23461703119636,29.350047070310506,49.4160014164812
67.95082634197635,0.0,67.08873964097799,31.858848940860604,57.917699918422166
64.49553732115214,0.0,65.5508041504207,37.06254916582282,50.99007033124472
38.81019489285325,0.0,12.37269256540456,7.661292664140351,13.85236564248733
47.769326242256945,0.0,65.96814927854496,8.834647590907498,27.267071606763846
46.7917563614816,0.0,36.69951488421992,38.114248730766334,32.62072175006948
55.70765264427697,0.0,41.67401223465601,19.146545135438632,46.964172537412445
57.813685599727066,0.0,50.92081144371735,5.1506126036349436,34.93363271833551
41.516198049855504,0.0,53.59992497277296,31.30738348887467,25.777373705072748
51.20475847060435,0.0,70.4903550342402,-5.237412895341485,37.45875682435826
28.896663400057772,0.0,26.52892120188609,-45.66618710779468,1.547633235744268
65.88729497999404,0.0,72.11706936631691,34.75632372807947,49.126531991499164
45.005097088575305,0.0,41.49027427239506,25.271055306738347,33.281456013477495
51.07680832842736,0.0,36.018967975218374,21.60884531810624,22.00243028544636
47.17123943782766,0.0,58.78803228724282,-4.725490518442442,40.935755370594535
62.72537230007386,0.0,51.865412453177896,21.347065220196964,43.71323317296696
20.16070647703794,0.0,32.864422351556414,-5.136272234906507,2.4744772552854553
50.302409618980114,0.0,59.97967740389045,7.7778310910420325,50.125091784574444
49.34920415751123,0.0,51.79983610885708,34.723635708113676,34.21757514559134
45.63271996751302,0.0,61.003099834894115,-1.9665400120639287,36.27582678869327
68.92488639827539,0.0,88.16263483086007,30.03825419350031,84.44734763976001
40.99864364933093,0.0,35.241289295789265,27.061966646822437,19.29923331333203
58.72665299172214,0.0,45.96031447151064,25.354128067010738,67.18195507313513
54.28650878939648,0.0,30.428147931689153,35.02813988843009,35.183245432108336
63.959418410592406,0.0,83.41316111944133,30.798526469526603,48.81449690630562
43.350876972354534,0.0,34.75490037166139,17.578881007043407,25.527106889220136
42.64800966809278,0.0,50.726904574165054,16.31165646005521,37.59794491687275
62.19156703690585,0.0,50.0802511928694,30.5276926414598,67.2025470392925
55.02451640890649,0.0,67.15713878510189,12.511453903639469,61.18586952145242
33.97200351713171,0.0,22.781663934951737,-11.97143603376632,22.414541470006863
44.71733768151136,0.0,28.1402164205673,25.72367247565395,47.2139511991153
54.608450973341206,0.0,48.264890867817286,34.08653588674813,21.694277708527657
59.431531561737174,0.0,49.58431205043182,23.917178153774852,52.38863243402224
43.222210985450104,0.0,45.590615808161346,3.7304057468439877,39.49330258722591
19.3406258985643,0.0,15.266515597566716,-23.617928528800277,12.131969369003297
56.07061283436846,0.0,58.55017148382508,19.728421925422353,29.312810229414097
37.44058178394202,0.0,30.51936658155792,-10.728530246631092,13.929271603464185
28.924322279249754,0.0,18.191315212936477,-17.382324248201396,14.274448563749708
20.216061081520248,0.0,10.49581157286249,-1.4781374118002681,21.252960744601257
59.17740273447179,0.0,76.59987646258581,9.463942850993469,81.16872942327933
51.854190635620334,0.0,50.14695930041612,21.06794178572231,35.33615722065974
48.068720957382745,0.0,23.052972930940868,11.876771722105564,16.168778054205614
65.32182987581568,0.0,55.49562598865527,15.055140606191761,65.76875960223101
57.28980465798046,0.0,54.131373245052,-4.835753052283977,81.64136256506049
67.7503050234606,0.0,82.91382383738953,12.919684161580788,79.57123438108698
35.59830365652021,0.0,42.67331988017291,-4.232799398710712,19.54501773197012
50.110714985741524,0.0,36.29776900107687,-2.022839803975053,73.81031227381496
33.20506575661939,0.0,55.025827580906444,1.3158366209374162,39.366602732460294
48.02890860367104,0.0,43.675162021885285,-2.0670436423914076,28.860137847480118
47.823395501642025,0.0,56.99085654092374,11.67927603449871,66.75306757101006
57.17535550767535,0.0,40.772273383124954,22.51420289989114,34.01517917777778
50.96675063723466,0.0,21.516172123916338,4.0721364243542855,26.524803292508064
57.14109357916723,0.0,38.05702392093019,25.102291636419167,53.095683968716116
57.9962582814028,0.0,19.40751696253946,0.39379354303374825,38.72307543383069
73.50563376990124,0.0,91.39205640574681,12.42893396837416,73.20124234622371
47.11090101262929,0.0,45.37273987293799,11.999684074046526,39.02618867498397
40.424923207831306,0.0,26.747713775734162,19.602107191907876,41.68185626687498
53.109334443699105,0.0,53.787279767987755,29.1148635385729,16.6822182931107
41.907409741079306,0.0,39.99216441835423,33.456566006267984,36.471221559391005
66.31486947971734,0.0,68.54649111688154,18.842627097247355,56.67877778411236
47.45366589903177,0.0,56.238110528872184,11.986778346788364,32.70429555186558
44.43662428128948,0.0,37.406644901014346,-2.4267509774732208,24.652299321354526
45.44381360400985,0.0,32.154323153253344,-4.988745224666072,0.3435128344225191
58.156292902752,0.0,62.71701161473872,22.886482118880302,42.30777176262459
48.79434318079153,0.0,53.24697075000836,3.5869941507527265,58.32789039612166
43.62358624539613,0.0,40.74130844874204,29.044769429328955,44.84979436199639
68.27443175479495,0.0,86.9435990301876,4.618911748887779,64.98813740025852
41.33158890099391,0.0,32.79004601245976,17.27237704948083,12.681143275853977
50.85992255021429,0.0,37.26539073233947,1.4829975409128409,49.22393375306772
57.449883924612465,0.0,57.68772088463648,7.715818031314441,66.55808864651974
33.04883029297595,0.0,22.140816771236302,13.46372635022638,33.62317773935539
55.611550028859426,0.0,56.70029419506791,8.742692592038978,36.406577619446324
39.20590792934106,0.0,26.5193159075814,1.9823599325171894,15.970417437287503
59.27145259294919,0.0,50.81879958094542,8.833752706645411,70.19541903899645
40.19382141806602,0.0,56.31243588656187,34.94756795989673,21.45322083225507
57.88223594382445,0.0,49.39693387684469,10.813505307980423,53.998336130827525
62.295887871301694,0.0,49.57332678055022,22.66705457941471,29.280211235394493
59.68447372528845,0.0,67.84730085497347,17.660099617445745,51.2518585714703
53.16525019504834,0.0,37.93129954354936,20.042635644743047,48.240225484298854
48.00840795302199,0.0,36.65240632175541,5.425704680218976,36.21695574173312
44.32076295245826,0.0,46.46139760616539,9.23182830126558,43.27104003616581
66.1981226813439,0.0,71.79112458307553,29.636656285213512,45.88854823116981
43.00568101036449,0.0,51.98249241972487,-0.8222736818270384,27.158892426917568
39.39868518518149,0.0,27.61651820536101,24.706890841175436,33.26035663550662
57.58946174892903,0.0,59.70751503054198,36.05937619691102,59.62588189904961
41.97305102180148,0.0,33.12116099953553,19.317879922288483,33.63300165932113
40.328320921276216,0.0,30.02812678236035,10.852147046025012,40.511448909716684
35.05476291145061,0.0,43.98574194424311,-35.173320812575746,8.184357247049999
45.319928689429155,0.0,35.527456457873434,18.58976632228059,28.367681222127583
49.596071059098726,0.0,48.488875560707356,9.44643292474392,64.14542783400779
53.07736566981121,0.0,50.61270550556905,13.40379109018816,60.730053347931346
60.6447453150122,0.0,45.073481324727844,-5.7040263040411325,56.74921721188317
56.10987796710752,0.0,62.16941520254764,25.49631387621728,48.59792646643703
48.440395000975954,0.0,50.33785964758487,-6.087118767348592,53.98413337957309
48.36214275279459,0.0,23.31459060863602,15.951567943342157,38.179531645651984
55.931003666235505,0.0,54.70648884101233,31.19064672057471,29.198767534822895
64.07749906610654,0.0,51.59810247282139,16.306143950124373,65.88008757989921
51.82958004979686,0.0,59.34876582368571,33.32460936017902,35.58767842013983
45.467159239020354,0.0,26.192828837918473,2.165394283032695,40.955237688044704
39.87096967099335,0.0,32.215313044123526,18.07721084491828,8.83071764496233
35.037655959394584,0.0,35.06795653402142,-11.426799024452592,46.11505040044005
57.59908626065572,0.0,53.98534883219868,33.8896184617477,45.77025995023566
56.65568193387832,0.0,60.556371301173606,31.18495495446308,36.62071573994699
56.64911058117328,0.0,36.40965178558555,25.43712975147906,34.555330730726624
49.105147928984366,0.0,62.542212591428516,9.149095851548854,41.069300323531635
65.51320503691495,0.0,66.74504227790675,3.952298681485672,59.068233088256946
45.30701402590446,0.0,55.7175951116254,7.098940406957934,56.74511744609602
60.68709049596994,0.0,65.69591786849054,36.70248137894433,55.993915050162116
50.06591993317416,0.0,45.88398443001385,17.0505244735774,13.868391814164948
43.97957335658269,0.0,26.436588855278323,-10.010691336304927,15.05499475996877
56.81116995201503,0.0,46.67279770184821,3.076992698660634,80.80205843795723
54.85691777590688,0.0,67.53522749498235,35.511195403455616,52.890637344732156
54.29420178415903,0.0,64.82225640110816,24.41845842167862,61.815038322669686
51.34836592978086,0.0,40.71095745320808,-1.4651318219560459,36.53484267272181
50.07500031702828,0.0,16.194075644565245,-9.659340324744822,19.441299568910317
76.00001104179188,0.0,69.24402082826188,20.66435467896143,61.938468125607834
63.133855719658314,0.0,55.80555538161907,-3.6875612107593447,55.60264915079085
58.20340877540952,0.0,51.361321618610944,17.495453806863296,43.1259180325364
51.67448462976592,0.0,53.180415736000896,50.650641185339694,68.35714251640238
61.24152126342713,0.0,66.26167738259171,-1.1426140580737467,48.02310888738065
56.014746486632035,0.0,62.332062377072724,15.867146450387718,37.34686959337443
50.75989541114429,0.0,51.405106931844024,34.087757597653315,53.26649485682537
47.236262740325984,0.0,24.17115344400027,24.21988329816338,43.851609781974034
49.615279609466654,0.0,41.953571079538186,12.87547856596014,39.804017009878045
16.60341326522329,0.0,37.50080481471639,-5.233760326660844,5.228044066628955
52.730195594252734,0.0,52.585005017187825,0.3947277257062396,21.31617896300848
45.26045256291057,0.0,45.17613070616154,8.806405835674877,52.30066817538087
67.49781441065616,0.0,66.94258919385346,28.22999971526463,71.56480974861469
50.68658798265501,0.0,51.01213156567526,31.133131950289542,37.50486237817025
37.7756389795336,0.0,8.711349553661162,-0.27474883169521647,21.018374075485113
49.94691662820298,0.0,43.35537148952858,12.478654444541567,37.27951404811556
39.30193101247591,0.0,35.027143140610924,-4.072602157255142,49.74644740824138
55.53832376765594,0.0,64.94510725517787,21.40192174914434,37.98377381288706
53.58871041409847,0.0,49.973443950769806,28.199978127530827,37.16875797915638
60.714555545090036,0.0,39.04975859722792,29.944295512108695,38.122966838805866
42.02920161751091,0.0,42.65939318396304,-5.687607612758768,37.692646206692174
50.84327532080699,0.0,38.26519973158841,17.715917890427786,39.95587951122113
35.8944285005209,0.0,19.20391667100501,-2.1137939648099557,24.50604281683668
57.975471908298196,0.0,44.9536646097285,33.813509515527834,35.763180728907685
56.024110996964794,0.0,57.602951712420264,16.22053916851799,67.62309110054544
55.77764558128831,0.0,64.93975028438139,-3.054202169730008,45.45382746639758
50.49719324471977,0.0,51.54077534314212,12.358787629171637,57.834034316117624
54.911804965811385,0.0,57.45702810989429,24.34302538167391,87.3733687427812
67.62250062311236,0.0,68.26674939365655,28.30649253973144,50.31893283002724
47.4336182237837,0.0,44.49202444663802,6.560414304682123,42.797887275783026
51.96133848859121,0.0,55.2441544859477,8.013380513076466,43.61304558861389
38.87446922524497,0.0,9.413899606750544,-4.847112479820197,46.68069798609238
41.20239343787715,0.0,38.47133087686772,4.785180671408459,28.414991950602978
51.52504353745839,0.0,36.384047776013865,3.963137210352624,42.31299915697772
62.27559121603052,0.0,70.31153979831953,35.599555503051924,60.56730397177461
47.74149412816588,0.0,42.16530203008378,1.2431572625733747,36.80261020343397
47.9590897116976,0.0,44.26374090283955,15.784447158215585,48.28829315791411
46.13226303006961,0.0,26.215070313425365,13.822485768895701,33.15569748481262
44.765937423697885,0.0,51.557593240029874,25.632351200639107,44.63116379058847
53.631708441395716,0.0,56.14928210725487,32.52986009763149,49.47813183752173
34.481468367299584,0.0,36.58390858469137,16.461474168271863,18.6421683346535
64.16692752270609,0.0,51.262211757157246,27.942243389359096,50.060514952433174
43.36975535595683,0.0,31.239702976726143,-3.2381423546698755,38.324300207692346
58.19354200418585,0.0,56.3605772006205,4.6238537043475905,57.2593498817959
36.90976579977279,0.0,25.728324092920335,-3.928503951725771,40.304460200695964
57.62655200005406,0.0,58.039132608316024,29.970191881493253,73.65775477863927
57.659723811047805,0.0,30.60440326663958,20.425955339396406,35.66274696747983
54.58515112525929,0.0,45.28937013492392,29.943678679012717,45.938116327955015
39.85427389990931,0.0,54.98315787987481,23.73808714050274,33.470201364198694
53.14635394595784,0.0,53.68464119574128,6.682259315035635,31.871357869021946
37.838758680329114,0.0,35.7550285677644,8.951218602082152,35.56069708334276
47.77907988869702,0.0,64.76588627969221,13.779223683399662,54.638676784580355
61.479328938083455,0.0,32.50608618107602,16.872758131499133,32.23120633670075
58.99277471038579,0.0,46.15289690665161,12.588427405298596,43.22449726497115
50.642125695252446,0.0,42.3281397345343,32.23098255362063,34.43871152044785
40.063937370990345,0.0,45.25957702987626,10.454538704520413,14.271917735515679
57.37809637911414,0.0,62.458859375901525,19.423068220636306,51.14421448633345
50.68698511647822,0.0,37.45362438708888,4.24801627134069,24.594431400448496
25.686969166259445,0.0,32.60724729069957,11.335609716347987,20.21836232867355
58.84241217712661,0.0,50.36463199928729,5.878985393341365,52.41845446784194
50.22096213943973,0.0,58.980087552951616,21.714725967929816,49.957230103723845
63.328267813095145,0.0,48.11409437610329,29.30339012140426,57.32924642628044
38.776761849709516,0.0,33.60715997903207,3.2017369094761534,47.692683370972134
16.536331055821123,0.0,7.867646244549723,1.2679079137545042,-6.375911499995206
53.46194705120093,0.0,60.51872453385672,19.701955595638466,38.53748780355451
53.595295805058484,0.0,43.943696776899635,16.604196124310263,51.26516173466346
32.414810597182225,0.0,28.210349447200944,5.700700201946442,20.418425775238827
40.02447742640263,0.0,41.501002689467796,10.571092406336609,45.97816563237055
79.91981359128211,0.0,81.11653528707349,33.45717791946753,81.56128194296714
47.214397832851475,0.0,52.58961609787009,14.500892781555047,64.7505695860734
58.29030129984011,0.0,56.32367129077054,4.183906894650999,49.30029950647422
43.527494597564655,0.0,35.15527101682955,9.480799725622163,14.199348803307778
28.14468978411149,0.0,20.762574507062634,6.905051049834595,20.784959943224692
48.66065842990209,0.0,44.8974098836121,15.81779024141173,38.69409131809649
47.641868592925775,0.0,46.265549290664225,27.326830447414807,45.89271635150663
46.20713395136734,0.0,40.657176413702715,21.836445167516835,44.69215799313367
49.254938914448694,0.0,45.41301221551839,2.5079354910475793,33.528702823317296
53.30364025772545,0.0,33.13411994962661,14.650510899644928,26.9950454412067
48.87587123101302,0.0,51.89884098451924,10.177863176194155,40.052726342816534
36.973795818296075,0.0,35.05646386069549,7.962587314772677,-2.0839986584278556
55.674851968717505,0.0,62.12045399118931,18.259739849198628,51.19542271754422
29.650560451647262,0.0,25.944538578768356,12.61644659284659,14.1722910894321
28.571512892570393,0.0,6.48763465980883,5.904914515943631,23.29253118822942
58.37814947149746,0.0,50.383133240037665,37.12786294491417,23.920854708737163
55.89748224229277,0.0,49.622488644333586,21.820239454483303,46.653389822842854
49.86661545814021,0.0,53.67193972132037,3.405221561811347,62.846504368638875
35.569314491371195,0.0,9.853277138379347,0.6672230583355638,27.357702178519382
42.91575775891474,0.0,39.41547160153656,19.797883281463605,45.76003456082009
47.67240475448126,0.0,49.0899324541379,-8.842594482160102,44.34061460821269
33.42752427493211,0.0,22.655313055159937,-12.890800691191007,0.4211653907136039
42.583260224141334,0.0,39.44262942463112,11.257503871640854,35.350809776773936
57.45014236174745,0.0,46.62902864064194,32.67749312496143,51.958087516253656
65.73086818755573,0.0,53.68225515741561,42.24670989667071,41.89247858309765
45.998169629931596,0.0,37.6874294271216,9.924179951405385,33.78191317770496
58.56308657949492,0.0,46.83762376294566,34.837919442646395,11.565043868135916
30.027871164747697,0.0,33.547315185663365,5.224837415224249,17.6799447819157
57.526230290862685,0.0,45.56190832341357,-2.2609136695945047,41.14755672495101
41.88958276637511,0.0,28.417142326736744,10.611713609819013,46.90347609336468
53.763928230557646,0.0,68.34840909585535,8.530094472625885,43.078570412004055
47.83262144135127,0.0,53.977975736674956,26.93113941518272,38.37869189197665
64.5887178343393,0.0,40.58221569565451,22.83890534892833,49.51791854209182
41.136415972482155,0.0,29.138674761413792,-7.696309912134964,21.67251120092397
57.185962233692614,0.0,55.56994158713497,-2.0012134315209984,58.348941538600954
47.49331396324995,0.0,46.904297531806115,13.509630137865436,14.431265104711791
48.788375579285145,0.0,28.979735906656806,-19.58783233260084,49.0527636724602
48.51538688415447,0.0,56.74226639993226,7.065188466007084,42.91637934707323
41.44374812076394,0.0,46.26511119999765,13.736097999483583,50.71122475488917
50.329244057345726,0.0,51.36483566553722,0.4687614308917496,8.536806052540022
49.8104878829936,0.0,60.11192527605651,29.085683223381807,14.669831085532572
53.05758233285492,0.0,53.7328837568993,33.64657763617046,41.99489480163482
51.38284396178261,0.0,52.047721172265426,1.6159205801755228,50.1585586572325
59.006586578512774,0.0,71.27609848392115,15.932902207843963,48.591862972116765
60.347723436361264,0.0,67.76415791851296,34.886776812190746,62.7719650018479
39.25382392902148,0.0,26.476473529829853,9.25851689894761,39.038618706254766
59.762859731604856,0.0,62.23699354509416,0.897972247117945,61.6745377168673
37.80370879247701,0.0,26.926764001385212,6.460345171753103,27.102166517773266
56.76122307331512,0.0,57.921583165160165,6.879643117044443,50.94396404698364
57.101896664195635,0.0,57.96496992896118,34.70237635030186,42.351283686333716
30.057182448083758,0.0,11.703403858964354,12.761155093677806,14.565738454120304
51.47339101592408,0.0,46.10078288408239,11.571324640127912,29.32741530331421
45.47394154138232,0.0,44.30068717365324,14.698548136408473,27.167043067275888
42.372371657285264,0.0,33.82912614442411,-7.442729878367601,37.83053938872623
64.91395591505636,0.0,63.92940683793187,12.757491675530781,52.049806332748595
43.49523277683409,0.0,48.07678479054554,33.49623790613734,27.38075515026362
41.86363372136755,0.0,37.621998992064306,11.465373745320779,37.775804269020774
51.28870557627185,0.0,49.5851598472803,28.9976194324203,47.76753278893125
57.80552418761905,0.0,68.25183845911907,22.74219301211954,50.99343393736573
48.96635699947382,0.0,49.93329306644051,33.135238866581616,39.489530617505714
62.942740030397324,0.0,60.787044197771586,-5.870816097452572,60.55482625587709
56.153449219986435,0.0,41.851746190922654,15.912488117678272,56.51182041527879
27.20537495905926,0.0,30.64015173116331,25.832937648217637,21.313396070150354
44.82245874978344,0.0,44.34707672513823,25.811461373230046,21.597033984295795
44.47652550745951,0.0,54.09743592438683,30.823960729953594,36.399830467307574
55.601938222143616,0.0,51.94361722766508,18.166355841845014,41.96823726661384
22.433324850654664,0.0,-0.3688749686369164,-7.536128249129934,-7.394320262088515
77.71644942676545,0.0,55.191772252950386,15.941122938721993,71.22262412980446
56.15398810350247,0.0,59.77467716421227,3.1075544975053937,57.02120697831714
52.070664904073254,0.0,41.94361520931551,27.69374682344724,50.37601404536233
63.10512410739027,0.0,63.44325232215972,29.617335990736567,43.923285978402895
75.5221930623259,0.0,72.2337321363759,28.271496200281604,70.44997942515185
59.783953759972526,0.0,53.792213236156066,27.72131284073001,50.74165723470433
60.61810565191324,0.0,55.35777068944739,23.025888991876897,55.77141647843651
51.87633640414373,0.0,38.62903694671027,29.77336607845136,41.77761419398669
48.967669484917025,0.0,44.76053680542002,28.040489025050555,39.62632042162064
45.395947085118436,0.0,35.23246160889584,-2.36734068806134,32.499157488575435
41.65276158096262,0.0,33.79946878832833,14.451494382467,44.664623734764476
43.13904367769332,0.0,35.77450736770313,-12.104870110835549,21.830500182249853
36.04899810213382,0.0,29.832417362019022,9.390087933806017,23.184862585511045
49.669195677987794,0.0,55.37485191756256,23.51675619066604,57.03389852448184
32.478964787145046,0.0,27.34919321617325,-12.958915691652138,11.7305420236476
52.51986569797704,0.0,59.250780325603614,10.699161262020898,37.4103599047222
50.09169558548537,0.0,62.30486982333153,15.367555730243396,55.1203705988823
52.04991962267732,0.0,57.003225039968754,19.605778016348793,28.082986194820194
44.90083854299446,0.0,46.58608998990176,8.454491619909104,45.460554834368615
83.35661389305899,0.0,82.18292374650126,16.995861078149307,71.39928031152026
65.0129385615396,0.0,69.85333631285398,22.672808457311163,64.81537407166094
37.18176806476137,0.0,34.28999430621075,-15.144673047849821,12.328483588468009
52.96812452156095,0.0,59.27724663846164,13.535864494847063,62.04225238631322
43.98325569222329,0.0,46.526975485593155,5.6565020141870095,21.29853937822692
39.640023730907075,0.0,31.95275130605036,7.5971684547434775,37.79369486732938
36.16102009304813,0.0,41.820631707623264,-0.3045967922417523,14.390910066474904
55.09819461715309,0.0,51.92049060312448,-3.2608812599599837,69.22818878501326
43.19924237670706,0.0,38.1353109147315,6.282917778902401,32.4580039555922
60.82126166973609,0.0,51.53820303571893,34.246951760316676,75.28436412197757
61.09860750645869,0.0,58.606359293168914,39.05865037215156,43.065568758229084
65.16037746925193,0.0,71.38550425982918,57.88913292414484,54.749656019731916
41.37201162738294,0.0,46.86881124898728,34.27921839569712,49.7040299218109
55.55924737834365,0.0,55.14503028276868,1.371388229907005,30.18518320295006
57.23776298517289,0.0,59.40033241632304,13.40515139494341,41.83589893595331
45.413227848890195,0.0,54.89058856268021,12.340993465026047,46.30239333233237
42.23339309865155,0.0,36.722255302089266,9.708800404754516,19.463158637890075
67.6778663514162,0.0,51.51293094842587,25.878312346623016,62.70178101376761
52.910721623887774,0.0,62.57048866805,50.709552009810736,50.3303191405243
57.27530563019797,0.0,47.48633224595105,3.933452939753467,28.091168867067847
41.69588663887214,0.0,30.476093981913063,0.5642416053579673,41.95527070114335
37.45165398854338,0.0,14.603333449421502,31.450708594393763,6.052719836629921
44.395236343438874,0.0,46.4787397635602,3.422411013486901,46.421108592397104
49.15470629323437,0.0,27.954020507958855,20.26455518590857,36.44000295668197
39.10854128539474,0.0,27.2992323616535,23.777125319232482,21.24790848769641
50.37470037357814,0.0,52.53468753254399,22.244423106349018,29.419565822954667
32.43795933259627,0.0,36.321223744421445,8.23331450380965,28.650102294903814
38.51201687234243,0.0,27.755823635001512,22.09582727236122,15.71690063312337
57.648682207483546,0.0,52.039559475306,6.801738473052838,63.728166253687874
56.931487037238796,0.0,43.52094523177428,11.997809905274423,61.053271873060005
46.29263090831967,0.0,36.495666888899386,20.693407617967566,55.72275131679207
39.604927469559314,0.0,38.54282274492508,-19.691907547617447,34.219930908644585
39.501930700373684,0.0,30.31652264425059,29.37530131191929,23.0965539484708
46.4914657641031,0.0,39.909756973525596,17.52996690023479,32.707274974093735
57.366671595412946,0.0,37.683247674148745,21.388027330051198,39.46633628589975
60.39833980518423,0.0,68.1497215277805,-2.0788876938881415,58.73557918644612
45.174376662098496,0.0,46.596712916530336,-5.5996338338748615,42.877417762480874
38.15465193151405,0.0,42.690641142344916,3.0561485571872815,46.229420029086285
53.341843588675296,0.0,62.8809215107253,28.397576066845318,48.87940238350657
41.68029744258881,0.0,29.033605579458786,-18.652440071602477,11.911296712282201
44.94228551140097,0.0,37.17905769650404,23.51261637020228,29.311711127437867
64.64066990437452,0.0,40.28068978894091,18.155829226377957,69.87579096941464
59.317747591830035,0.0,88.32959236812012,17.155441521202658,41.49291266179462
52.16787316198032,0.0,46.48978678527807,19.947899773256502,51.98904160974281
36.88924599444384,0.0,44.04816722354692,11.772521105381443,25.42158547725733
52.738698070604364,0.0,35.53210038214931,6.648782023620322,28.85473534615221
61.83454815422062,0.0,68.1161299266288,30.493065550666582,61.67015329427642
46.466190894117204,0.0,62.125025525726585,-19.44336799431232,62.60615537462958
64.91675285279094,0.0,59.96421855716191,17.03385144787002,60.878259421501596
64.29307335709731,0.0,49.292559485278986,25.203858776799983,49.640902011284325
68.25713158059946,0.0,62.416299128894494,20.355925862668833,43.75775143926627
53.741462803779505,0.0,26.0568028254952,-8.504995329723766,36.54831307682213
56.75626315050855,0.0,52.18113801109995,29.577939968970966,31.380149539999877
65.59069955410148,0.0,69.95142739728918,6.159546651919872,56.30231410303872
55.26036579847748,0.0,50.73351463390496,17.122572082706032,45.634586146566164
45.1241310999792,0.0,38.14349677973756,14.65970622278677,5.36423311786308
45.68714533403203,0.0,47.28584756383434,13.092019875792165,55.359140085513076
53.028889551967715,0.0,55.31025626902122,33.320853791888766,30.63571464288839
36.69004889718266,0.0,15.297002206751642,7.117363262659875,19.11497214470533
48.94915038581407,0.0,45.849160715182485,20.628935152603862,46.76180062032641
62.196666106259535,0.0,83.70500467641648,21.09828762665909,78.06486068802448
27.066013530317527,0.0,9.276396685639122,11.216222235962363,2.338327063498527
66.87606790145867,0.0,61.62381549598777,44.09446074759403,27.315200425456407
62.472632596385736,0.0,78.74646705567423,23.975926928478465,73.90542606106719
45.56723891827459,0.0,53.26933083176453,23.764284414655208,24.15367523983137
56.2861071528226,0.0,46.687499036092795,39.14567655511435,50.470178868567984
50.51352758878127,0.0,48.62794673623226,34.590111877786086,47.40304494033433
63.62252749668875,0.0,59.307779617782124,17.240341726415224,14.844313631773119
60.98001223942062,0.0,48.817420524847094,35.822449786502276,30.07465097144742
35.5199253856335,0.0,30.925495599987627,10.730429930751669,19.519476886943437
56.754881706315274,0.0,49.61823421376296,34.63893807537471,14.975495036931342
48.28272881023595,0.0,45.44737974975884,22.252124901182462,22.763482425004096
51.36497224207735,0.0,39.3645677666004,19.817709599514746,41.52242400654914
42.69926632174132,0.0,25.258524202933284,17.28590057396015,27.960856204662235
69.15900366859702,0.0,64.33450393463593,29.309213055335842,64.9861706170516
61.59311211693064,0.0,75.48403688747742,25.70199928751262,64.38550212948775
42.575326435326716,0.0,39.5149856168477,8.864192338159972,12.295144215779427
36.21937666743736,0.0,28.889866378850307,4.062033340879532,9.15404078630597
46.3589230265125,0.0,50.34294412260076,38.02786671774143,48.97487213070779
55.122620396974305,0.0,49.30125926585468,24.727408343322523,64.90909618506939
53.046529564130985,0.0,68.70260341916658,8.778444649614592,38.089417384902745
63.86980815650836,0.0,59.53174904601741,18.89633836883244,58.92595490030519
58.92030582133093,0.0,62.121090678363714,34.969840951937776,62.75378400683999
60.83988590785305,0.0,48.61058186658597,10.766311736966383,53.0262963811309
53.97239323391072,0.0,55.1694788075789,-3.518113629195078,43.67150486373794
35.635025766153205,0.0,34.73519023929165,-12.559279488988839,18.51687030450259
48.38882512877245,0.0,43.76068977540352,-10.066682693751762,63.816255924393694
61.80711348322443,0.0,52.23664110126804,3.3695304776104855,53.10256023257462
49.929363334338085,0.0,39.121359270816114,-1.4962512859699935,43.66795481973877
55.85549062655675,0.0,54.684458308663494,37.92130898837175,52.12326729227652
47.07401950185839,0.0,49.721502478940565,12.924091597426052,29.691292162599044
39.476197681084955,0.0,34.253806828457016,4.280173906009553,29.950283715287792
49.161943596008214,0.0,48.158122765228626,-5.617738440512721,36.938760888094336
53.7821125032413,0.0,49.25787868810695,15.2446375823273,40.59440420819561
43.473770807117845,0.0,40.57068878399636,-12.885640687013758,38.25363155042234
47.96128320727443,0.0,41.81742747794282,8.85676569928528,26.6899424547226
40.44158626061872,0.0,36.73831990535626,39.02185381153977,15.771004776482743
62.439195538563425,0.0,86.7162796845299,31.373446308936863,69.10459460104877
47.33358916900421,0.0,46.61906668005551,10.761087308976732,32.455979329876996
66.00280723414065,0.0,68.49760098739061,33.81559259626528,55.74028179798866
66.81479655612823,0.0,67.10236725852882,17.074736133499087,36.171938944031965
49.61390520980998,0.0,42.781623463089836,3.6878552493550885,51.70091550375106
39.70446581925031,0.0,49.51596426746612,33.538606969637435,40.65436366953551
28.191758103632825,0.0,21.428216380613286,-12.899177327386095,25.608719622393338
34.7509540102204,0.0,42.119436111852444,1.8120637946973792,32.90611237763742
35.800259942446615,0.0,28.450311376190804,11.691416364306317,5.81450224228908
65.20905092435933,0.0,50.7314620821359,10.348556047474153,56.915240046136454
51.71749695010164,0.0,51.49640190717626,25.294932161419304,36.33022741906567
54.642877146104624,0.0,38.816051463788064,13.414168533232923,30.319828515724208
26.75435802082101,0.0,28.764322153202286,11.762969236269468,24.13080394652985
37.679440454066025,0.0,21.197633048091568,16.66916249287852,44.6843736752069
59.958475753888074,0.0,52.353572968975875,17.231541943695387,69.15830523072717
53.544118583274646,0.0,34.275427265119035,41.23672790312199,47.88554654452929
48.90698289451116,0.0,74.75156562554427,5.2065299206870606,48.442290616719916
56.51532001584365,0.0,34.84398275113399,37.77147399702467,39.882050338772856
67.95864158606813,0.0,63.69545391298096,41.60953112714375,48.803399236399876
48.118021362974496,0.0,56.19025434934574,39.10325544374906,39.22562354966867
51.22112052331341,0.0,58.108597835483195,18.306769143719645,56.89548660735433
52.53782096929571,0.0,57.44460933792631,5.465202796167768,69.12134009277031
76.03994831839549,0.0,68.17710249268842,58.75966744557322,57.46198230854747
28.04795319838197,0.0,38.664265692630735,-1.5981727533556729,-3.021718799005768
57.78023530207563,0.0,63.253364497447485,7.994690833017932,45.52110990503226
49.253214189335,0.0,47.45455071739676,12.098085248619064,52.10129661095102
56.535935601433444,0.0,54.91118588819943,4.941353184951943,74.53245171602568
43.45576809430536,0.0,36.294514174401634,19.000587715286304,49.340505653613704
49.956694859291204,0.0,36.2740731856472,6.624252072979143,54.01487608929092
58.081423710630865,0.0,66.97521120508627,15.573251082014922,42.901606682896244
83.7418118096209,0.0,92.98817523885803,47.36463530765146,70.82645542964589
59.11388302438441,0.0,45.543939480034545,28.98067107839149,31.283584223397224
41.41818396405261,0.0,35.880667386960646,10.686062233523376,22.992537765638517
45.95195710298065,0.0,40.44605510781014,15.36604995942502,47.57150734807489
45.635095054599425,0.0,41.30672286047939,12.956715566516607,56.45616425224837
31.293173699781885,0.0,28.237514466114256,-1.1738267121333177,25.525989627314775
46.952829829788975,0.0,52.96647111585783,13.472623581264582,37.537337605389084
58.3102836604814,0.0,46.202681762316026,26.66692405677588,34.07529013621371
36.86452997777512,0.0,24.077091951706507,6.185980922647434,22.824818702554364
61.68308997636172,0.0,70.50926888716656,27.519030279570703,59.876083726655644
55.69184167559358,0.0,46.640489311182066,6.5210470383777555,27.25092360797215
42.63449911798032,0.0,25.338597608215224,2.6250653509474553,40.54182702104414
48.96762798409823,0.0,39.79407884586621,4.267751576152566,32.98736016957731
67.5582048518157,0.0,59.70563628171576,16.86907534958104,69.3301482740069
58.31796341765807,0.0,70.57058212751782,37.89288060764726,54.64010502501859
50.57374833513019,0.0,56.29190649121867,25.729328125885658,48.217975009529894
47.94021131740143,0.0,56.06011947132835,-1.1247408569239479,33.65475282765589
51.29847319889449,0.0,55.89466835429324,22.061617191600845,40.642460665757795
45.011622326318005,0.0,51.052136147791046,6.937413836235082,46.66616568300451
27.990325596184693,0.0,17.030287586267956,-6.529272786460982,13.642532905182012
72.30087470610948,0.0,65.75761610713813,6.50270642959833,50.25839204787811
52.13956484974887,0.0,37.57007413588805,30.054736425037003,41.4323412375764
54.7341576311413,0.0,48.367465866073005,-1.4343234236040239,50.11526541822822
49.86114054872128,0.0,53.04438889538828,14.374356053407048,60.11417115196653
42.62505901335169,0.0,40.11812126359235,-2.205351478588968,47.89517484851234
48.493262339226064,0.0,58.33858518092535,25.287753418365952,42.72434281614908
33.39011776354165,0.0,17.5402276439809,1.3427472353725909,12.750867794920538
74.81090863214045,0.0,75.61918111363232,26.92391147269156,66.11437547974616
37.28894549804937,0.0,20.240936411377497,6.77755544215129,16.855834916866193
39.45317721271915,0.0,36.573268107471314,13.650219560294403,36.318725437290055
45.77565720124584,0.0,49.62419689143723,13.044526268405164,51.80825512231759
64.2431783496187,0.0,57.670349682492095,22.401016935014983,70.89286799863753
50.63492450899818,0.0,52.39775419961091,8.226726979843281,38.230396872929305
37.271594974050615,0.0,23.27737218371597,-14.003002367302674,17.90828085616833
63.8826894915998,0.0,41.981592549956765,7.050459115802285,45.14137292011925
58.29074634078728,0.0,59.984275964302824,29.8639830250346,27.43331441314871
56.23315292237335,0.0,70.52204540057798,14.29908792748309,38.147898894811036
58.12762269245497,0.0,43.390212804858045,10.292774701657029,45.96701689695632
76.06401411519913,0.0,84.49004349253092,9.698376581154516,77.34665544195875
73.82796438594568,0.0,69.81939956141171,4.045832656146711,72.58398119274023
43.1422359383553,0.0,25.068789870292388,1.504624546641276,19.605596672777907
67.83135136685887,0.0,51.493568947541746,37.49695604307284,50.17020567465466
54.574103936466,0.0,50.60445624604602,9.846756274228301,42.491889525816795
55.812808226713145,0.0,47.375027396978794,24.021073451872635,41.071248088708515
32.39772285922591,0.0,14.750227453333311,-2.989200673229371,26.564051899189476
48.659295874381115,0.0,26.699065977096964,23.448768180168187,17.747210071200993
41.794750167390106,0.0,28.918519505127833,5.716657471890426,15.133899240303448
59.32782781798309,0.0,57.16011563835802,2.9501059607457627,47.764810179585844
61.92455142793554,0.0,57.593642475973084,17.946524210198916,36.56858340210394
28.31369199932439,0.0,19.325166773014736,29.108460679659963,-7.49481118375061
50.24444778119033,0.0,48.31854612572333,40.539686288457155,23.198663613276956
62.46715417041885,0.0,69.19960379663033,28.89078149660898,54.51616006712743
48.485200591284475,0.0,48.623743421819455,12.419017203865659,48.453031505554215
58.270049396324396,0.0,52.78614727020825,24.010521331631043,57.48379036983547
54.23214999121124,0.0,59.92168945166176,21.973832107323584,68.2358914713076
54.13058510475973,0.0,39.84495819336527,16.890971037825228,43.52578236242525
47.58085191185625,0.0,41.18456792368396,20.06701068964993,40.58376633180526
37.48054303166562,0.0,31.510265336927755,11.236627090671565,23.82768667564842
38.49617373106042,0.0,21.54748172055615,4.40797422931342,22.19620256261743
58.059432973501615,0.0,49.419906405660576,2.769151688423964,74.14184284191909
50.68780806358843,0.0,24.6619840876713,9.077936513557724,38.27821705167217
48.99986928358424,0.0,65.19270764219232,25.89979725634734,50.34305422071193
45.950564183385055,0.0,32.04313192366956,12.514039952095606,19.322085789129623
47.21890449516417,0.0,59.992172670825205,17.885997577605682,48.176810104168496
61.666305135473884,0.0,57.81055836318318,17.606431729596405,61.69913965698431
46.89775973079502,0.0,48.87027149568351,-1.4535139355504452,53.297986394923235
36.15041356065785,0.0,27.158625969981095,4.208656874292859,32.47925446072652
58.425925786174865,0.0,56.42315301671323,5.4056216365432626,48.9925330239646
48.290755387079805,0.0,51.14533281670851,-1.0640689794108518,39.08234786042219
50.815363239187235,0.0,53.77529451305765,32.620441154898856,43.031597417084136
67.65711194655188,0.0,71.49347944210712,18.96736200695794,63.561800199423075
50.260200971643734,0.0,42.30028720969754,4.877179300691411,55.85283700572223
53.56986510560671,0.0,44.36758428208353,39.94459626746663,56.585017904328765
37.88291713719943,0.0,17.16484949538807,20.007990712688922,32.3153434228858
48.13269219597516,0.0,49.64328498944598,8.921489638055302,65.94978252895169
56.99277199200245,0.0,64.26758439634824,25.052167689616013,18.694775036821184
33.86048913562373,0.0,47.17970697336193,2.9901803870929946,23.178072960089565
52.62595396499148,0.0,51.75197227460121,6.865113866822613,44.56747586552821
51.55686156411062,0.0,39.361666738144166,22.727734200688918,31.74416612855471
50.921056380855084,0.0,28.889553923354864,11.119172201816703,24.870110315546683
61.56209396265693,0.0,68.32747403563766,22.60120547955713,35.153129097976176
54.05341996096068,0.0,30.918536647130768,31.803324586293336,35.60799850117591
66.2733163124276,0.0,58.331213364051074,36.9670437926194,68.33476715695666
39.86323880861207,0.0,33.60626409100877,1.860147959926529,39.07725924662029
51.93226828828004,0.0,47.10612856847343,23.09385809874468,33.38050159590065
51.382434086806505,0.0,47.67953462288479,0.04933390574988472,45.26948971656131
39.054747028031265,0.0,36.646972107435786,15.514610208516814,46.66303000152561
60.698050949508584,0.0,30.897987132718832,23.154989560587744,25.613985417233426
75.31938089903383,0.0,70.98074645342724,34.43860690398351,65.96689042307322
50.29818116078496,0.0,22.643005981550484,11.155308322933813,37.6815541142142
55.876120659176664,0.0,59.46495181416417,47.78036917032655,49.66375087594955
51.38298639616519,0.0,41.42721780017436,3.242192735102215,51.244901319462215
42.85513310056303,0.0,16.095622979795394,24.94694680793539,7.713733620422676
31.02479361725116,0.0,18.677973420897217,-9.783970269580925,5.557166980936058
42.93859681769368,0.0,32.96996820407877,18.40909276867073,40.09788815952581
35.606606994148436,0.0,44.395681222252705,15.386303643069025,8.170165404868733
68.68848310285296,0.0,66.38959906862391,26.228597235708428,71.6022863152199
49.249929091073476,0.0,48.84960844595358,7.790750179409227,46.85269768143334
46.78369309376201,0.0,55.28011069149977,15.404096154675445,50.55345616144165
59.980637275339596,0.0,54.73356976668216,24.430779360221095,45.39830460627288
38.49381278873193,0.0,42.614279284020945,34.08240594916105,37.45791313735157
42.285834962531645,0.0,45.59687942979493,-1.3494123312045723,20.275132474625565
51.20725618181667,0.0,33.51584442681781,8.012674766569349,32.92229407815395
61.47244652993444,0.0,72.80331772927495,25.500438415636246,58.3273354335802
55.84047453205696,0.0,36.65318488423452,14.784556754646545,31.38414752737019
53.13328550217777,0.0,58.72845927568893,15.49519341206859,49.93295042467941
51.3145935111902,0.0,31.181219561235874,30.988426858215142,23.18934581461135
54.75647453674104,0.0,56.97860657718924,-21.945183599154937,51.2797013057798
52.634585559013956,0.0,68.23301160606972,8.204764340868035,71.44838847059987
39.47448350240398,0.0,33.34406778739541,-15.15464187075877,13.353194884060137
50.97225712863273,0.0,44.18496564419477,-1.133765865275457,40.86555548641069
39.00736729998683,0.0,41.59793639977918,43.02661747799327,10.984747349735397
51.34627293126349,0.0,43.779668234096164,24.35199038450107,30.91441007425655
45.34409741270831,0.0,60.60626517881546,26.033206543078876,50.56273455821998
77.613571866628,0.0,75.11404070697458,29.224228351926744,65.5869978586748
50.05361610090894,0.0,42.60689328190695,25.90391444609073,49.231012138699256
35.47538066434396,0.0,25.95041834473973,-17.6934547812473,28.172610591214173
49.04615772390322,0.0,35.13269742353922,29.29003471367544,36.12189076376398
56.029320705134566,0.0,45.22505787056173,6.943608885742609,32.49426096054921
68.36004149616939,0.0,60.27547669968136,17.786272566983314,67.92220154218957
44.181505253353855,0.0,35.06377868123136,19.10355161916065,36.96888544631365
33.57141047137337,0.0,22.831775019319444,10.613209068290743,2.2513326212255933
59.20792114407544,0.0,77.20023434550077,21.43592342053499,45.42800978603563
35.727986846926925,0.0,21.015792409969013,-11.869090747387471,-12.133662278633206
45.819506530720226,0.0,43.38508877755867,14.2919060044505,19.904118861792067
47.72717964419551,0.0,49.978065735562446,27.46969598131235,36.49942645821395
49.73584962721982,0.0,52.349888994637716,7.53412305457377,29.4917197102277
57.84372051504193,0.0,53.0306282611924,38.02336989408799,38.71917929931787
43.17515753994208,0.0,36.68769183127018,-0.865606081984323,50.24938691733375
47.55505502653208,0.0,48.31720234568195,13.931475120728742,52.61771036266528
50.327412760770976,0.0,49.08400806863272,36.9981608170515,33.46502609987061
52.07837053980056,0.0,45.24449652605114,6.723118751351141,52.222065981145214
51.52519186461833,0.0,30.914086808988014,30.87354042854515,52.716468852100654
55.1386815599763,0.0,46.04099034312326,45.83318809216915,52.62789570263809
59.49644693750234,0.0,43.142918340305535,22.81235090709861,51.10526857405134
54.675248791923906,0.0,43.477333992145276,10.325843580351776,57.48437743957674
55.32652383971866,0.0,51.52845030591388,7.221151299392458,56.31845607716299
33.57359886822768,0.0,33.594300920338405,24.539158808799115,9.44381936277519
51.01658424097042,0.0,65.78087165628895,33.73234857638051,45.36355906444956
55.603504607406265,0.0,45.762587695051465,38.6856968704158,38.28851267725655
58.26874099486658,0.0,62.26512593522977,19.264578112920898,66.6085375949749
43.08202049997654,0.0,42.3806287679086,26.005287018336055,27.2998794344227
43.4379589284798,0.0,53.20645350890083,10.888267707873148,28.70787086210735
44.34554076229152,0.0,46.48223169491581,-0.3684111362571123,49.572002190674354
56.211557617978286,0.0,41.37552885097521,34.43822501974347,47.55877430169631
61.52706970465272,0.0,39.03844295175797,44.541992035033644,74.04902544672888
46.12612053390123,0.0,45.42843685423146,-1.3280867085287777,27.04164113721491
60.181608834457855,0.0,50.35666003779655,6.131318473714586,43.60849283142201
51.79929415887024,0.0,37.33725805136392,16.735201537296444,53.71255095861359
49.151881248371055,0.0,31.695746146156225,28.190231072565545,20.00150437342505
48.22122105676395,0.0,45.897236468162085,-1.7720606324282517,56.02687433918202
58.45754944468459,0.0,70.20774008362217,23.030117762697017,39.70201291456976
53.9587420567704,0.0,45.508322671445676,9.038508605607083,51.457032641999845
74.79743390337563,0.0,76.55860502049244,38.68714439020736,46.233006323549674
41.37374393707501,0.0,36.382134847851844,-0.801515097223211,31.98024180330181
56.015889003315195,0.0,38.210897652352436,29.365159975097857,26.11419942198921
44.82530050540208,0.0,48.631765063714674,10.109454823339385,61.82010265817644
41.19143020079052,0.0,25.701677633649005,-2.864026989935752,14.665996707346924
50.363776639559006,0.0,46.528407030913456,16.280342535535006,31.043966596576986
51.947525746829605,0.0,44.242284235760486,-11.055983752047236,48.59631588918939
81.66102117857578,0.0,86.50819665278445,24.704891466808476,70.01831146337585
48.51226764766026,0.0,33.28317449416094,19.11981526498144,44.6942131103349
38.4037623185569,0.0,38.68135475185459,-16.15718897474009,20.960331835527207
53.39705461906766,0.0,40.39438340577321,-19.18165768230289,32.024866687154585
28.312049835415053,0.0,19.21914322336583,-29.70207637949281,15.849780113743787
49.49732146404244,0.0,6.982413318393263,33.60808227158601,13.557823017045438
50.65112622343212,0.0,68.71936132026985,14.459108999122064,53.278817274992214
58.97031939230715,0.0,60.58366275321036,12.60958855738809,63.20297770855672
60.88319521825911,0.0,48.51830555594729,34.482988040827095,56.96897171222204
45.0991758090659,0.0,29.22510985959145,6.79011812363933,40.138164513062804
48.87056003336527,0.0,39.58737746619759,18.345262077380642,14.11528307676766
42.29377624638348,0.0,45.954066088466185,11.310600847275877,29.259719864897335
38.42637396629937,0.0,14.546654557331593,2.1850264575370755,19.707284969143725
53.79116642077857,0.0,48.16980285716345,21.41150114793954,62.67228127639365
36.87143868153093,0.0,51.775361545114016,18.864136289360808,25.367448034106747
46.04954225949955,0.0,30.06081147003457,10.406152612685283,4.360569479409335
39.84630878062981,0.0,36.8137005555937,3.1125775394835404,17.8436013882158
56.3533419579521,0.0,75.50021143846496,13.848078348220618,46.508433953926556
69.72844778768868,0.0,72.02002412189147,-6.355928211396538,37.055599800527446
36.57222842015729,0.0,34.077834921992064,11.79194364187035,39.12527739671164
30.68010979773647,0.0,32.315607488043156,-12.473445924019057,2.386037035584664
49.145458316114265,0.0,40.8604884752347,23.587047523698544,44.3054927125245
50.64762698219163,0.0,60.33048660374607,14.264622229435702,32.152463637879706
52.816301542652575,0.0,44.48439953304571,18.21205547330421,61.46358173799214
45.71089117448934,0.0,20.995821027917504,22.694466085868576,26.638775258979557
48.33603227592382,0.0,40.16617532554026,1.2121727730047915,31.92630987173587
54.40679818804962,0.0,40.04357248166414,22.8081643031005,49.122685852438416
61.59705571522153,0.0,54.364078060651764,25.32775061301344,39.81149444742333
29.589900684421565,0.0,23.141745042178023,1.361893084532908,25.546623378842916
46.5377197232186,0.0,55.20980641018436,0.20041417899254022,35.070361619016076
52.76447307671182,0.0,56.01613511670073,25.090131784575547,38.68405840728121
40.67117958606874,0.0,39.559511056477724,19.968739516837324,30.746967753332395
68.97770402414783,0.0,64.56196747455532,27.213688976208445,47.53670367936711
43.69044259829564,0.0,28.53685542519323,-3.3670688456387516,28.43622284610359
50.03867501830554,0.0,22.90011081981174,7.771547068968389,38.221660715409165
56.42107417969736,0.0,53.45000783768498,17.861680375266392,19.317221581926788
44.161925900121865,0.0,48.6128930018018,21.676403043070998,50.88304400980668
30.74898025037824,0.0,25.876028143390034,-17.711200565381656,30.265461270296623
45.89965494205943,0.0,36.25275295505259,4.984494754678512,11.70234103946758
61.479622298624975,0.0,62.13919632981839,15.817668029093397,29.55493918846988
46.8801180651619,0.0,41.994090494272804,12.295537529216377,47.85163261986183
41.43561461561461,0.0,55.362645878674996,-7.861789930714803,46.755800344311396
60.37084176095059,0.0,69.17842887667359,17.817219713139657,63.70720517409437
46.94551366014737,0.0,53.09309990407916,9.128982015919219,22.943455369792755
45.02874789243879,0.0,49.0742666212742,-2.170605940900181,60.89160065959187
52.07685466022363,0.0,34.3313471792157,14.661976416310646,29.58659225024499
58.71547666891668,0.0,61.52294766598599,12.346880364361521,55.33046964773951
75.92886437351629,0.0,75.40672590712644,36.4167539494186,72.90051533245132
59.319037066248214,0.0,61.51753980267128,7.828829922932593,72.68609748635689
62.87295979918114,0.0,63.805969053249896,23.523661931084924,57.78603133987232
45.07356798701418,0.0,45.89128101577187,1.0838754501079748,42.327191083758315
39.51833716928649,0.0,64.21980972013067,0.9707892978819785,37.461254815435765
51.1459135838773,0.0,46.26208897573682,20.002028955986678,26.973395610624955
51.625020466009715,0.0,57.44689004329932,19.383571274584618,16.722877096359394
38.955821246556184,0.0,30.104205597053216,3.2366329788169503,28.066424656932078
48.60684498018542,0.0,52.93899000400338,10.6208163878915,24.353629134095925
54.74666285537919,0.0,60.54636583630055,-2.6920817403719894,53.37034812565927
54.33075179654762,0.0,54.054415306218026,37.33031321205382,48.57069541131119
55.86828593304842,0.0,69.3723556416967,28.095456264170444,54.08653950792566
53.58889597028646,0.0,40.112275603713755,26.33531243550148,28.779226353654032
45.06242914061225,0.0,35.93396563999456,-10.00734896073445,47.050614730951864
44.98878742269725,0.0,43.26436940223693,4.037376870417397,42.20208847254916
37.66891591313077,0.0,43.14338822265073,3.6915894585911975,15.871006873277233
69.55048594182352,0.0,67.0546786431877,-1.2841978105379788,88.15263062617181
50.62361283709135,0.0,60.160097555354504,28.066513686619906,43.0867580178153
48.077304606101585,0.0,37.05082238831995,34.6138572916273,20.109777447460292
40.55560923122276,0.0,24.59125549106549,39.048452896879226,17.752074020863528
81.84784408394499,0.0,80.50220730791717,17.94790374551749,57.00973320835563
39.01122065097874,0.0,34.325718850689384,10.796891778793773,45.94940047222157
45.89758844769614,0.0,47.654518132041666,31.568970853129215,51.78938859264111
54.92317338499863,0.0,50.49053712793526,14.314736019099355,55.31958551065519
56.893260323833125,0.0,49.1187777625358,10.981581245268083,54.06534180785706
60.71554311071141,0.0,55.68022466681459,-5.223207351595914,67.68880395170332
69.79446502066709,0.0,65.70110056987416,42.02225009128954,59.08940740891247
55.88826505214493,0.0,48.501836487583816,18.14762627679016,51.50343717734778
39.19604420403908,0.0,33.17461183731189,-1.032442560106519,18.63990266054091
47.73439597250061,0.0,39.44484541520627,17.937785651817762,35.31105335898062
53.76912929025259,0.0,58.71105083768122,19.410487213074955,53.31118674940197
72.57920294066997,0.0,70.18566788424587,29.96324022153123,27.14628465069731
35.544129869833895,0.0,55.61464112650346,4.178866741265222,25.03214653289329
63.329606205746565,0.0,60.74272798455902,45.37042086939337,57.70580095660755
52.40230600554365,0.0,42.47415236247375,14.619712517040535,40.75902635757887
59.432240133507904,0.0,83.47151458581823,43.18568933898992,53.89200950719362
49.39006461475953,0.0,49.719370502916654,22.797042840267128,48.962860431778516
41.47837308141565,0.0,48.04402164205539,15.448095652340363,26.195445160866562
58.50308330886473,0.0,60.56408470251913,18.259888410389873,36.635833458962075
57.47258854192068,0.0,59.87837679387878,33.01442444351826,65.66521160269927
60.86646992437966,0.0,62.28948534281566,22.74724730665881,67.2388637929034
50.337731599648514,0.0,34.61234090175607,2.2332657816078267,30.282254927862066
44.07070425300837,0.0,44.003784730647475,-1.681132430523414,34.93776827199535
33.8240179216199,0.0,16.025544543183884,12.24628763582284,30.016836869872673
59.23502143210884,0.0,53.173122575418375,7.471916358194946,50.760812547065385
55.00921713190557,0.0,43.18698634567926,17.058989114940296,50.56146494032477
40.16035957276522,0.0,40.05430289044967,24.672637662600003,37.53390213718524
44.72515217292343,0.0,44.293519778672064,16.56736320780778,32.40134427169502
45.49250487072707,0.0,46.60334356389445,2.5295790543800702,44.113638157034046
34.63397981753836,0.0,33.880499224055605,26.606977892363197,13.441812477624042
41.74283308465189,0.0,31.405916946936866,18.36533906848515,35.114470737837216
38.3647441261637,0.0,31.745256537038884,23.130695883553898,26.778216615172305
46.07249277622159,0.0,51.821244646701544,-18.929231773277504,35.1967058141159
42.586798715751314,0.0,49.95588485835138,15.770970023928085,20.897046483575835
33.09509902581485,0.0,17.19349263252471,17.759569847292106,20.894731853581888
72.09157737149789,0.0,51.45401454605394,51.28406973441581,60.0390713318081
63.863481545003815,0.0,51.87540343061851,2.174512367614316,42.89008666077139
42.15595284400227,0.0,49.292794391452844,27.868063098823107,15.995088270675563
53.39075763640181,0.0,62.12965892699299,40.21847068492196,27.911645053292894
54.94057152125576,0.0,41.01281882435798,-10.528728297381,40.0607892684324
63.20682686093536,0.0,62.17334995693029,29.185378607937192,59.81120763213204
41.732974642423144,0.0,57.22821042669635,19.34275119646371,61.097827912919335
62.14922046060351,0.0,62.276762472043636,17.25191476922165,54.64141831816126
44.62544227973688,0.0,55.70152803246387,5.322883387412517,19.475530493437688
36.20600102365933,0.0,42.95341021090336,17.013056492253398,26.85802754694583
58.217402737623466,0.0,44.386823429807556,11.033002518863192,62.388783726277275
64.27184339865883,0.0,57.95799010232319,19.965160177412884,47.00343032551194
78.13209397773564,0.0,73.9577221905347,42.09254549419324,84.97251069982175
37.66064702570283,0.0,34.91694713064706,33.11870979827572,30.316727554144
57.947956607519515,0.0,63.449285976081924,27.132110873354733,60.410097809767805
46.10110513490117,0.0,46.43472713209894,14.921146878328827,61.292358994521635
58.85020041555728,0.0,23.570732953023523,12.76999587566451,18.017255209198144
34.767489515580635,0.0,17.079977957770573,-7.429717568718569,31.690848430060477
36.987006857207646,0.0,10.007406722345468,23.666912744861122,18.8799512248931
42.18955335488358,0.0,40.12164232202715,8.728024270880049,21.327827505601448
51.323636466660176,0.0,49.78760911032237,32.1256810668291,41.85755682206205
43.62984297443708,0.0,42.67845334000935,7.0380230821300795,56.16241054821009
57.52198938401397,0.0,43.18775030466203,10.167370323987383,62.535155614126985
61.45241856805654,0.0,64.3307708748684,27.406788028347805,30.319112555060055
56.88647071657962,0.0,60.28908020112138,17.88912697601686,40.95454431119955
67.77688537446869,0.0,50.13171272357448,7.965006466342775,67.61539966299655
54.92306432346261,0.0,35.26760733357185,43.49829588341475,41.207287755166675
37.477167525903965,0.0,33.63335205248422,-0.5347234179111311,27.368879421535187
65.04777871035992,0.0,79.69046127817224,36.52430116164793,43.127669625965794
44.013707384786926,0.0,58.04449239301264,23.756068468989774,30.698776287214375
60.20785355543914,0.0,61.93584215881696,3.04513128650429,36.65843590535805
67.29548270769583,0.0,55.215457731794515,10.563024194846859,36.37930493843834
55.359674386756986,0.0,60.59354292987143,13.879770797088991,33.78489480252506
34.493209554215184,0.0,25.91484878354772,-5.5378248890701816,11.381160645010711
40.66865722883382,0.0,28.64998664349801,34.383136238714016,19.033622273791806
64.61361912232208,0.0,37.61792728781261,20.393592707234383,39.11660500117238
48.67279207324585,0.0,45.721034819393154,26.991531582973373,52.58498503189678
51.33014895209826,0.0,40.58441057501919,23.151951216189833,29.008247017690962
58.58804775504196,0.0,55.40266277486145,23.62332375931957,68.19170896888048
57.92020915945932,0.0,29.3954586491979,20.103967857071773,35.95952606509435
53.458911976991885,0.0,51.13844087428617,34.517109308811655,50.6438171713061
48.2502404182528,0.0,18.497671643953648,2.5943497053347766,37.159033983094965
47.138983830777235,0.0,54.64223637262057,37.93744828478661,30.165188100064363
59.646672859977386,0.0,60.94505163788312,2.3455227101983027,48.78569562014207
56.39486814200057,0.0,49.27818701479637,29.710254557440084,40.573841177686
47.73060407394165,0.0,49.66609250236881,-5.86539202703101,44.968038833734184
62.04242802052784,0.0,47.42779683263335,17.352488233660168,49.01758119852203
49.101144536204835,0.0,45.8245014561788,16.00380868172352,30.865984444223834
41.37975400014337,0.0,45.88000994855745,3.5869890615953084,35.78422316665964
42.37017648934846,0.0,5.701542538323309,8.429630317638836,27.128736232431798
40.02189920138006,0.0,31.403407960428982,-9.845633476950596,51.96400904335678
47.56915125883555,0.0,43.31343137132725,-0.06785404533231798,39.12162052120729
63.662424890898535,0.0,57.292268113604486,29.71300354376105,54.9817496709796
41.877329394302876,0.0,53.37739563572991,11.136915966817899,42.29805528530888
52.49378577337574,0.0,36.500437401965044,6.822796076002476,28.13698872090145
43.46306827944807,0.0,32.944872453151895,30.251552900736634,10.441416815695522
47.69845201766629,0.0,23.407483440704105,-3.272824522436025,28.445958335350657
34.344874014921,0.0,46.53735086790742,1.4836330698247826,42.47992005051927
48.12340918389296,0.0,41.4916558763278,7.026034579779963,53.542281507649506
48.41012225350012,0.0,39.74054368631862,22.97603431554556,14.375848019582058
56.25295236789349,0.0,51.53204325615586,19.29817594688817,55.73945871858082
52.86568410982675,0.0,55.49069790302897,15.233639225367252,18.753536095810038
37.674891830502446,0.0,37.504667719441315,-17.57887594744264,34.649531274543655
62.064716510528044,0.0,85.81752103387483,34.00331218626414,67.25474563417939
52.727013565911804,0.0,53.42542025482833,13.612129199710573,23.773600865124227
52.59975850384558,0.0,43.574104222812366,18.24157075043903,54.694005143395515
50.38177880867413,0.0,40.37730271115415,4.844249434950752,61.30756176469535
44.947576709253134,0.0,36.82063266302203,-0.3584571836796595,33.5128176319631
52.80714472004457,0.0,32.809302673232175,37.85313064660865,40.87014199510234
55.56162829983009,0.0,51.82977937849002,-6.748329913470116,65.44747619930533
31.814047939097975,0.0,36.359303948804396,-9.667277146006773,10.013739071658671
44.72315229663594,0.0,34.26575851472496,33.14539915497192,19.602859083871614
47.75574655906324,0.0,35.193188359297025,22.978675601658544,25.47781556896812
53.21711546748989,0.0,65.14466185727984,12.364704771560646,49.680962146691655
63.230602938877865,0.0,43.850715849312984,40.02090566774186,50.88398923523492
42.233725864156504,0.0,16.42896818011144,17.21165851086172,19.1275888070795
45.15909570532735,0.0,28.985112766678277,15.800976921879933,28.33129748984418
45.00338885367282,0.0,24.731456687488247,15.615378623186094,23.939172476216488
41.91544964504794,0.0,42.08346480838543,17.29571526772086,27.42070964301212
46.77015323195069,0.0,38.951023159899336,20.533872796174244,26.743986998683447
58.71603240760863,0.0,52.18347088141515,50.918033036064784,40.02118238314386
39.21950136704878,0.0,47.54678267640358,6.511717770717309,8.168818159233311
55.05115542015701,0.0,43.59096166667648,15.64728070866044,41.305926902554646
32.29480990516255,0.0,36.74313308708686,-11.977517858628698,0.14819185353815456
44.48191192359017,0.0,56.51088668037503,11.418920212390999,49.2673989674247
46.95925044652869,0.0,38.13207463536489,39.762905962587425,29.24491222626778
68.37602356372682,0.0,71.80056348051728,39.155189711175616,61.37816914276025
47.54358929671971,0.0,40.96913770557975,6.171727912424444,32.88317153443399
26.959272899376558,0.0,33.07614971547599,2.943328999546436,16.305243410967435
29.121462168796942,0.0,8.79424805338325,-14.560643633804567,29.427297633110502
50.843504945986574,0.0,29.359168522089583,1.9900093229038305,19.688525754069857
57.0381284375935,0.0,48.718876355680905,21.156866264259918,26.913493456569448
54.49169649660294,0.0,40.95034760164404,10.683823027364209,44.35875016008293
52.27040567307733,0.0,42.70586056298176,1.710573793023583,35.5058893744741
62.898813925065234,0.0,56.295961516776,29.17462438832818,58.45787219434866
44.71427952401774,0.0,48.36607285472857,11.118907204826417,46.554791618548435
60.042148822727526,0.0,51.49773538819375,-1.3874006591325347,36.51369337852482
33.0415667980585,0.0,20.557855452121558,-23.379487021275985,27.760795041614706
40.81038864709706,0.0,33.19108580650815,2.1000103684121836,17.262028291748827
31.171381963787127,0.0,19.298831652825374,-17.546351467952316,19.34335054511425
47.54312987881698,0.0,33.644352907280016,-12.503393502227084,19.88350756842015
49.9855855180685,0.0,28.859862606743626,31.084034526786965,37.39785426764321
51.69908541838826,0.0,48.347071204676595,14.739808964243514,42.70497356645768
51.14112667077242,0.0,41.04581903866471,12.06949149834248,26.559092952622134
40.56884546991021,0.0,46.89782244111144,7.344714427737365,17.02810101726553
48.44714134021414,0.0,29.100399981436546,-1.7044465942006717,44.01006837261964
34.479448623279765,0.0,24.952601345420963,12.444331765287512,17.009402630914362
65.0462022400887,0.0,79.91244405076196,21.610357178974315,75.40209821246313
47.23560295750141,0.0,33.282820272014035,2.9905001455642815,28.194600008389067
45.25607123464783,0.0,38.776908799072174,4.013218826204465,51.375972882374924
67.45796232211748,0.0,50.234182504718454,7.480698580140434,43.79436814755998
37.20630081581146,0.0,19.10025166539414,2.427014675247042,41.367292245312925
38.4528244268576,0.0,50.966370683094325,5.4599699283187695,35.76867365586959
38.76661302810622,0.0,36.711840771998226,2.9175915662095653,34.50608752820009
49.75467762982453,0.0,47.11546346280785,15.825310802393533,28.56780410373708
55.09194315023282,0.0,32.996909147278046,16.8750332159496,50.02277389245772
58.38343833760676,0.0,57.97719994516601,23.04227030566023,60.548021870351974
77.96205414667294,0.0,85.67003408694642,43.84033853262901,70.3770405445912
26.44436632307525,0.0,34.954936056468725,10.593688685702189,-7.110720841996255
56.98432584872051,0.0,59.87809107656703,32.47316991279721,36.61769579137119
44.52686888649385,0.0,28.61154564166042,0.22897436080197586,17.5849213357614
44.213958741997104,0.0,43.5688844304694,4.835753248255632,41.382347031107685
43.85753435257496,0.0,46.96930374584617,21.01734441692812,30.72516407320894
40.769551729151274,0.0,17.882689309339376,19.57219684953492,19.78817825067634
68.47929728393092,0.0,52.23856584458201,15.776046637390534,49.95446495356711
59.47996848195974,0.0,64.65683467939182,29.011227698450377,72.21709651071436
50.72774620178859,0.0,55.92708726063427,2.2869558705564295,45.081866337174766
64.91570210167497,0.0,44.21482210929445,30.15928750836042,54.326246971606
34.31829199302579,0.0,38.94269906138639,6.19387308554977,19.04594276502354
36.26110726700758,0.0,33.448060606985685,-11.876801870601245,26.234305550656728
27.207977728875555,0.0,31.80648632347919,-3.4601340888849856,6.979955004071563
43.00654308888885,0.0,32.354814513181175,42.091146676729004,35.74080971401741
52.20766695889658,0.0,54.93868482765117,19.253736950570342,31.040833364876605
51.578953172036755,0.0,56.42274242504514,48.46782753130986,54.60867243587573
52.07563464450917,0.0,44.264336639707295,-4.023642533005507,32.84426930353488
35.40253715477809,0.0,31.783668346445037,17.73950880378947,37.27918625217812
59.06172402425781,0.0,47.98553051605459,-15.549837711810426,72.31414848589193
53.04035006613662,0.0,66.40677294969709,16.85054200009422,49.478422048847754
58.31268995287444,0.0,52.839024056724156,28.646372396686743,65.77385398506276
30.25544238528583,0.0,16.78097743747618,16.13878729969141,26.326619056755554
53.80822077169873,0.0,42.110268539134864,6.012844737183052,24.811248559850537
37.78844171067685,0.0,35.282076418836404,23.114082604172438,29.716592264284824
46.234434365975325,0.0,50.21261290755874,5.592485191327854,45.59240265581628
56.18966372844978,0.0,37.890229732307155,16.272286472353365,50.70591163862786
51.453242663287156,0.0,66.92116356844402,9.87537942403467,50.626741897283175
41.3810596675183,0.0,40.73767417695307,-5.567553382364036,34.805125302765624
50.5469232751812,0.0,51.41533132822781,37.60343924805434,43.0740358750148
34.11520625795188,0.0,29.302241905593714,7.129466552189101,25.363941703559956
62.77067543000096,0.0,58.69672053432287,37.523645924040515,39.323608137861584
48.286402730304204,0.0,42.68889826585456,28.962849350858967,35.68419021113086
62.43176964323484,0.0,68.92959516972971,8.375403851166277,39.30049450642398
44.85382262392542,0.0,40.80054703612518,29.491876555363493,29.21466581753281
44.885404713214015,0.0,49.031968174290455,19.465932010763765,30.56886234247734
42.314441799897324,0.0,33.798040215599286,-3.7090009966671538,23.18469022725081
59.841945146762335,0.0,57.68476471972461,26.91698826602431,38.91209282952656
42.89951401313358,0.0,30.457143910350744,-3.134732603306208,34.1546597494656
57.36749371922181,0.0,66.05535041016903,41.86965729742329,48.709197408836935
46.393331708372955,0.0,33.57521922022431,24.668331998279886,29.171598917104642
29.366425760279412,0.0,22.224849001259503,2.840339908580481,0.3437995721913296
44.38600123835485,0.0,37.09194199247881,29.920697578724976,30.225910328099708
37.88094334320675,0.0,30.286260814738483,-13.770392439981268,41.18862132682707
50.8421493991553,0.0,54.41474311489727,5.086299451077386,58.63490336223265
37.76020624227855,0.0,30.562221483666015,4.899056705208835,31.543060723660474
60.37407819954053,0.0,70.8872955099706,52.38887851102193,52.766277482783195
49.50673425205569,0.0,36.79663897973437,-0.1730443560772894,44.7619761564789
48.58225347875947,0.0,46.3409601188575,-9.655015442415625,31.63575655501656
57.48820073141171,0.0,45.092450051442604,-1.0554255456769717,42.68778388566188
60.77938559855484,0.0,60.99040819031982,33.87722260293751,44.49580769530746
50.26513543439549,0.0,46.03385198476407,6.955484843924367,52.50275693929471
42.23950134951047,0.0,36.674338075237785,8.67604312600183,41.90605714699757
31.524758942076787,0.0,40.360544849517474,15.77870595139442,24.629680320085654
43.149347825486835,0.0,32.2854317714561,9.190204759537359,53.14872865070301
43.88488707622523,0.0,46.13835140957563,14.698884268060018,41.448162625420295
51.62381878960741,0.0,39.40122815870899,23.617415029859895,44.64489319224273
46.791946816959296,0.0,43.98158079389135,7.3508682483439305,40.98665446175053
57.83056191058413,0.0,40.9869481845819,17.142824706223475,29.686393669988387
43.93007432025676,0.0,32.966215289835986,15.256506983126114,21.18185014082949
49.87040011991387,0.0,44.94549051215398,27.345769730426788,39.84979860621157
63.13097925542048,0.0,78.04861577288881,11.23376576649884,60.15635520974635
54.13234796250551,0.0,51.06992669607205,-25.110886549227185,53.01930276472397
49.83838339982728,0.0,63.29196956126084,24.67054327162829,37.727330188595396
44.04802588783668,0.0,42.42384953912345,24.984828522720967,36.18163162291285
43.713720025419946,0.0,35.66805809232387,14.54686170556309,34.10204623149932
41.39096188438246,0.0,53.76977103994335,14.232182906476682,38.2964118895344
44.69915314175292,0.0,45.35670590562725,4.317576170613223,36.892211301385935
58.55429787572008,0.0,47.548210212456084,26.932672811217074,30.462167400064143
48.10898377868299,0.0,49.062898322168174,26.166165090045286,12.202036525278483
36.057363453674505,0.0,29.14330695986418,8.316330475567844,13.388885141294795
69.37305102306692,0.0,43.93485435746286,60.93592505996782,48.56476212314094
53.898770299568525,0.0,59.67765295348856,-4.710052615683654,33.37589593173142
35.44648978481707,0.0,43.22498333163104,9.480873330864432,28.24519427198022
45.75867077116366,0.0,61.22176949410897,-3.696637947417088,55.912385500473974
51.664731486289035,0.0,52.0450140042271,28.496316219779096,53.12163515524213
68.6937189900774,0.0,61.68218763799579,3.1711770173829663,65.86882479719866
38.639543777135614,0.0,43.61249704837465,-9.857813747589578,43.80700666907431
60.909036936660044,0.0,65.65564804251443,12.255752986703301,43.735252392467395
65.4336186183123,0.0,78.44539982286273,27.411073695625834,56.921007664019605
43.76262694458085,0.0,39.33980344162387,3.363755158749486,41.82081936515085
47.51461849379609,0.0,41.74738238198913,5.567148112553744,31.83194363827818
39.40677198800425,0.0,27.959658094127573,6.8119558772832445,22.116022549885315
48.30588046296348,0.0,49.964204637957806,10.838286291247936,64.09799456036471
50.08892421718153,0.0,29.646624691167034,36.19240537520342,37.25733599559109
57.528354039253024,0.0,61.552948865461765,28.98603531931999,73.45308383177075
62.128669569569944,0.0,64.08211183758576,17.274875945464906,32.977391564729984
42.486373607847085,0.0,44.748617717025056,40.603871217038,26.930240943730865
29.458726619991726,0.0,27.21692837056707,10.821984846903295,24.599031723159843
50.25288995647536,0.0,62.41168742724716,1.6676304949320144,47.28526472927154
53.616386727135364,0.0,58.72313287668363,20.78514523969038,21.92204673773219
53.14495951320172,0.0,42.60913930425938,24.457607510076212,39.471833652014936
46.989340397311686,0.0,36.74885090889056,3.838527805365233,66.70662961664833
51.8128887760396,0.0,38.41553291628889,1.347675138154873,43.12699068504224
66.67265153041554,0.0,68.1611183304645,25.56436957570584,68.00368779635772
54.55878120651561,0.0,39.839473589307204,12.612254007471556,34.54597465984476
46.490395335616945,0.0,53.956685075513896,34.09743112146971,43.70348065212792
45.13520402339674,0.0,55.159928517312345,22.953389849821505,39.83717865485857
48.66499541675978,0.0,35.32877492092901,5.419634717812771,50.65926347755703
67.96870866272376,0.0,61.638135839728704,31.060487158785094,73.04629131470907
48.52129773526832,0.0,44.66467165169943,32.22616594293662,44.49796628011771
50.26838807207148,0.0,55.55962388550519,-4.310581890599387,44.93772517792438
45.32629990914748,0.0,58.377939808213085,-1.7983262467203627,20.15348464967871
62.222697692153936,0.0,40.11946976802622,21.74299008209524,27.156905926289447
71.42105229643136,0.0,63.62762412941386,27.457375968243767,63.752887115487496
55.29476250285816,0.0,48.330849725110724,17.357310896239593,56.63770980418188
51.36433469397896,0.0,32.4618165750711,11.55337834859348,54.52059171032144
50.87292380639052,0.0,41.66679391047924,11.067939806280837,29.202393622313096
25.00321357878748,0.0,25.901884007259675,6.859799546362372,-3.160382490043304
58.44194377703222,0.0,51.28988141310664,35.80163570201039,60.67743545989218
51.913482175510836,0.0,31.47830232476152,9.45712938455191,27.852040376828143
55.056793499377015,0.0,81.32371265560633,52.323143189622016,35.84496198059241
42.87781207701242,0.0,41.75898286296168,38.89802102106636,28.03762097632282
46.37191352123972,0.0,43.55828964942292,31.920367551044755,31.046901453439375
46.08802979249381,0.0,30.479779361153867,21.80476096562073,49.72616785988036
61.396090356349006,0.0,59.9006492568433,49.741944502966845,64.71233638934648
46.43278728404178,0.0,40.69861594267985,9.134214945386521,27.402963014436445
72.73343542061693,0.0,48.30095166017263,15.944187004150214,76.54528746193134
55.08372401793424,0.0,39.613448831613724,10.565061683142634,44.478808284354045
36.84903072780692,0.0,41.42887197710997,-6.177823057332141,42.71412561694973
49.10635698704003,0.0,65.63427107885514,16.408163980307638,62.777349056102196
43.51664601859271,0.0,43.45541439656595,15.844846558753567,31.92616870455849
27.0325837649438,0.0,35.04211735589338,5.390452016483369,27.135296424009603
67.57048350677077,0.0,61.562019319420166,24.66427840058986,54.072265970550006
57.99307847724841,0.0,52.88178023977472,21.45219055852329,60.779395626610295
56.17729480250773,0.0,63.55714581004688,43.04555574108969,52.1361079762014
52.24725687394415,0.0,65.74518903617016,25.15553882510433,60.64248007665783
35.712826082546634,0.0,45.66823093399044,20.330520453783315,48.91675869352503
45.31237108051887,0.0,30.051454979764813,15.295195782720686,39.35316870398694
59.47444904295035,0.0,54.54491660282848,-2.3763412630129253,49.6438238962911
39.24744801392168,0.0,38.311165640273586,-16.2871575537094,29.41021753312345
23.42755408219148,0.0,17.07917268721456,29.929232013032273,-25.113396733809388
48.05323147204335,0.0,48.13287419045977,6.6187436526036905,31.20523504229343
48.96519265966213,0.0,53.6079277150516,5.923156507769043,54.101115146686624
51.92840933710622,0.0,58.44842998759864,19.704550619445804,58.30713644792884
58.26422597267421,0.0,71.90295705885659,27.48092897046429,45.96971272458612
57.29280856625591,0.0,49.62338708560975,28.729067117488448,49.69963998134915
53.24488830933891,0.0,34.697672958676456,41.97075593394837,37.65560710210324
63.25432805939466,0.0,62.75889539829731,43.61519743975589,64.80697804573236
34.249470901284006,0.0,50.396011124532464,-4.900779967632218,57.76151187943601
55.87142695196328,0.0,46.66534009325526,32.06085593660217,54.50178020284608
57.17455119434511,0.0,60.26094439104251,13.71349583196033,42.41112862897186
37.23498240759233,0.0,40.75871270623999,6.229684844310231,28.587028067238982
34.42149299999268,0.0,32.6573916846356,-8.794964195780407,42.45193682331106
42.50938876399041,0.0,38.65363185786955,-12.79202522213987,15.393193440230348
43.41122288746128,0.0,29.69547145300212,11.117044869402804,23.27831910789521
58.53029501517213,0.0,30.182289443079302,6.3997098579899525,51.56901674442096
43.913453433856546,0.0,28.195289649553537,24.91224662780657,47.04271376879161
41.32967970349972,0.0,33.290977701661625,6.456952934060533,38.04812674522242
43.94449430211532,0.0,51.603064099608204,16.203426508127126,30.427061847235073
62.43264999181447,0.0,57.069483198534684,41.28645504499856,60.54259130151336
50.61926408455476,0.0,41.058623321901266,-5.406999783694044,45.100628025584896
48.56456922551903,0.0,35.10342619484079,4.182967950721437,40.92773485985024
49.30446819204084,0.0,52.20843315981999,17.349610731031333,41.08544512372885
64.28575450687093,0.0,74.35529542586032,27.438197010702382,61.16453199579585
42.474879996245804,0.0,49.7991123214279,26.59729782418419,24.998060592118463
64.53629948361231,0.0,66.64209902723573,35.39152136283822,89.31756269468994
52.729078564460345,0.0,33.01006935422084,18.048743748170562,41.07073928057187
48.765788194437754,0.0,41.007864771336784,18.780081935387066,45.33802950839096
77.2023952046674,0.0,93.28153211652203,34.798451257778495,73.42889698504601
39.200225412601256,0.0,47.19998683640583,-11.463186130256407,43.576361434380885
46.700707604406894,0.0,26.430561592405486,11.166076503481769,16.28423091885507
37.31117872666671,0.0,32.883386342808684,11.710683924478014,5.450276827667622
60.65709442533604,0.0,60.25782846143881,27.501674434781144,53.068000119747126
68.52913389045554,0.0,56.08755916562262,12.340514598388829,83.86626417201047
68.32327212833361,0.0,39.5152889232846,7.373725521298692,68.13250227079111
63.55797191993083,0.0,60.312379218935675,19.329274825509557,45.6001939421004
48.36828894385137,0.0,36.00281508441466,42.00958192257514,43.11235120866768
46.5772383463632,0.0,34.284032170006036,1.7572589518146557,26.836733191723667
32.62319088020939,0.0,25.111284645239333,22.175406769012714,26.609770103990343
72.23351149821033,0.0,66.37842462551747,49.733799144299184,70.48308233225926
55.49099562323635,0.0,51.24243315975835,18.84140567350432,58.317278517965924
45.22325942183276,0.0,31.89364567390969,2.9774974814427697,13.469232517594108
64.6703831591155,0.0,58.029814159707996,30.47206789094428,40.056567545632234
40.08575708321048,0.0,17.602390025892284,12.481898036570518,23.797345562636046
54.824711825780696,0.0,53.97496308065021,5.7283333278573405,34.18217110200643
48.63532513702448,0.0,14.377389597672103,5.149290324656567,16.474104481507894
57.30425586485627,0.0,50.05737626312105,25.58894276608081,51.1789859878509
49.8006007296619,0.0,55.472385459353916,28.227045807068478,32.232370104955066
34.97650882419519,0.0,19.96778755629974,2.3775321065629393,49.716005144246395
51.28743866629358,0.0,54.788186271039045,14.916274226736801,37.94535769689735
61.687166263749745,0.0,69.65737471719851,31.02827257098317,53.712672089953585
50.167711916084635,0.0,11.104570212095751,12.844466395428025,34.224673938754336
58.76211641608523,0.0,52.95172874738506,15.780467428591887,30.958629596966652
39.30825234176965,0.0,5.004525878364806,-1.3371424793553537,26.675646625856643
50.19929308532474,0.0,44.88709954210439,4.404046998803999,45.0287942245373
43.80690461088116,0.0,39.77966139162373,49.3882234739473,29.953326878557117
58.46149734653033,0.0,27.98905828736321,17.06845635012133,45.40928402710611
50.81638577326949,0.0,67.11192472956151,34.86751799259503,53.31720112044434
57.85343566091473,0.0,56.68677850293137,43.22932106741871,68.12921134566623
62.10224470970745,0.0,48.852126131145496,19.247197488712974,82.3117663945007
57.869943139006665,0.0,69.18235335342283,24.69993351263819,40.76228522471584
53.3982055894234,0.0,30.28161815558582,18.494624530588954,22.60457545336355
39.813844098625154,0.0,22.924821047730546,-13.133585348350298,27.426449782520766
50.450123633320594,0.0,22.052903740588253,-6.439558057035381,8.0939893844632
44.78374175913567,0.0,59.87319854678322,13.004477700018485,49.254894887048735
46.80351802896512,0.0,46.31728177168329,7.438435763389769,40.004874563409956
46.47793937900529,0.0,49.45802000497277,39.90272074462423,43.87924537756852
40.00924009091157,0.0,39.30826212714729,6.358407469800167,27.466638868229943
29.56543362269086,0.0,31.930460823187,31.444120181631042,24.188734621965658
43.34068372697067,0.0,40.22351989727479,4.809893452122824,39.98457303744283
52.54618245528077,0.0,51.31114610627425,43.52832917454856,47.01016729744699
36.074417211959656,0.0,33.39473558697219,14.665932803085138,9.655099390331667
50.64746072671974,0.0,40.13859756266278,23.476467417809964,41.81936313241859
70.78455029834763,0.0,65.87552662254872,19.39427305432656,86.06421473009769
61.41140828207145,0.0,60.05208134840734,29.58421345445903,56.971835404777735
68.04138422825955,0.0,64.84269667513901,48.95138239917726,62.21526414479652
54.659154402513,0.0,34.88407801299162,15.702678590920552,60.632610946010495
62.95491338151881,0.0,44.442120353263746,17.520130851222007,41.115040459487474
42.74422057737002,0.0,50.26915749818574,7.717933405337016,47.77978320256872
43.59502005942461,0.0,36.3988697285367,34.49285884945101,26.5093557137952
21.21176463666689,0.0,23.83651165080648,11.414540606790164,25.705524534623482
63.15403814267793,0.0,47.31350948416629,42.812427169207396,61.405759426398916
66.93848925518742,0.0,47.001028440597445,28.911581041336007,49.10826569213295
44.56911078816366,0.0,31.67817408872898,12.75223807846297,29.12498560988982
47.766381106091494,0.0,41.3918176638263,19.929417659106,50.045831828032696
42.42476249802763,0.0,31.45905430753014,26.09995278762228,7.572549448239137
54.56860494828675,0.0,64.12369113821694,14.211468285086752,44.429945882751724
62.499968704562555,0.0,60.12649842155709,41.339675507284596,62.56715518285992
31.858110486349375,0.0,47.67680788418402,10.367498027730296,23.688454135099597
54.85480651767921,0.0,54.992518129600164,-16.057362601989386,49.08369952915652
47.523613758324245,0.0,17.980051557126508,26.27180429241431,5.085736361413279
51.69152994474624,0.0,58.7788965141222,-1.8163118891859327,35.45348872211407
55.38431425013291,0.0,35.260484662493255,30.249237687628302,50.31159031899463
48.468922013992184,0.0,46.87669908461923,27.045330906661725,30.66685072629548
49.3730523916245,0.0,37.128629508339515,19.487086014775578,21.525117287748007
48.19460500882498,0.0,66.84067081937539,21.852054487745384,59.12805743073114
60.84786959724184,0.0,71.83622237290558,36.629686179096346,63.53831950500613
54.95440740708994,0.0,42.96166709697786,10.921593182640368,30.24578908211414
52.83686224284875,0.0,47.38246231570081,27.922758279579423,45.27550810551174
36.89958152833352,0.0,35.65529708583492,24.371993839806184,14.582297558103022
46.434711609258564,0.0,51.574277530694054,38.02594320619186,37.99946652599087
60.08231008050946,0.0,56.15930545473523,5.141773613600716,53.96260152700993
50.88268725649473,0.0,35.96469436627336,21.424698519782652,28.496994858216144
57.52708754430554,0.0,45.74679611828032,5.770751727968225,55.91703152394443
69.35534046155108,0.0,64.9168473577444,11.673476770144424,72.73633470304937
61.57755719972741,0.0,70.38266728330048,26.605105889633556,60.51115336379356
51.47530463227219,0.0,51.91909976188278,17.085209356477147,49.04304429941372
45.01989677697279,0.0,32.863824184028545,28.580869628672225,15.015403901593974
23.19482848536805,0.0,26.45892620266693,-4.42709638350109,31.46192789374615
48.68067518473848,0.0,40.550580083303224,12.568826753165977,37.14766334731142
46.99640062947097,0.0,52.41193383261892,16.512618305664276,28.913276545341272
54.65101570894794,0.0,77.25239819358225,5.594473985160841,55.80600505176229
48.83539292972564,0.0,41.000591826909606,4.3536170228957545,47.84770520771751
47.0565306416588,0.0,51.53136802803469,29.29289216478869,46.761967900266924
31.466745893381027,0.0,19.840441677978205,-2.7384293389596968,5.263956288548787
40.43619467015424,0.0,35.354934556597904,26.589804815407803,39.843185336189684
55.5729823942325,0.0,51.73192902694433,26.803802228431692,46.206849529762664
68.81462722999302,0.0,62.38341426839975,3.715959428901943,66.60926515274483
49.437820115313606,0.0,71.45174880440806,22.347861351608294,38.22254158336043
53.98260474463658,0.0,46.61191914279534,24.73431526953693,57.24791256003539
60.657267379655536,0.0,62.62562586856348,26.99979323055102,56.44629044547475
41.81536881483429,0.0,17.475207424575615,8.685461113332403,40.868685614408115
54.3993573981922,0.0,54.83683240331412,4.35365446799128,27.845144476490958
42.56764442705493,0.0,50.72218014092564,30.06853849229184,19.183650483535892
59.72067408859727,0.0,49.912691216929126,19.093866629149556,46.6003789564626
52.09765820516054,0.0,21.44187117643353,3.8871178360423553,53.44192546692382
53.6688965979944,0.0,49.1388118411865,23.6457906927264,69.21732041251917
42.11770880606553,0.0,38.37724924626381,0.3839059584557809,21.50271187187542
58.03464176669671,0.0,61.50015834901114,6.224478895792339,52.47397439467813
72.7553677538927,0.0,89.58400754721848,22.397981769607757,73.55250596639155
39.71020414241179,0.0,31.80783944306729,0.15121165768404765,37.71888263264074
46.849517063297164,0.0,33.785038548574754,0.5964509898297283,45.87933580771777
52.95465467747976,0.0,36.49819653303761,28.170434899975014,26.430531930851494
58.882763431514306,0.0,56.76788970155495,18.46076274859947,51.83580202424823
44.50105662930963,0.0,45.61000086507747,29.80745151103684,11.541373510105192
20.208534832850184,0.0,10.889505517522228,-13.23158020990065,17.571844423048503
65.00303977259057,0.0,68.92645240593184,-0.9157655339740032,55.182662110875825
58.60601701143931,0.0,59.324379828018465,22.00910728836213,36.54564471792261
31.856234637361858,0.0,28.568006081191875,31.365115235962516,25.896343658928277
43.98792885575121,0.0,30.484615143460495,19.361232683750703,27.020433836071447
67.2361610203236,0.0,57.78275172802439,69.965642340371,73.49402204157377
65.94981821269852,0.0,35.90707925302379,28.62801809765815,38.994247888546695
60.509404813764384,0.0,58.76554459293171,24.27808716813174,80.6302934505643
48.59810555115855,0.0,44.843012282288235,-15.960161617324804,50.19094353650785
51.3666268196152,0.0,49.279533682087745,21.964486336680277,59.066004925107876
49.08093154136071,0.0,50.37521547813245,17.05461584804148,28.72825858395987
62.53530704439421,0.0,62.34415799563202,16.330944228364395,77.84560518536925
41.12138454799252,0.0,36.04823109454334,8.375892489293593,15.986907578967747
41.8698019842092,0.0,38.46675681230203,9.75500462578907,29.810117106273374
61.27483100873682,0.0,42.16315998733013,18.843939036857275,64.72713422713704
50.005884760877144,0.0,39.771235992915706,44.63368309597246,45.39424655731592
65.2090266476121,0.0,61.42337435053586,18.315569158138292,41.827633248939144
43.30468375519447,0.0,31.575584000055272,13.889158375487652,45.615570744987856
49.894578551100544,0.0,54.94006745151087,9.433347663477466,47.82073406817967
40.62377084708328,0.0,29.75792531795834,21.06968700645224,23.639986685432483
50.55856501779444,0.0,48.77982249688497,17.980791568138905,22.973673808385016
34.681395125225215,0.0,32.12052154837199,2.819585651654309,30.416359246292032
45.269456503934904,0.0,49.18960610685761,-14.556999305147379,36.24596465612234
35.133303022058016,0.0,40.86287778331718,10.440964910804295,29.93542323542146
57.89456876042128,0.0,61.04460418439013,15.159243546769883,31.77963255628433
58.13675955071413,0.0,31.65421700821477,18.798853096516574,37.625152272635695
31.991773651439935,0.0,40.87955224853078,-11.376980825396693,31.573454849956136
64.73266537601384,0.0,76.58225811287377,43.47713376597578,84.94284386911762
77.16515348081879,0.0,67.53810794391087,42.1855026534352,65.76115225331176
50.97147887670109,0.0,49.40087193579068,35.877839429508114,60.74175201391786
43.62949043188934,0.0,30.254910826276323,27.8445888732857,41.12032088289792
80.65829485856048,0.0,55.45606594629658,40.37909679758006,70.26345257214709
36.38651497300032,0.0,24.746201325084535,-8.395542726960525,11.428814000976635
50.69473430028955,0.0,40.90938555299921,41.541102021998384,27.82843086004638
52.39918490566045,0.0,44.54511621645083,3.4295740619290545,50.05965993671144
64.85300021987138,0.0,50.392738969109,19.563652603808986,47.10918160782989
54.3237592206424,0.0,42.430708953342794,27.52062648791253,35.507133678461884
45.15191476003283,0.0,41.06094195989383,23.17937338530987,33.479379169642925
40.31634422391373,0.0,28.27495629153239,17.924650567408868,26.105003578837024
46.827475597464634,0.0,48.57539144740157,7.798610241946177,50.53919653657713
39.720721905824135,0.0,43.05262985526332,0.9808763986933844,25.85877010081104
50.990914452508456,0.0,72.10381274374433,51.44325792180654,59.61833911612538
44.45137179978079,0.0,52.40021986182998,11.579457247928515,44.118852104071074
34.515872973633016,0.0,33.296794587224596,4.393392570167933,4.3238815658280245
63.89131697829285,0.0,53.03100549393804,12.762240702478524,57.418000025346345
45.16218716966742,0.0,44.295766689802335,15.97192028651184,3.4220267274645337
36.92965933445871,0.0,36.55251201970059,10.790075611306982,16.88330627117559
48.68201924846111,0.0,39.215167704913064,14.229917219257853,43.664370741268044
51.21045421270465,0.0,55.42466952087079,21.22732842957694,44.601248818564166
31.81863150344719,0.0,13.279723330418955,30.04179691869765,-4.980809984553172
54.02359932928217,0.0,47.31030147509971,9.008968947670457,30.466123066321412
39.290856027534176,0.0,41.29899542666212,9.904415619221421,-1.2574212561343323
68.76249627674602,0.0,61.33857925995423,16.36532014389823,43.23862770678376
56.078491278263414,0.0,49.72816963062272,22.676374218129084,53.97307673247213
46.20690153391812,0.0,40.75626302403961,5.0876018334277,29.493266096907277
42.51766287711914,0.0,29.746635587189132,3.666352663784366,32.40652035832741
49.35829775527978,0.0,57.73294098735895,-5.736845278217739,44.18194467344673
57.02765576847576,0.0,42.0764626239652,20.423328073775902,45.562886413419676
50.20748501389021,0.0,49.512544744909334,21.353112707512796,54.944613069396794
48.15951882130289,0.0,48.51023104332924,40.38859125318393,37.76554526356088
51.10358906914112,0.0,36.98887154774365,22.405502835575493,50.43560104919747
44.02756927895215,0.0,40.845957329194924,5.563747471323998,3.8831480387686774
46.81268620831472,0.0,33.18438535433433,-5.728913800086971,48.49589882852348
28.19288473352334,0.0,39.229468243334495,-14.011972495167303,6.059808237501038
60.884306275568605,0.0,44.589079930879905,2.907269424146815,35.484614909475155
53.67259330087208,0.0,42.63227067800108,43.66604379574126,33.954307778821814
42.21540051421676,0.0,25.337380887391483,14.960315648621943,42.24667345320009
70.76816522752853,0.0,51.98638854629852,18.381910692966905,47.60325392375619
51.40967795436675,0.0,64.16479733001808,2.4316565734999447,39.34718995638658
39.40854225479407,0.0,41.276211049741285,-2.7019977981367393,19.386918220749408
59.6342630838043,0.0,56.89500562776524,11.89176667923908,54.832701720929414
54.73309928166897,0.0,43.646167713257064,36.33238300136789,53.15231011397693
54.69604070655203,0.0,60.16109816898324,17.341856584567402,70.11747964601938
45.930630366631156,0.0,33.22126731714358,-7.450749932122328,63.91197269434499
55.29350886043741,0.0,59.54229144439233,50.65035265967872,57.23065068636132
47.68296657258602,0.0,34.43247963880401,-2.1572476560776543,40.23302381712906
56.42021247352818,0.0,45.43195444624307,10.385550378120167,30.51120414988821
30.125272911981483,0.0,34.43309311672181,22.722089505749587,46.02544538661317
45.843889817789474,0.0,50.99799723942334,18.74891059385476,41.96317594999621
68.88138236003275,0.0,70.82058719520458,18.93792166809626,59.35157661915717
42.28366141677129,0.0,27.251464707876707,-6.409884396909362,34.18716201085809
44.02778975363733,0.0,35.345618330030355,-1.7215983912047115,25.196998110162074
45.693358729288605,0.0,43.36974264116924,0.04201199250750065,7.669442333474759
37.49950563135021,0.0,24.670093601171168,8.41187843398509,32.03353372437789
26.884078250660433,0.0,37.73071523912661,5.171046624406316,37.461263743715975
48.01604296849707,0.0,18.576209822633153,11.997769370593074,38.073783315522974
51.9315722239732,0.0,39.600202761932856,15.69190135062073,40.406513375663835
49.91886901916081,0.0,40.47037459614877,0.3319070729089564,39.37929835791232
48.93184421614102,0.0,14.799292873371485,18.72664343069946,32.83160651056154
50.93979188917733,0.0,32.09156967927111,33.74403700411621,39.227708451488276
61.409110080062995,0.0,63.77125745241024,19.159232522831683,54.33194948511085
48.44494723493672,0.0,44.73420560578389,11.759558837922974,39.690081561619174
44.34573414426731,0.0,57.03112480269347,13.24501994283902,59.361753173591055
47.47602515686467,0.0,59.81221798397414,29.553121332135195,49.09168503007571
56.670301744543046,0.0,57.07980063969977,6.24071785486969,50.73836449994904
65.56761524748293,0.0,64.55624358530817,44.18353484775149,66.74766858494488
43.76808241880402,0.0,40.51503430507094,17.693643473071987,42.73580195850352
51.53701618529522,0.0,19.358053838534182,16.43180345236685,45.869479156825236
54.09529429193776,0.0,35.210430451787566,34.530181931275166,31.378174860690393
39.87404693442384,0.0,37.05566340670372,-7.039394458557378,24.471849595694827
50.698054180639836,0.0,53.14652257921902,22.92304377222628,33.49590308074849
34.81894593599866,0.0,34.08739419918968,12.903355117189122,35.26135956267339
31.57732254172519,0.0,18.392887264488675,-8.124080447353537,27.410251277455426
54.398634703746296,0.0,60.1840788068713,24.09150905901119,32.729733802053055
46.378133750382005,0.0,58.068894471789676,17.18461919410281,46.70455299591005
52.64129051842024,0.0,58.463152167937416,14.115826878264976,63.88096958952579
50.28868310233998,0.0,56.69713953458161,27.500097858930793,41.47455350632133
40.046910872801185,0.0,30.24285398355152,1.655853381211589,32.45824047820956
49.99634456095991,0.0,57.32337777406022,18.99018171689185,53.495334141045106
37.30401897130788,0.0,35.00691152086719,6.3498507933201145,11.393428954571565
65.34264449858607,0.0,66.43362480792987,14.952969591282296,60.81216472049265
35.99114462419323,0.0,36.0410889581228,14.570285347919457,43.06114347819025
48.387898300607276,0.0,43.07218731541721,11.36958643212348,31.42207201384731
39.343063472589506,0.0,26.36847350766009,-11.431103172943782,37.21651372946381
56.574930498645706,0.0,51.534698428220665,-6.583566279101994,48.01231791314634
46.938499122331976,0.0,53.374587685218955,24.61947351966407,32.415133248239584
44.937860995606485,0.0,36.29559028249526,-4.799444223090926,32.921597889031126
59.596481707382715,0.0,64.82625961154703,24.394024146486323,47.45072669819185
50.79436398963803,0.0,54.522003398563314,16.39385474952322,33.053285792599596
56.00031800068172,0.0,48.67591404477646,13.28740456903306,43.191660171117334
39.99427701314056,0.0,50.80402222311,37.25657250279493,35.58016609934272
35.46921129631491,0.0,27.899156106198895,9.72886535681418,22.24317671897095
51.625427001636766,0.0,63.51266456360329,26.724356760963175,44.18974131089038
47.072971926915734,0.0,47.659082384802595,17.5877873517679,42.02749399965534
57.17344324151591,0.0,52.824149449923404,15.862589081962843,55.15627082543225
49.6260596988817,0.0,36.18033954087014,14.708413195686724,23.40882901739061
52.671154787090465,0.0,47.63331354276138,37.204227974944345,40.34503042336794
33.13380482287579,0.0,27.210068641333017,21.24664741175215,-2.319305060441721
70.65812908787696,0.0,52.930064952933634,54.04309981733353,56.88058364048872
48.72494310035507,0.0,42.38625643318113,17.605464366313843,40.75646175149737
57.93371634814693,0.0,45.233836117489886,7.185709309954296,53.91993639879337
41.54612720082672,0.0,43.83430514545649,4.329155763577733,35.72979899996775
53.77102622209003,0.0,63.47048773256545,0.5176779670282308,55.97859365616867
36.558799527320055,0.0,19.749663134028083,18.604704273833356,23.498113841258974
55.310307142382726,0.0,69.2796246999545,9.844875752190786,43.64507493777
46.676256506259705,0.0,41.315257702380926,-29.69824214150596,23.05149583713272
50.79179861566013,0.0,36.403102999788906,50.33674511856985,35.36894926124776
57.93785214078363,0.0,61.76141418460773,11.504760747361038,42.251896972216784
37.31001327518392,0.0,28.746342068857516,0.08352884969384711,24.4909703295291
43.1659955743799,0.0,38.360773764604694,34.98279303982993,27.252087193889764
55.36647303212572,0.0,46.93832141098993,1.1060154247103782,50.5847175022468
72.89970869720284,0.0,59.80538437243852,43.78498982319877,63.318794021129456
49.004462936631796,0.0,52.62457012015139,6.357749756184804,47.778599258911285
56.79627282664899,0.0,49.5918767562579,0.26361171129241256,52.77666446603342
49.33688725090904,0.0,30.088522735910583,38.85485576661367,33.37994284896257
71.23308273834726,0.0,72.64069923345487,39.86033803176046,63.838854288461725
31.81056484010551,0.0,15.308886174926943,18.15054279395211,23.955759172440658
51.490933878339185,0.0,35.204184683640165,21.183191861336088,69.35585072958685
33.11070882848579,0.0,41.96291375288584,14.343086041598532,14.418652244044944
23.696795821158915,0.0,7.432559543244269,-16.63616247676607,9.60288178507158
53.658320852881815,0.0,25.026114070912623,18.76627115333651,22.481179213494837
51.970448781944775,0.0,54.46935059092182,3.1780522980307957,44.76704143872905
47.436367719573425,0.0,40.20723130869457,-5.798487355004127,28.81485112118525
49.34519367230907,0.0,42.995411961865415,20.6140546047409,38.041390960685334
83.58569354602776,0.0,75.62184587054756,49.96147153922425,77.63827488331371
47.721253097796456,0.0,46.15392148948269,8.528246077381743,33.13963108899046
55.93064990580677,0.0,43.805784974867095,15.45472500582908,22.572819401078004
43.541331952054804,0.0,55.21394466819344,-4.405111816550125,56.577847122890596
53.63449854110402,0.0,33.89336986716654,17.282099115160797,50.54947614590934
47.934330657594195,0.0,48.619344990112545,24.758376118814688,38.52885767030307
46.09344132796273,0.0,48.89728405741407,24.189849514661383,27.661591405917626
69.9151006459843,0.0,57.476196883667356,33.810463072997564,60.7728519696244
63.05829372360143,0.0,47.94302878102094,13.64489328565566,56.06749395534852
51.94105233983699,0.0,58.612851920495665,7.088308351447347,55.87183830122746
25.85903924296175,0.0,11.731851958698917,13.123881591465446,22.805786452287542
46.62245528293582,0.0,36.20326504289363,24.769062482496114,48.505922929227715
79.3621536007742,0.0,84.18785563575248,28.896331577543023,53.32271204781383
48.01523871724792,0.0,44.35906043629674,8.086651195180952,35.12771863572774
62.26794091820077,0.0,38.982504375672775,38.373676164519054,60.637164218545244
65.88726715746901,0.0,80.04226692029914,18.842109721836483,51.92571730917792
52.81955633712362,0.0,43.104809484767834,27.243929951425265,57.456925010622015
41.484901690577885,0.0,33.311756186664574,8.574771178558446,53.16973116707571
24.458211607208487,0.0,23.546418256068364,-13.616022824615529,29.415885934045495
57.790281415802426,0.0,60.21246070794365,42.18450591554702,59.492353551490496
41.774102046550205,0.0,58.60901081034634,12.353956749217176,32.87012916868995
52.36208797384892,0.0,30.697593341520022,6.465540326523895,41.6444150109186
37.125373548269934,0.0,42.02876014588553,-11.491575646022984,13.064244907462552
47.64579025538679,0.0,51.49046232854638,-4.2891672610087,31.05668127930077
50.84018687033911,0.0,45.31637658792089,10.389738946498705,32.516098453344654
53.349856845402826,0.0,57.56473400322227,44.152202855531385,47.79782818751555
38.56784930296939,0.0,44.59260925414246,0.6610882004503811,26.85481108286146
63.26906887467498,0.0,44.35960887390302,42.87247390349667,53.90338492594496
44.101982241790196,0.0,58.660570837812266,10.09875919098206,51.21543722762296
32.58793321334269,0.0,12.33572767588852,-11.030912679600586,8.531906232427536
49.314961852470276,0.0,33.25553476651121,8.138103216860124,38.41986163154514
50.84719904531436,0.0,44.0045812605902,-2.4027030896726096,35.80435060060334
52.195816126092375,0.0,68.46869495659769,4.327706878199441,51.8146065684996
65.03448520767284,0.0,57.45598566996312,10.964049746389454,64.52439663438653
47.95340192604971,0.0,43.59276986889032,-12.7696049691295,50.14977981897461
49.20173979947752,0.0,60.31096601682617,36.06199542949305,53.03910487520348
38.69220102843262,0.0,31.651072479928473,11.941858631843544,33.093348717719955
59.247632419602674,0.0,42.56098087526263,10.594517630432883,29.279478025442923
52.4492639839028,0.0,43.9342204794233,19.65393856573725,28.708316197669667
45.99183360591313,0.0,56.50780315690556,1.2067790914502101,30.769247133178077
30.128155344366977,0.0,27.1620681867981,-33.37809003993651,24.46965546379945
65.91365727178115,0.0,82.01094369070961,65.59354534671762,47.95660984510543
37.36194681835211,0.0,41.32991325480372,10.908963012261369,34.04932104733764
44.16199833938419,0.0,33.381525874689515,3.674253934720955,35.94931867163477
54.30885916052508,0.0,50.717211334371,-9.701030733018278,21.524885116166857
37.694490496849156,0.0,24.820061894951195,-12.635084635495154,11.515657260111201
34.52151489447269,0.0,23.656985718962215,29.990638956869514,35.33352202809947
27.78519122860996,0.0,71.50468381480874,24.13870325054459,40.33007244244511
58.18385556642861,0.0,64.76355802551376,30.294714697634912,42.29998482047696
44.65449584314778,0.0,49.8001931510829,-3.4681844137066786,25.081538702222588
81.75821906204962,0.0,70.55954915788406,53.91489883555725,42.17825980087209
39.85505879022775,0.0,52.580152572807606,15.945552974227137,53.52209363198857
40.63404955086661,0.0,48.37068246438005,19.264464177223807,34.99256579532546
44.43858391237055,0.0,60.38659126698747,18.413711878756967,64.55229715188193
53.07782435642949,0.0,68.36386907723202,-4.361479082711369,47.69371045023098
45.45569957849204,0.0,25.825083896155515,-4.1986412966982805,34.87984427819242
57.022756331652566,0.0,41.1002531702079,11.852730151577585,55.982079623947214
40.0235281134685,0.0,25.515772585350298,18.769907920409356,47.545840336726386
35.71737635690284,0.0,21.91700148395845,-12.119213979096237,28.94839982633316
31.26569611828195,0.0,30.95276612442684,2.4158377244056815,22.044506243768886
26.720666038109897,0.0,17.06578140853067,-0.09985827353522403,14.669150321395977
44.944247512422606,0.0,62.904364093145325,23.575344058831238,29.13574776094319
47.26387331022585,0.0,63.40724816002509,23.186409032530285,39.355962982192196
43.73289313311773,0.0,39.714432467180664,-2.4971617329872906,34.87617922531316
63.765873389857816,0.0,80.16114699647638,43.13468029418895,79.1114324263554
63.60158290195487,0.0,75.05612981210687,6.266226255067405,54.822331360791104
46.902472891685925,0.0,38.12871517581787,28.87200796015882,49.45350973795113
31.31157416635406,0.0,6.314898681127264,-2.8404770059741162,13.56618672353586
44.424563521067526,0.0,38.156154765384755,14.428709002362726,49.81805336321374
44.07071097827273,0.0,33.29378630452211,15.1087846511372,40.9984873915073
43.45830679787374,0.0,41.69806931015974,14.373702154776222,42.23094405941135
43.02466121941793,0.0,40.03092536145606,20.854157707471177,46.0069859829984
43.497543386559855,0.0,40.218322993735626,17.125552178819564,44.60845309817546
46.34963779069704,0.0,47.89584637776231,24.2196296155674,52.00179437486457
43.68904050777131,0.0,26.909493534714997,18.2617483999069,56.9340096988966
52.705851285081366,0.0,52.95411142312628,-1.1482364174974897,65.31591368815984
54.33048809647561,0.0,45.54624100750478,21.364819515965557,49.95891332725673
40.74951262042734,0.0,38.96686835470737,2.153098813586893,26.206693723783786
64.06141965510629,0.0,69.8922262493287,7.279577209069815,63.5528385764369
40.007779141532325,0.0,23.165905071488044,5.60698531407698,2.3227148792368517
33.19344844423627,0.0,26.44826382366321,8.528320489085099,32.477315741044336
54.548565158513426,0.0,49.15807007551631,21.201091185364703,32.16672087405084
41.74576361780434,0.0,32.388175630342815,25.527614314459846,44.503800891966
53.91294179860674,0.0,59.30912897367791,35.75556849972259,72.70303621505838
24.79632967431672,0.0,13.549416651425759,6.070019131370058,-6.332548193610201
65.35849681335421,0.0,55.15928673622639,30.910655609070048,54.88467303046737
57.66345079442324,0.0,45.96164934157748,20.737725485545766,33.53469295087975
34.44707388947006,0.0,42.212307966024945,17.44667915732488,6.293327004731925
34.678935543808365,0.0,25.673911145204144,13.625101588088743,21.708268999827144
68.34830875008564,0.0,68.84250850104347,24.49911346446963,69.87974182131003
42.6008774165899,0.0,59.57605417870671,41.44142841254619,48.79995627482608
41.5665018779461,0.0,36.86201357950239,2.851339334709518,33.63153325011963
26.26678294670803,0.0,34.38449027581687,22.635109363365828,-1.5561313448014396
46.731775260009194,0.0,60.415387734881214,-5.697481641253294,44.34818764573402
48.046674987492764,0.0,54.891497547806274,25.574592165363903,23.514157081172595
58.12504602791125,0.0,53.74947659729117,39.89196891316104,31.721921863647303
35.53052820836238,0.0,38.516026440844456,-19.64520109791736,15.135987156977636
34.235398434209046,0.0,16.826465501370436,8.47691531247871,33.11928042755143
55.29849787535129,0.0,42.895386696502605,28.17627652556048,50.88300525432785
61.23695732125781,0.0,50.58728445793741,24.909205354009334,54.99115172383805
33.691892214205964,0.0,53.62349389343479,11.54900854646643,19.97551606673464
62.03603587747443,0.0,49.17263259562257,23.71739613700956,46.30911221287303
50.88103392545793,0.0,38.052035452209466,0.24736813765457555,22.117609219392552
62.14599947599264,0.0,46.83283343064004,55.22788985091661,67.55454946497746
49.729578423799914,0.0,51.59989117341405,7.938618908164553,69.86560918957628
23.528971119141616,0.0,21.435746017722607,6.752789648619295,20.141557737441094
48.856099094144604,0.0,56.31729920540229,5.4392056878300945,52.331303602513216
61.80769132301415,0.0,64.64940869288411,-10.398374383635002,53.67734796654431
40.930081729008265,0.0,22.421736375645132,-2.8297167269928565,6.634030675756151
46.334429047667314,0.0,33.797415122555506,-7.230803470071194,23.907014319215175
48.59788041937828,0.0,59.01119070386949,29.79431646163328,38.006139177317806
19.498147581797724,0.0,13.813972166610892,-10.132324344494315,2.9830902997935036
68.33849626891444,0.0,76.53134518905509,18.01715288833201,56.59121167056356
40.84855764473281,0.0,35.36427324358027,-4.844785387977396,31.30162354245541
55.883753535408964,0.0,41.485353318505915,19.74167647819799,33.48725099401605
49.55347884443998,0.0,42.2942822810247,4.84143340934844,66.54345174019231
63.91774422224646,0.0,49.37691061590257,36.815867487098544,35.612691038571036
54.818664972327724,0.0,44.69342680201403,22.087434257007356,55.32886228247024
47.969692136859926,0.0,46.07276681783933,6.009115942504794,36.14587662965538
40.932549214413015,0.0,42.44416999654992,22.180736546146406,38.69099898963698
59.005049538332344,0.0,37.96562117745596,20.243886510895436,51.771194332201325
30.461888853751628,0.0,26.55642668866585,4.747921423066784,22.0262593195084
57.38133086114383,0.0,46.98911095152892,-1.3713240053245563,32.768601541071796
38.73643360010358,0.0,28.01118388989073,7.99086951264741,22.71289932935012
63.86073472292995,0.0,60.96822448134869,27.33171515482404,58.233024446532966
52.20340375382567,0.0,42.28296516990958,35.1860401548619,42.84455169276144
57.36245391172677,0.0,67.80278515235716,8.633818208022438,40.433882392383325
51.35595657369301,0.0,59.846061619561354,48.03044461803336,62.30196919959165
31.755478307250243,0.0,40.51696207291629,13.003129660636136,-5.838112898404731
41.28287184530038,0.0,32.13809407157816,-11.01893539275256,26.93970698646453
57.66447581645506,0.0,43.29000273824306,7.484991947310743,34.51245093900576
52.26063636225861,0.0,49.031773545811106,36.44956044709643,45.877755586621454
63.098950107908266,0.0,57.224657533974096,39.901101769896684,67.09479511309837
54.78894358788536,0.0,44.20635431338631,18.069834504124117,26.52100462269035
40.15053716317909,0.0,23.821154779876423,11.882353315061083,56.05185302260573
41.9738274633377,0.0,37.61469511876747,-5.639454284897916,34.770303853077614
51.57958159350063,0.0,43.21881455097482,34.672346270767136,46.08540761002808
25.75398144040651,0.0,29.39701897238305,-12.061685240079367,-0.6582855362885383
68.36087429124555,0.0,71.02469243929896,37.17764193562246,62.040786556408136
55.20002460162172,0.0,62.70061301718371,37.093299854236555,62.128384983150305
63.59094463058587,0.0,45.97393942776227,23.33093847643009,53.99429827951747
33.59090054323023,0.0,34.05913375744675,19.79990387319431,26.489847025465615
63.77826136134598,0.0,51.78555162944515,48.791585231293865,52.630614810807494
74.32379834277741,0.0,56.933492801487255,32.327124116325365,45.730541084507834
36.36610786016433,0.0,28.007584183374377,5.219594546544085,7.765455809707721
58.722438956623044,0.0,65.82279489099443,19.034604856833223,68.24462465524924
50.49175357635513,0.0,42.48568081960794,4.98325573583352,51.27653905982331
33.97738347429133,0.0,46.7599414384177,-4.411267836655702,41.743177620887174
55.74643372731539,0.0,57.397502524909534,24.57533417312418,38.54247816536289
59.387070466392366,0.0,50.997522455999444,18.031622412037887,47.70217016133798
44.05676515883529,0.0,52.37607247840765,16.53257411437905,53.69572053459957
62.93788869990944,0.0,63.37020252768582,1.2977774778552842,40.80526987332175
32.670273566826125,0.0,19.04277154853611,4.353545716801599,33.58872553067126
34.50819726104519,0.0,50.385660066937035,21.184859180081233,23.067668249965884
51.939457561579715,0.0,50.59378520287094,0.48133385706770326,33.15535953083011
50.75113919845882,0.0,46.87915270686985,15.828620514282093,41.395035930801356
42.82319712088903,0.0,29.836008370179847,-14.895874815228215,16.60422021623197
59.130533125586204,0.0,67.39663992820834,1.804842813474572,30.761481704161554
56.15258000694575,0.0,57.462252914013426,29.945580571717688,50.0933897529988
59.64923992114812,0.0,62.08345852249033,16.127705368153844,59.89651138077882
49.164162140128155,0.0,39.75019168073065,40.39956332930643,53.58570328003458
56.918555307654,0.0,61.56750772816143,25.079114569609906,58.551965555789906
45.71805249365749,0.0,51.38208872327657,20.306576829351968,63.82660993156473
72.42525820315093,0.0,60.90472439755247,12.338178161890287,79.66567563755264
41.797718718566955,0.0,22.88715730980018,5.248267980106212,36.867972895142266
72.97531634984213,0.0,74.67370184539045,17.485839252220885,73.11823702176797
50.85267666085566,0.0,30.131794278750217,0.6377085800553459,52.153467296099265
35.78235093695401,0.0,33.57764199598037,16.724409192988006,-1.3472212069716925
65.09802923724972,0.0,56.047739488404986,35.6630782653783,49.589605043020335
51.82516910063799,0.0,60.63102563463075,21.807693747020284,23.584890640547762
59.5742838742613,0.0,51.19470446447231,8.776003690395692,58.14924755753715
63.55697996809742,0.0,70.98223426489898,27.29421236801088,49.6508274017285
54.0910000598692,0.0,44.52157118211496,-9.521507574992196,81.33455013910753
44.15171029647815,0.0,50.77574739895884,30.612147552190024,31.443566948834068
60.905539241034305,0.0,78.46125349345716,2.8834019899489647,60.47987337962064
50.487966360706196,0.0,35.120154594008866,-0.33801574996095596,33.00887968697104
57.80838858095539,0.0,56.70620600583277,21.098978405664575,44.08459090368049
27.466955446571273,0.0,52.88286045717266,5.6759581104830925,10.181467602163945
55.25596116455446,0.0,51.812157645513054,17.04638732643911,30.765968161957346
43.65650714463126,0.0,40.36154217842046,-3.946926720548328,7.169452009190703
68.14575815974666,0.0,72.11895168666473,41.126363525394595,69.59689589984147
57.13767657028452,0.0,53.39157664130701,-4.65210039645563,43.36708023421966
53.0428100831103,0.0,30.867602359805147,-4.0464940553216024,62.83879965966123
55.676189768835876,0.0,63.501766480258745,16.79492422688666,35.07835715523059
39.81140153312214,0.0,14.734750719032554,-8.231761368486293,42.08912477452962
67.82463786156288,0.0,59.049662167994924,42.20794361469629,78.20882274059888
71.75798893824793,0.0,80.10185714478405,10.537874636701869,83.91879482799015
54.678234168824176,0.0,46.76704075997897,39.69510344015722,47.70435091113336
67.47359726507939,0.0,55.77461454349629,39.37278761553192,53.10078211291791
44.39845872686216,0.0,49.74078396323041,29.508347342484374,53.7123906728916
41.96261416042409,0.0,29.036984200121783,37.3580982483469,19.765134918830825
50.917180802998615,0.0,33.91055234506792,16.831626081232518,41.372125442304196
55.12730468501495,0.0,53.88586060051316,3.7263441737410616,46.72822425304651
46.27008613702709,0.0,40.340741621182325,11.681449361899015,25.247076728353335
56.22602841736128,0.0,38.901086646227235,10.619420026261135,47.04982813054561
53.75371178680844,0.0,56.37102578999194,7.252241173844055,56.232445199643834
39.81283417248322,0.0,40.84515580701517,11.709941619313863,19.95186005457241
56.023275813565505,0.0,48.05493946086907,14.100816006957437,51.939267214058354
59.706824037849564,0.0,52.39910423241706,9.91780367066468,22.515798568649473
52.312069343101314,0.0,53.19175454814223,12.99548110589701,31.807617675064165
62.79611364966419,0.0,71.11365747117888,29.95152920457358,52.669285593682304
37.47174926537848,0.0,30.63706442125865,21.775030076396938,31.14242952445548
55.480014962660064,0.0,58.25528970771586,-4.393169146505713,59.71927161384154
37.975266606188356,0.0,40.104897424604324,4.301658257748564,30.969842146959444
38.5757651745965,0.0,44.018762433860154,6.912529942254934,38.65463610839491
43.73830189014745,0.0,40.204068493867794,-4.922097078203279,32.3848879689918
40.41383754542991,0.0,26.867166275676343,8.227621310973511,32.850547573727745
44.62447511819525,0.0,35.765140964522914,14.314093325966734,38.11762982803921
48.19166506241965,0.0,47.79271781828162,21.500312625465508,33.751997108188625
59.42501644838084,0.0,74.44680574567708,21.450084325909184,52.364162401971896
47.04826055564992,0.0,37.919493929390676,1.1466459103398172,43.72870105592525
33.53724221144083,0.0,38.278429793358,34.48799535793306,48.59535343177221
62.661691695934294,0.0,54.91451932951446,33.82540412449794,68.43229575864898
41.53545846784058,0.0,38.79210740355674,18.319635437627863,18.17714587731411
49.852456969146616,0.0,61.8321088300327,29.261560211995118,31.582727311307256
55.25120402736524,0.0,59.190184573321176,21.515867257475538,42.29005569819108
52.6127612782115,0.0,35.375125175915585,34.74496339694822,40.97281903908965
62.17136825374556,0.0,51.846337136206465,22.67358382178621,52.66536822307725
55.59811496757218,0.0,64.73643380712475,18.28420350333425,66.40328017127108
41.27667000898586,0.0,38.870128000895704,19.34009238563076,48.26174498630549
73.75816126966083,0.0,57.13494687416394,50.45361177171158,62.62854088707774
52.556376212096744,0.0,39.78874317729512,37.89513264215098,38.18938329623762
48.90554095532555,0.0,52.31039424442564,22.935616692816694,48.47193686072099
60.779583156110384,0.0,67.05839007371011,28.387168096596945,68.87305847386871
53.145314882599784,0.0,49.22216686749537,26.719933393372763,51.23620766142039
54.74570750899121,0.0,76.79843623106595,31.68012969823775,48.534229223723415
77.10925808577932,0.0,81.3054471229184,48.38313382783728,64.80802090181804
47.54017941364147,0.0,40.948187931646274,10.497169118570593,23.66994606351116
47.08457024761696,0.0,34.44546261060523,32.154288882740474,37.62865829150521
51.72555275091044,0.0,37.32223703177678,20.964629559244575,47.42471294496194
61.92920411893121,0.0,61.21518081800017,30.911773725319044,63.88711245926575
34.382348784927615,0.0,25.42123167824962,26.073579993720855,37.107673841418936
29.477630499450267,0.0,43.48348585976434,14.431396586103897,42.914662752921416
44.206477834991254,0.0,55.76391239299929,24.906752772262855,22.298647381114346
33.02117873729634,0.0,35.95419582474172,0.3640018150535278,29.928888911535363
45.940506194360665,0.0,29.47696038128464,34.065547638468686,38.313551074736864
55.84917920126609,0.0,44.57752532147987,28.20093410860061,44.08615578703801
40.96210679094832,0.0,50.34656792384693,11.99226895283706,24.990815838580943
35.234035027340724,0.0,25.47217440275597,22.583666003145236,41.432426503309784
51.22077174988425,0.0,59.015674174152835,52.320640607191436,38.482609674453315
59.69630175009509,0.0,60.493459089892056,4.039821676508559,25.414317470175146
32.36884509442248,0.0,29.161590192992723,-5.83288219414862,22.56920330353038
59.24420136838859,0.0,47.590177399770404,58.10380723667346,45.558281581289606
59.212934535121335,0.0,53.99918918207879,26.25907675177496,73.63246027632006
60.67443783315609,0.0,58.439519597320086,23.739136861096952,59.02339086047116
63.49953975812979,0.0,70.13498940818788,20.976136810012115,54.811094102481746
74.00874678644927,0.0,60.165241206016546,45.40670934049092,61.210748906134555
46.6749960405161,0.0,39.89329492013722,50.15231540368696,33.94781039115084
51.65068261926036,0.0,48.03861650770473,6.71651129685554,70.50958720570594
46.0301857577926,0.0,49.05264332657098,11.63600083415991,47.25977669858872
50.50101653521689,0.0,36.821594116098545,10.515947813686466,20.99097112981937
66.85887820448711,0.0,48.57958614564367,34.775642699065706,51.62024466533114
36.10820966175484,0.0,39.42086227736512,24.773687968173203,28.000882505475346
41.27944716042451,0.0,21.309515444621326,33.231818072931105,12.954735357783234
65.19528106581024,0.0,74.47273011378931,34.3383975219979,38.98157591895422
61.379138606887565,0.0,55.47542491581945,56.93831798074449,59.98801522874357
46.59977686488138,0.0,26.225258823117144,5.21497703014105,22.30827052840195
59.60930876275836,0.0,50.30244391391976,8.70403266354876,65.21636480230448
54.12583673589743,0.0,54.00854812036043,38.155915989219494,46.645091369666716
66.51055564691232,0.0,56.531708912854164,25.987842314052173,50.89256981999553
51.276039972374164,0.0,47.40807233813484,-3.505052903535244,12.190450579274586
61.43892851700127,0.0,65.01519270088758,17.015775132951266,70.74641850699331
78.7101920741351,0.0,72.01865624939076,34.56436603641649,74.53020219603307
56.8706739355778,0.0,42.779066574551976,9.852259333119513,39.654054699096136
51.00697259031836,0.0,43.7680147536616,1.4380966522173537,29.934768352637136
58.199349381890194,0.0,68.97131238796713,16.763350816192023,74.16110293368128
46.57681221487823,0.0,60.408165864985605,-1.6994582325935887,29.403281889298043
75.99569117011623,0.0,50.1166326581602,38.41989893969304,57.54804272934378
52.403980028510155,0.0,59.84928984863456,-10.88729757339507,54.101858795713056
47.563559680178194,0.0,46.19446336479247,15.118114960466828,57.24821700563139
41.55042973962481,0.0,47.4149601860302,17.859881827012398,32.19386538839753
62.20385799748317,0.0,52.11091906713671,20.614144840452497,42.99600020014701
59.74592282817797,0.0,36.80948542744099,35.94448065627963,44.31497218141201
45.165586672255145,0.0,47.37556732775333,-6.787488387295536,48.946500832694184
56.63936379953677,0.0,42.510262653988136,8.952330058204124,59.08681836520428
34.36074407014767,0.0,15.881841308945063,1.937028615109445,2.660548044323935
52.45633232932842,0.0,34.40553804743669,26.576355532975988,40.75905117468282
55.3176640170612,0.0,57.52671970387415,21.18457852022835,30.620373191078922
68.72297190402861,0.0,65.81839240189949,55.67641292707796,72.36008139802958
42.24357770096486,0.0,46.59873020204165,-0.43477534280033225,40.45105376933322
36.82050170570184,0.0,40.06915314497445,-11.718078368957286,17.540530508658712
40.912109925048526,0.0,32.55649165114001,35.39953186448059,49.0533903514486
36.19845627912278,0.0,31.63233075036997,-12.565410495621439,30.187939760464452
64.76228047383509,0.0,55.03852168667885,32.921580344062924,57.82928471708849
67.0273396607368,0.0,60.45076877300715,10.74987596007305,56.160357840711335
53.901456405736134,0.0,39.541423465517674,-11.832993846482111,41.888662041308436
63.52961558425886,0.0,63.37069290240243,17.33731976367439,51.834116601810145
51.91125928550708,0.0,59.19672872515946,28.90876291587211,37.16252987106419
49.4636112514533,0.0,36.773961373458164,-2.328644349494855,53.08689488341136
46.92133612099359,0.0,56.474035627036095,21.609044684964417,35.6094586247223
47.16331877636564,0.0,44.35541037294322,24.373916498040415,31.704648717028828
33.94139900231082,0.0,32.710790066017424,-11.562917666737029,22.98668275650874
53.30349592228519,0.0,31.20629944039917,13.788950140753649,56.786626197728694
50.04891969392146,0.0,26.86671198280393,37.43338952761553,49.31275077354804
58.44418616078605,0.0,55.76586295493349,28.99167033850579,45.46088649405356
51.4792064088425,0.0,55.75229256152412,12.31101344648256,60.352514532972634
48.74137989272873,0.0,37.60092834234868,20.343393473145696,38.790410586051564
41.17106384172009,0.0,54.93704578707005,0.6741452726329022,26.353253568965023
51.25086193998762,0.0,54.94805654067465,31.564186945592503,38.677643575401675
58.36807055365721,0.0,44.55455266144478,35.46958543554278,64.07665962384519
38.26314292512257,0.0,34.73361661010865,10.436238940035558,54.52859279006509
51.41456398888493,0.0,73.54171671589454,19.21137705789326,54.3697918603644
52.969992971048356,0.0,35.712825993214395,2.740497631104562,33.0429257633335
42.80726240530197,0.0,44.462955866677866,-7.822551529759245,33.40534030991598
44.1985597711073,0.0,36.825359211950904,6.687530888039393,24.202312630139694
52.944005583733635,0.0,56.31536001684789,15.569276297061277,38.63585404812404
38.36911797033666,0.0,47.92090990196116,23.764891892454152,23.680191969006415
54.21888167850859,0.0,46.0013821565815,30.500096319376482,43.19874264258828
40.9128962161575,0.0,48.851032582592254,12.793349736947224,36.34597891021069
61.83664674203743,0.0,81.07848405870661,38.46486294292093,58.8101732955441
75.45993808283356,0.0,71.66508545999476,15.880134924473172,65.50206183795873
41.28257652579904,0.0,45.67990383980022,25.573375182973773,43.6554994215981
56.18798577214912,0.0,45.77582989656249,7.445320964234121,42.771111093986654
42.71454604706926,0.0,38.985775787624796,28.64825632801047,31.17481432059207
61.602647053795536,0.0,55.47553261138296,21.371527831624615,50.521831282099186
36.960415431598506,0.0,41.559607363705915,-20.14264408200406,48.861249820169064
55.615036134675925,0.0,64.20763970664808,28.557997273023624,44.64333519518119
41.15187398344479,0.0,36.08590257174014,21.727923893433122,38.599974115563505
48.26823188589199,0.0,60.46800757935757,7.797192424658335,34.66198581993157
39.46323203355955,0.0,51.776715492153926,4.16037075244864,38.981132177061035
59.26683329561729,0.0,64.01031685793754,18.02760869370533,60.335966786894204
41.5366314749991,0.0,32.164045311915295,-16.597016874295964,43.798314473624174
56.37771556975817,0.0,45.73597822312831,-14.634881552266169,40.96918945510074
46.803153969193346,0.0,34.20406972191791,31.768020253057887,21.019777669000717
49.25673897474309,0.0,55.25511430778614,3.161958130234625,33.397414020731276
52.058687954586766,0.0,35.14306871648373,42.45808120740375,51.282077912835746
42.339681357110194,0.0,45.5754808516696,30.284115976958198,60.9273837447131
52.727698199053016,0.0,37.183122136855104,38.76639720187359,50.789637128908325
66.83175083415128,0.0,71.19840855184174,15.269672795402524,45.74681690272866
42.165832716716956,0.0,38.42492300758298,-11.787676287924487,42.63742569158033
63.00086295674801,0.0,72.83095968272438,7.012080820281689,47.2746624854954
66.48729433300294,0.0,74.22380593640978,17.95286474915351,57.79489342247382
41.75915366653385,0.0,53.02807706566356,-22.788878114215333,39.09126750966922
34.932414258728016,0.0,46.59133772207172,0.2024124700901595,34.000883557879035
53.706391716755796,0.0,51.10447191668781,14.37793326204579,46.15818855351559
44.63076115000681,0.0,28.403534752344353,-6.008480540969099,23.997121458888646
70.44620277331373,0.0,54.89916177095805,11.757768196932346,72.56925365640659
50.85181750423714,0.0,24.69736980682826,12.542470739912062,28.567423554295743
41.908271168450604,0.0,26.522854286808766,15.756461350217295,44.5001588211167
38.22232008958777,0.0,35.09532600356965,-3.8431212012876603,11.640440394350104
62.125693627312884,0.0,51.93711143400019,25.96538326749797,54.74574479584651
44.37670615747759,0.0,38.5094459143247,14.020806044818778,19.061037937527466
50.94821102601427,0.0,52.087575063983834,16.36474360217772,33.1109851736853
60.69279110894537,0.0,53.23336607983102,11.87160067184041,44.94478246544749
45.30551962892645,0.0,29.457814859227597,-6.18663221857847,51.31791200967223
49.989137139940446,0.0,45.36808648709732,39.08275475341124,57.077879950657845
50.302857674145834,0.0,36.732383303266026,24.23141557197326,49.28874981979239
57.78131981001787,0.0,50.72414020579519,33.631861227299275,48.76919377801237
56.79208657207157,0.0,66.82573834441895,17.73729194757759,54.81846822522541
48.127945008428256,0.0,41.23988264302191,11.842669345558672,53.88051464219687
51.15999353536793,0.0,65.82134001382776,22.734641925411317,56.59796280098065
46.50737845998212,0.0,57.65829313602177,-12.590371413251663,42.02568106471149
34.69138072102166,0.0,24.767026620011865,-8.93768960638046,41.327136437428464
53.2323979241142,0.0,37.36154018569659,5.717443894533865,50.98234650010569
70.69824992273001,0.0,65.7279700555112,20.152850940584734,65.83774422942174
41.03722044710963,0.0,49.337382155003475,-2.139286320394092,29.353322893479078
42.219953825313105,0.0,33.108984988807066,15.59689480248462,24.219355010521763
41.17603519798283,0.0,46.87884516794248,11.481093555402104,30.24808425142802
58.222266826124894,0.0,66.80982706412973,39.32954368201802,59.268185041919175
55.27202882471981,0.0,42.93304702473576,52.93971214850337,54.500503219636855
48.785894333089246,0.0,37.595254564825964,-3.2799828680943435,19.445418604751094
40.67072058369954,0.0,44.31431722841024,12.131425933954478,8.981993829103413
51.4669536939535,0.0,48.99052088776028,18.039839236716958,31.105642736484388
33.761668646863185,0.0,22.723682331072283,6.058441838025936,16.34916993202324
52.012428293523946,0.0,44.1932713858476,1.001958840602759,56.8760103950201
59.79226404598687,0.0,54.8195848777297,7.639810858010394,47.637298211410055
37.11064089249564,0.0,16.716132286922928,11.486784733270266,25.368879276601586
34.10470316415289,0.0,38.42192132539181,-6.874497762261958,31.671943236918672
67.35642734260709,0.0,57.93451380606798,26.966218593841422,45.110181898726765
43.94314901147318,0.0,10.533749195711934,8.388303902333682,43.78294159015469
62.617668864464555,0.0,58.08997100852781,24.11363948022016,45.998346803864585
48.83440521327557,0.0,36.94963355476002,1.1087449547753874,56.78453236104195
48.74938183868663,0.0,62.58310732494469,16.714594313830915,43.43828267443339
55.16439991131079,0.0,44.82272287807232,5.60713918590295,40.345081739408194
41.03423163858598,0.0,25.51595540057646,12.519900226312362,14.000310873915117
51.89564574538477,0.0,53.17972396538003,35.09904430400888,47.04262053788242
46.40362132629269,0.0,35.419091908210895,16.88408253109606,63.12530450037112
36.370220703033034,0.0,24.299090205247403,12.227831183218814,29.07956579076887
54.08594086038832,0.0,55.34892168214479,28.94429284033884,50.29377346185139
47.666409751830095,0.0,32.63899308567808,-5.878048136360327,26.792333712680687
48.802059514339845,0.0,29.344690990721563,38.746984010857695,42.376107983603106
37.54914021826364,0.0,51.969003421022016,-6.53493656534364,35.16961764780038
67.48424821576909,0.0,69.25730610909545,37.18793699291236,60.629629701833124
59.84771785018946,0.0,52.824570283167674,31.120305972585708,56.75196212935965
60.7820456681323,0.0,56.50173535605064,8.395596360376121,29.740998321597072
47.21617062468744,0.0,48.55890042593275,27.869827127255487,38.334249388024176
32.00331191628359,0.0,38.55439937780956,12.307146091526873,9.9413861970549
71.34711241067521,0.0,58.92246495073,53.54796523308075,61.609395811502026
49.82705749878217,0.0,49.64643776907904,17.812896822114133,32.88272319524526
42.47885413100091,0.0,33.18869544532045,9.51982761646612,23.111639712619823
54.93348175911947,0.0,48.79093198876573,10.640451030824675,28.93823646920072
62.950756483652995,0.0,60.37027491873433,-2.266243919189886,69.16872715899542
50.23359495708061,0.0,46.100956392389214,10.826948407648072,32.70077377942601
64.14166345644375,0.0,67.62367377760114,19.06715269263102,50.5618381806644
62.05191243402545,0.0,62.940612065760064,25.499344685565212,74.43678616878113
38.97859722429993,0.0,19.151750229365337,-10.928189206644706,31.44944306381329
43.28034406193517,0.0,24.970336209579294,8.121795681886988,4.02735537053297
60.71132363041596,0.0,52.55689378419568,29.19007282609716,68.44989430506163
21.495216522874358,0.0,37.27732277434138,9.03605875289181,37.00016376814783
48.88293687409712,0.0,35.83315514793215,-11.638869909306798,56.41604253921766
35.191245002829646,0.0,29.184871744212547,16.998629172728524,32.83238621463127
45.38784392084501,0.0,35.73396622458192,9.17349681260063,20.54979852377907
47.28695562487754,0.0,37.413118897168985,11.084751739839223,35.653222406189435
46.651998075260444,0.0,44.537701373494066,-19.97702665997284,19.858404155200386
44.57889831495994,0.0,55.4364743474761,33.25042362576602,28.83810146093126
38.756747162845826,0.0,39.71709948296192,11.495142352268873,16.55212858701517
74.96931353738356,0.0,61.97911837151723,7.3249663542805905,57.12784811407803
70.43400871773962,0.0,95.15747514876801,31.70042659239627,73.56870447615886
38.06304391194345,0.0,35.041955392024946,13.47677242043778,22.916554873872506
67.38505136428275,0.0,56.92007010744032,41.96520870754691,51.51171213417379
46.211544228507925,0.0,57.160793429021226,8.736800726475378,37.7921758355859
51.86028141714457,0.0,42.80687813067196,16.374352442756162,60.127994346535615
49.80380177985503,0.0,63.34523058087366,6.016868113065941,73.06165646208817
43.43037924115654,0.0,30.27285376974357,19.99841173420538,25.51947601505471
60.992505327886306,0.0,71.87713059231837,10.183603449847757,61.41980248454912
51.82501034259344,0.0,49.86302259412407,3.602214273933736,33.02038892253783
45.38786933242573,0.0,55.07047469663351,11.69276476207173,49.7398318771057
36.540157353662586,0.0,52.83725927716364,-9.488900459717762,26.74364157510464
40.931695244257526,0.0,25.045215451531114,32.7757524846139,18.76796092152643
32.94149788734573,0.0,42.676626051909054,32.96612635043333,51.83553406021798
50.61050411967117,0.0,31.633831985936382,9.126612232946986,20.14153300348704
37.69334009421209,0.0,22.766491478271597,-11.120092522967127,-6.148119141475579
47.64233925001039,0.0,35.12374745677542,18.630311912451873,45.01931396099852
65.11963999020163,0.0,66.13066518344745,16.6988812918072,54.063317105536804
63.294591686514494,0.0,59.3571875505018,39.04266963620596,47.13647359273908
50.13501013444509,0.0,44.30619865369311,4.164924779483078,74.63824713598463
49.54938012709993,0.0,47.04656436074799,22.608352314861165,50.03655056902065
70.56663864855332,0.0,72.4114103427056,28.092467170686877,64.00461383146796
56.0442518662032,0.0,58.95329593248649,8.975130638308059,40.67630957876735
46.97723185109881,0.0,54.54915439986317,16.904337469985027,46.78425604340282
35.242673541573424,0.0,50.697276526112944,19.452432232887993,9.417068450476538
54.68848879042826,0.0,50.323802594373035,18.98349756419798,39.41661281959721
59.34134408296647,0.0,49.608757725524306,21.687716489594006,48.75017439592648
43.73060119977814,0.0,46.27264137954964,-0.5616298283914567,38.88618575960583
53.59143930355935,0.0,37.36382836832709,33.28046548954027,39.31368087730987
46.59505778789516,0.0,35.41405096607298,28.030985001228608,26.47840343198514
48.513479520015025,0.0,55.05599201258549,8.58048763963578,54.044307552671874
23.897137214206303,0.0,18.974982183304384,-0.9143477445292609,-7.884881882286194
48.11012567496069,0.0,31.300300686269676,34.07296679547149,31.579007634962803
60.83775183358742,0.0,40.82903243651419,5.165341346931719,41.23780082116981
43.733261470781066,0.0,40.298659405046706,20.254210286287158,47.04405211453684
51.041145868794466,0.0,59.04817381940792,7.883331071545066,39.97373907242717
42.40244556468154,0.0,50.41688192055967,36.06343875599341,41.920098442570406
54.33126768929871,0.0,51.3720480279577,18.457403081793757,50.059112871476614
48.16631040639681,0.0,65.39705100070715,31.935955596923343,22.511739165498525
40.44395517271471,0.0,35.441323311074775,-0.7973331678229663,29.598935828528624
64.71840841474608,0.0,58.94090083455687,5.678160257049036,34.41353414800588
60.40567326197264,0.0,29.001495680248023,17.600656218523095,48.17369714964866
44.016373027544105,0.0,35.32766742311157,15.596028262794286,24.009841191361723
55.79883731887912,0.0,60.656621529474585,11.17284188332912,64.65252507403274
56.22222249932647,0.0,68.606128617911,29.2883836248414,50.31655315926902
57.34297987161035,0.0,44.373584130060735,16.25994479074331,36.481957901551816
32.37651214521635,0.0,33.51316604057702,-23.833632734209022,38.6193045724178
61.2356373823735,0.0,68.06178958803562,29.14792972299527,45.37288160648566
44.39257372718899,0.0,40.549730626030396,-0.33526199850116534,46.163866788413785
46.65644784761494,0.0,18.495675260096682,8.24983674055149,35.89005148498205
78.66606070630066,0.0,76.7314283122155,52.8236400746641,67.69845055696302
53.705456558135594,0.0,57.64075698038703,42.20123642617726,30.644355752815958
46.3519793396857,0.0,32.3317277814721,5.068356136844393,49.50969028711307
26.91598842521637,0.0,20.566014266149814,10.638174537293063,21.77706027286918
65.32973444110182,0.0,48.781150423030226,15.825507989307493,43.92321363560701
36.10612406032705,0.0,5.091466923589156,3.504488710500481,20.950266759555895
39.75799660331633,0.0,46.74349323601982,1.0176550894691268,45.87397711051654
46.93934402072745,0.0,42.89440598401224,-10.798029655945964,39.059195227690005
65.61446871036881,0.0,78.19346590261537,25.103938019437503,65.66104024899936
58.742080314709995,0.0,63.60536640786645,24.04819211893144,65.87402521028316
48.79337589023126,0.0,41.00814825181624,5.064250335779484,57.7010210405065
53.77404115972179,0.0,48.77096751981806,32.585867965288195,43.193658868693085
44.064681358265915,0.0,46.09984867737238,5.775845323785455,19.73126577095096
51.972114526785724,0.0,58.11123104139897,7.287404690475277,29.87339991118525
51.26350790220471,0.0,50.59812872006813,23.296625394686757,34.68794678687159
60.831347081699015,0.0,68.2857365978272,-0.6032297471349786,44.34401556855392
60.814338742909925,0.0,53.43108754801722,33.902959177504336,30.50062196448951
55.758116982968325,0.0,41.049863237777615,12.680287472832525,66.93569386114798
46.608154977797454,0.0,41.92280733011462,27.25947145750509,43.704316707731024
58.40637750229917,0.0,56.37489725633495,37.9548517110472,44.00675989082008
49.49719662301544,0.0,32.73394034433806,23.927401291528827,36.14101549798258
38.919474341835794,0.0,20.907800343614998,-2.3488554000638384,2.5484824792023026
46.17070235726576,0.0,46.91264403987551,-4.5479017094703025,52.733867107339876
51.383077305105765,0.0,43.001488277963226,-4.2654069482026244,16.76870185987542
60.20568750397633,0.0,54.21725695503442,36.333679244722795,57.6386476560173
48.518867262518754,0.0,40.680347167919415,12.4693488774882,15.255246750254212
37.55942181515355,0.0,49.80571339198327,-0.09830531970391654,27.387202065733405
51.086187150491526,0.0,60.36077881473726,13.91861927305227,61.645128301421316
51.69218866394704,0.0,34.51214620651483,31.340661276018793,18.374911810141665
52.46559693115065,0.0,42.72749964506847,27.511710524205174,39.99569383585038
60.30886046961287,0.0,65.06774701505397,27.02782608248244,62.47376258751372
61.36724318196146,0.0,63.483000107456554,30.41909285004676,60.7640287368787
44.13066025277703,0.0,39.73504215824667,14.496121704871653,35.42445695487052
43.896307244690036,0.0,27.905972091417745,16.085669558296136,36.97408728112238
39.36521247905968,0.0,28.26804726544118,12.452770137641226,19.793466549035042
57.94684519358462,0.0,48.283985733915586,19.549551306058028,71.86716712360112
65.96075649450124,0.0,64.55910616161,34.571049534450424,38.71773607593978
47.11319540725878,0.0,61.13279667805676,18.687424236689964,57.823321457069724
47.90017140606289,0.0,36.610187757039036,1.6181492216296327,38.86043456471557
66.15268798478695,0.0,50.95982042328446,31.512964704196683,62.5531095743861
55.88185607407593,0.0,50.573675533669906,21.899638743638285,56.7679177795032
55.14113839243469,0.0,61.91197812282185,26.62425394951952,56.651187043864105
37.754769954379796,0.0,18.59748192066889,6.984631896270828,13.12964161110354
57.73220612679767,0.0,68.92270509702892,30.871210985301474,50.254484279352
40.551930770923406,0.0,34.83625223726962,9.125019225137496,12.199014469666164
38.362715773101016,0.0,26.734898390380906,18.987857968493607,22.458222850759206
46.77458669747387,0.0,25.839861036936572,6.977831483082116,36.394995996150406
44.220609452333136,0.0,47.73812656048735,6.549582798396518,44.61954975158096
48.1120672667541,0.0,42.27537491095121,22.629245141174874,43.259503131582285
35.08278608605417,0.0,33.08788095142342,2.3093528851665184,3.6834996067168326
60.72499146960314,0.0,46.95058217857918,52.1603681485892,42.45301172758316
62.529392933033286,0.0,54.879311530645474,30.05107463904542,44.99010358267033
29.672243629197727,0.0,20.815425647763078,4.362227547758774,1.367490621099332
60.93486387089794,0.0,55.62429856473077,32.74634968364191,41.823958616436244
41.81927216895781,0.0,30.8172993729662,3.913303663345464,30.08944267340251
59.63680738420885,0.0,39.17917562782465,33.48599950768704,63.928377363356894
49.748532481818295,0.0,74.56633522632835,27.660055529580305,37.51311473067897
50.78736492030981,0.0,32.28910023473003,33.28000764905853,23.311739444439638
48.50209715964362,0.0,46.39002326652335,8.14795480382347,32.43639740970251
63.43167824512655,0.0,40.391974360375755,5.334488099773715,53.77350522755283
37.234707516623466,0.0,12.26484430516691,-0.430826422516132,36.210345074194
56.97475996237534,0.0,53.83191373675704,15.047528895354336,47.5960894937277
62.24777368606938,0.0,59.82408905325201,45.40791698117033,36.49018298972024
58.134096178109154,0.0,67.28461391614812,50.58466508489262,38.248556273916634
75.31965452943058,0.0,75.05371113149234,33.955173345920564,71.53343354863983
44.82801717412943,0.0,39.273870130743475,12.472784655804588,47.36685887342695
60.708841034905035,0.0,46.418457662375396,16.13759746500382,71.96095530008077
49.34629910146927,0.0,61.16128899259186,26.44489911526664,30.28184981797301
63.65902485438897,0.0,69.19456619771123,53.53048484204231,60.203699483624334
50.39773556206214,0.0,33.144994959552086,40.56709390998611,24.507888714977213
46.33538202478506,0.0,42.74221393276162,29.20485343086596,25.93452253875801
64.43547346051521,0.0,61.65335710890905,38.945676067025715,44.49713256527815
45.227479691917324,0.0,37.59415961153123,24.28861458494923,30.56951371643211
35.38470440745762,0.0,39.745575726506885,6.4841148808088995,16.82616896784928
44.95730622436976,0.0,49.78706987948216,2.0323320533578073,69.16859337216525
57.09435467676987,0.0,50.89869539919988,18.788590406525934,42.14158378648837
65.35403907596981,0.0,58.059837413868514,29.572785530835723,68.71723080234679
51.66732789770647,0.0,63.441803919952314,-4.384836120231441,39.28054927663647
64.56502946657523,0.0,70.12717278456216,21.032365217914496,87.31248565614834
35.967588388292114,0.0,32.91682360291792,-4.167884592636792,30.45034535980865
45.74355622236993,0.0,24.51950494331228,27.13031944451235,41.6247488775694
47.3964247049541,0.0,47.0232972378631,6.005725086484092,31.884359344307494
49.25580877165158,0.0,52.59738755091136,19.39908527551153,54.56566519566951
51.37845495613853,0.0,18.150008466935272,6.0760612291899445,37.75395179180888
57.862382136125916,0.0,56.33425375281602,42.01821300142671,45.384590428030684
45.727065043752546,0.0,37.333459733823254,-11.131908288373342,21.566928009392832
51.96543627897403,0.0,45.536706557929755,22.968475674829165,39.35377831928056
49.997748714289834,0.0,36.338451669676864,-2.8169858928946283,33.98923597047159
40.586619439130445,0.0,35.12262705772088,2.8320944005093693,41.27867230981223
49.265347816913234,0.0,59.94930128654809,17.68467273427173,41.712587710000435
48.94486975870067,0.0,40.18154629321625,18.201432646645564,14.39360535492505
48.715982746035245,0.0,54.89727956139644,17.70798513387005,50.725536930207454
50.819248264749795,0.0,38.21506310192641,17.771563726799148,55.363136274299336
51.288476920522186,0.0,55.23707607019055,6.846406550020781,23.941061915341983
45.86075402060607,0.0,41.891565485018106,10.596254045799707,59.05631558171977
64.07904382964932,0.0,63.503709006999856,23.36637653182142,74.491036509796
37.98381555248696,0.0,34.208365380974485,11.331910233214838,20.281990444680446
42.7762185681193,0.0,45.631907218007704,10.287264106018466,21.350234255541135
80.18422708186499,0.0,48.43806692707946,42.052959181221645,77.9993683123362
39.38879841272274,0.0,20.48969614036497,10.667099088215078,7.984001727880241
36.014819396174346,0.0,36.61087280656449,10.333837044830972,19.03081052241125
58.32788919173437,0.0,32.5030562085319,14.367629116564974,26.839025682972913
28.28555262249018,0.0,18.987027216411306,-11.581737636862204,16.176877093709916
47.96595619691711,0.0,43.36801052805723,16.23555281582472,56.881000729188266
73.40835879419573,0.0,60.18462859840609,45.06279279303554,67.89275567542091
33.9720187383801,0.0,22.87221559518297,12.628858877781504,34.35204158398014
29.302302178286347,0.0,28.47430324810177,-7.71213901786485,15.365628435167974
34.460914871043556,0.0,41.35018691364987,18.123844550065975,28.83041526940342
60.07900204306464,0.0,45.705822161807546,15.999871350199768,33.28876814592505
62.4983036873854,0.0,52.14031211291089,32.12249750440515,51.19364511524962
45.002804521912296,0.0,33.29307513002426,7.23957465221102,23.955407249573813
57.7801219241975,0.0,27.966614798326425,24.43745558672194,39.459800186212455
65.33498291893318,0.0,62.51262012463926,16.3043682986147,54.8630437605292
69.57796147674972,0.0,75.07370943021637,18.994820879972238,60.85760340222541
47.84776376601322,0.0,54.58439310045153,-8.071188330883285,68.20552764814695
25.88831889129251,0.0,13.031397717220834,9.147391233405642,34.522217991371335
41.70867772107146,0.0,24.548675171111732,15.842402645038803,45.76654129292684
45.919426020232784,0.0,42.16032392896362,18.949562606951034,59.062022155227936
47.71309329026872,0.0,52.469403271769856,17.805922269216627,58.87071367436453
48.47258742458828,0.0,46.079464863159615,3.602109765595877,39.523078185607325
62.43545232008791,0.0,61.224735720628296,35.628415536246905,53.54697213660218
64.09735489652937,0.0,71.87898146345512,36.920562348680846,62.546759360089325
48.64553458981537,0.0,36.78977613600489,3.3309537873515946,34.49180452874805
62.21737134281108,0.0,55.62155416404472,29.39595168640444,40.2597169400921
54.30155965840289,0.0,67.46603808946855,29.877075756681467,54.45576363141419
51.169149763427185,0.0,45.008535670315986,9.201009938164214,21.9991460952415
60.16645561674066,0.0,42.5232987909719,16.598655921357366,49.41865570342553
51.2519177549727,0.0,40.08967845271338,23.397497120600267,27.70457147825298
72.46791853308235,0.0,58.09599668921529,6.2479938836954645,60.84706938508462
35.11025192405152,0.0,35.08785653105689,-8.339320829672154,28.604227374453327
44.97521436876444,0.0,31.523346417494327,-1.526208884877061,28.305181576346964
49.12802002432301,0.0,47.95300756369725,-10.609372014289306,20.395780892299058
55.17551237264444,0.0,43.239867277338966,33.31591212445658,29.25795550760163
64.02824397998054,0.0,37.260480437206525,-5.123374228221913,54.79051611120814
50.21919125325419,0.0,49.401944692490304,20.1383786726059,35.19113185586877
35.28315389327054,0.0,33.049450255715904,18.532664803541913,32.733549315661485
59.482282559321696,0.0,60.73975314718473,16.25702206843161,52.81371393594415
58.54674269760244,0.0,47.220531523423396,10.461709043790744,45.41069994244937
29.73083902258289,0.0,17.773043194275786,7.324352041039935,21.184081195146064
50.43924590294787,0.0,50.621829514823894,15.450153071446861,34.26339961338372
33.488986741729086,0.0,45.78860083562462,20.249691767324002,33.21192936444677
43.37799575175928,0.0,39.55218952051694,-25.49665787650469,28.678972256579364
40.833243182213124,0.0,41.42577727274953,-2.8011304652709033,64.1879244195326
59.12700982787502,0.0,51.50912077170519,28.112563935321656,35.470345259584626
51.72824179929929,0.0,31.306732531576497,16.84362824369209,33.36777637794902
36.74315860230597,0.0,43.15015434919753,18.494510698593146,25.956994984806407
59.883532091784986,0.0,65.26779977362227,24.307089091013697,37.497789314322404
35.159460711849086,0.0,38.87793246017616,5.12805925636241,36.46295212079832
54.007209624322414,0.0,47.95505056964066,13.125492675105964,39.266962761367516
41.78206604851059,0.0,44.18325973035097,43.43029523801496,4.388265185995316
46.57257849778565,0.0,52.0308939089273,34.92917116759764,48.82329084022312
55.86810315983033,0.0,68.85275214224306,25.39044541581622,44.435075064475384
56.0516596543885,0.0,62.349574687548596,19.614527582656258,49.23772566463819
64.76561120445655,0.0,61.12885429929047,30.88110585995465,65.31370973609538
49.601000378490504,0.0,31.706730177679702,26.615097720908146,31.76313757233423
53.75436765093735,0.0,51.278889892609335,23.14823509505726,40.77642644658755
45.802603893145545,0.0,44.53185014224069,2.287892104915814,68.0491980470483
52.42448317790958,0.0,55.827354293078535,41.66208682708541,18.904467669979844
55.17586880313675,0.0,65.35494835726925,21.49699720956469,34.73354842521772
49.42943800147303,0.0,44.374480109508134,43.24893981114594,26.389144325345345
31.20654584579541,0.0,49.7034910219339,7.491466342626682,49.978865162222014
54.02171050649823,0.0,31.278775169510393,13.931544034942284,31.532655496870063
54.3752883892019,0.0,54.679272936633126,37.0923445124199,49.93572833857183
43.21213677688121,0.0,30.821525407009986,15.696606975576355,25.22628731831601
36.75602314775867,0.0,12.74487986551669,9.78432425086181,28.243065174762847
66.2498864686782,0.0,59.77720328489181,7.198560112643406,57.436653498046724
55.7310635535697,0.0,36.15550997509787,27.636203706963602,45.52699092087192
48.032128049897615,0.0,42.2999095078936,7.149841531148083,54.387238951399794
38.330524645938794,0.0,34.84132398783116,2.459390739606971,34.11005555242296
41.69867742322941,0.0,49.61936565251092,3.707963629829747,26.500201143022945
64.398269823132,0.0,44.140111551702375,29.28275487701572,55.33352496817632
51.950832389528955,0.0,57.47195502677022,-5.380910151012085,76.11238877865699
44.596787237087995,0.0,41.6696624434793,9.242215528994228,42.54412150215631
55.92600047541526,0.0,62.65275364508876,32.25352881053616,52.4386570426548
41.777925358186344,0.0,33.2929399832923,-6.8893691582948335,13.684081421120453
66.5166293145914,0.0,48.077365909566666,26.696420050949285,63.298894123687816
64.93477277272329,0.0,47.736903041602766,14.493440780991184,63.82664428431398
45.49447885367748,0.0,27.84490503723017,7.01803340705338,35.89747818280696
43.762456602357275,0.0,44.86781617824842,35.078660698195165,37.24446452139623
22.504742884858434,0.0,34.547951842789956,-23.18627720847127,51.73532525915636
34.648978142375185,0.0,24.87723733451482,17.535165492386234,33.448690835225555
36.16745571903608,0.0,39.004724789566616,0.8459117524990729,43.69352311520449
51.92442296951769,0.0,31.713160056536303,8.804903690621567,38.93550566766117
46.99403698172988,0.0,44.89587883259997,-2.132871317501392,36.66653429724991
36.104779690781186,0.0,39.360324798556064,18.169952563268083,36.16485426590961
47.47561316330552,0.0,28.137882023551597,11.098337455267323,31.948887459121497
55.87949780157367,0.0,49.562979567608,13.937737744249956,45.91283554221268
56.11993724953223,0.0,59.53208499009492,20.09414999054243,55.52800619556483
30.18162825293566,0.0,-4.578715584234267,1.8913400691317666,4.020175118555246
49.109378884409594,0.0,59.19775846415453,-13.499548687298311,47.01540818192382
35.69868740116843,0.0,35.62930725796957,0.40655730969446857,27.832840663871526
60.11500169578765,0.0,63.46696770661459,33.36024754223875,66.07478249049313
58.85861717194997,0.0,50.28104492675649,-1.1791969543725287,41.41584416226066
40.88433637958469,0.0,18.75441013805744,-5.185969303925766,0.7390096730144862
42.29458434529357,0.0,44.02039977814986,4.933914930471301,30.559663184477564
45.55118517571994,0.0,40.695879635280626,2.512669684118304,40.88864980831234
26.40845416318263,0.0,23.09636035833471,1.824320471181619,27.94114117902992
54.06976459527934,0.0,61.45020675269345,2.0163606653398816,40.10542557218022
47.56450824262288,0.0,51.61219967596037,8.378889980168484,47.547677907716945
60.84636171694416,0.0,76.93117412786104,20.467633594953988,72.81257053306078
38.743224373036604,0.0,36.50701001840921,18.140963255856,38.813000561206316
43.864470939488264,0.0,32.59810382558594,29.352036910846312,22.31371905118543
34.382442516696045,0.0,28.599563669507496,2.91405555881313,15.165774969462122
39.74889648695682,0.0,40.26568842012008,36.15491123478643,36.77580111845835
37.85023654933138,0.0,44.750606535309494,5.914027680404913,51.534839758051234
61.122023635426,0.0,41.349341451997816,32.9756742599863,48.255266463289
43.01885977122159,0.0,39.171401210672975,38.56429275176707,31.46070648320199
51.806729695104124,0.0,64.74893464051945,18.138961875043282,30.919980750743058
46.41137886366187,0.0,39.87343942018169,-6.144602349283307,31.79370668947994
36.91546452656021,0.0,42.93414491722729,9.272791723297592,21.051791625983732
48.68157807260224,0.0,49.86420743710834,5.839271722066972,41.448575376055615
56.88140371733181,0.0,62.81939060982647,15.097659945999059,32.44295898259162
37.57480115396841,0.0,25.162275721791282,36.325768455611126,21.001544586282154
59.12538667305863,0.0,46.38808259598494,2.9673740366214965,35.478396158738114
41.40049658167598,0.0,37.7050566738295,14.690802202757375,43.57420834233251
45.31913706272721,0.0,25.12865399829416,0.2418289517655623,20.312465496061797
56.15032339684353,0.0,49.13228147732721,14.227658575702659,39.47563060728612
43.39097757315447,0.0,42.122570621967824,22.046731828013993,38.2253125558352
50.881386726188374,0.0,65.69226157893664,20.150773353649356,41.927890673641606
47.11737436074914,0.0,47.370370738848464,10.427584390624236,68.60425906526591
51.862210443637636,0.0,54.388021207053036,7.049609921958748,56.53519537459711
25.041334816159736,0.0,33.734760353158165,5.919982676168368,18.29450453548314
30.929465635425842,0.0,16.992279422793786,28.766091778908766,22.122937601235527
57.061594636551085,0.0,51.13529957962251,6.362355240891633,18.525096380306817
61.56233445327115,0.0,82.96971785380227,48.47594322907018,76.39637182569132
40.75120497378683,0.0,36.01520817395377,27.002783231846944,37.21755665992304
47.872413652754204,0.0,55.66451345056055,33.31006863988044,41.33156963280793
53.62901361611371,0.0,59.70632935410769,21.52370411440945,54.950171367847794
57.88702898035323,0.0,38.052783763651874,36.02069012213367,53.182964941390566
28.813854119596375,0.0,28.405848372980834,-10.6768432321712,14.164030856793378
41.01241907399414,0.0,38.661950542073484,0.8296056650410097,36.57531950369908
46.92623247646591,0.0,46.41262016676011,24.285190487640328,51.80678038760968
57.993053420738796,0.0,45.81795053263499,23.74475463859792,52.708409253966614
77.17600272775813,0.0,60.831730337624904,28.027632432974837,63.14763627953203
48.043617837607854,0.0,38.98247361903495,-21.158173710951502,41.02655663832592
35.44612583154726,0.0,30.60384879545515,1.047727029984455,42.37064800693212
54.778189133904775,0.0,63.17683140176082,1.2646028562040001,59.60596404195083
64.59493423937865,0.0,79.51553907801176,30.15884100907727,47.78563326070203
51.63404093231065,0.0,62.32596833362445,13.387088985031868,54.472450764354015
40.79221627883144,0.0,45.994727815977434,1.268634253011614,39.55078590544423
60.716204374842604,0.0,45.84646670048492,58.315390345000154,63.659646979537605
57.56997933490761,0.0,49.05503941554547,33.97288379567163,48.09565307884203
39.51606402903804,0.0,37.85986850006303,24.30004630959245,25.828518523438447
54.55548428765536,0.0,43.727023329850084,48.71940441913178,26.6810075074073
61.13582766354649,0.0,62.9938825182787,32.607248167362904,45.97441189292827
63.1085682111353,0.0,66.4487825786096,11.523225170042911,72.28268327536951
49.769876258079385,0.0,51.390602278519395,2.544521118351774,44.877571121490206
46.65376039581929,0.0,53.500790533610164,26.9409345163673,39.408515567489125
63.59350078638076,0.0,49.72973008070898,-6.365946155919595,68.68565862842328
37.549144924360036,0.0,43.57614405999838,7.244026713853612,44.26088231436398
55.16617996597523,0.0,43.658394366237815,-12.572530968822452,35.02289309611685
35.840951111334554,0.0,22.070243343062963,8.794134136134549,37.82684591188667
61.86360088409845,0.0,63.23201871475744,33.73827723971326,34.572487937535456
47.72263813303887,0.0,56.56956267109908,17.8687320199236,48.13999863670996
64.03489814273506,0.0,64.89927731823823,36.11584718900086,61.706869664212086
55.730713566348385,0.0,51.79427059511007,46.02010577698771,61.455697642271474
37.40959975751706,0.0,36.850211049713884,6.240684239539846,33.271986941519785
65.70225728080055,0.0,62.817651923108684,63.37713092495922,55.04324263209994
67.05518486087458,0.0,50.78953438899751,27.55312481146095,53.42478837611533
59.90725878817244,0.0,42.5301022013668,34.00313658691161,81.12125178977854
42.342211671829574,0.0,37.58196818534257,2.363403563283457,33.55515852457304
47.21008808153299,0.0,44.045154552768025,36.46841931220891,45.67007111050013
52.03380554840989,0.0,48.06076559947261,30.980089722709167,17.90731433675478
42.960641180968835,0.0,46.17796513218808,32.04934257797744,25.274524792145648
68.5628737406109,0.0,61.905391986448855,26.15292025199415,66.49049827001592
52.02204391368541,0.0,53.88641744085527,-1.396693159222039,24.738410246241223
21.594209290566067,0.0,16.495210363859055,6.059177866598275,17.070409814444744
54.10596203574435,0.0,69.27108793221704,-6.474299451444502,42.09893285280429
46.75977899981102,0.0,43.61166275804235,8.664717413993916,24.835686552040922
49.67929201990394,0.0,70.39505054173058,17.699299548605456,38.99548000050501
46.541139754449325,0.0,46.26750533360501,46.78097923673203,57.44389696026724
59.103307151779156,0.0,52.627673391835835,24.674868036345273,54.1066510318014
62.44392757547771,0.0,48.65436468437276,23.98827282857558,39.941277422818565
53.50435966621334,0.0,34.11827576729136,16.220643962520363,49.719635930438514
46.85430209343656,0.0,32.35961717548913,-5.4581956768958655,44.761978600162294
50.03819933883281,0.0,36.67210150598717,16.413340071853412,33.39531413755807
50.68931852796531,0.0,50.79726516264776,17.01154673459413,54.90518302639933
41.90580683233169,0.0,32.41958348400943,-2.9148493304026744,43.19156942849238
56.66583416303976,0.0,54.47111596864591,2.1231822461638714,59.258846558744224
55.395515731868876,0.0,64.80986749235328,11.362107495119329,42.378784647933024
66.93974219563037,0.0,61.6611093861661,25.407821157790945,43.97829035884118
63.893496662863384,0.0,81.59687713628075,16.370933397364677,41.26458958022969
43.15335304187261,0.0,26.77148011082603,-3.3884891721866186,21.689832418112914
59.24490633413522,0.0,53.43445618015414,24.34013714160449,45.706833916687486
40.3188123582176,0.0,30.720782490938166,17.455770059065557,25.317278133378412
57.91603381735108,0.0,63.631420983713824,21.242765554237835,51.777085216915786
44.95979249266104,0.0,17.28839451820955,4.479522755977516,50.01785570717583
39.54627758684461,0.0,20.398023773729747,17.81996247886185,20.93461814849111
53.47222065749567,0.0,48.21862906267026,14.406226877669415,43.6787711080784
21.90173777966061,0.0,34.7431725391763,-17.01571781106348,-6.712003188988026
31.770453769118095,0.0,30.41597769951424,19.766559014745685,50.0491672812598
48.583365920436535,0.0,30.2484955144837,19.38586354376474,18.66740568092993
51.36079644324529,0.0,34.61169437995686,14.249799626401579,29.722880882368408
46.53366651253209,0.0,60.23799576985397,-8.860855692644794,51.2864844594223
33.60337697627281,0.0,23.255132487434913,-4.32478907362834,24.55032795685311
41.74059512732571,0.0,27.846897066020794,39.08856351331295,49.623953210693664
54.660024711385745,0.0,66.15458450536565,-3.5110121956384965,59.618743965404896
56.696320205436706,0.0,63.221972515228785,15.321214130457056,50.29152848192967
50.30654717401581,0.0,59.724692540289794,15.121195521818663,58.37507543218924
62.840838252244325,0.0,48.509088467703165,26.756143873601143,66.0617365125627
54.72614118505262,0.0,34.44905551860698,-3.317255742169106,32.83944689036953
42.4932164930255,0.0,39.97355613253099,13.51170628939978,45.384534202336646
47.48268661685224,0.0,47.01417520689975,-9.960575180516145,36.551424892548475
35.490055748620804,0.0,35.53984119835612,8.581350402668786,25.354367147110267
49.32441211673891,0.0,60.919387309453,5.6182604093844795,46.73480626638093
62.362857625984596,0.0,39.7464022021316,9.775878582630476,43.79237603451923
57.802322258056705,0.0,62.70689053311886,31.23493681973512,46.57437060145959
65.46057617663426,0.0,49.5326795130765,20.3597950013007,66.17825315798478
47.24351882891141,0.0,52.287912422522396,20.343354301711084,21.654947679485623
64.86317434429978,0.0,55.52369832100701,30.493577382039952,41.991393206673706
48.414408638030494,0.0,35.770764350719716,32.207234697509804,45.057718857378106
66.20400370079365,0.0,55.41352956211265,7.062110523910398,55.32858014594653
50.246350983701994,0.0,30.887541158668498,28.26875662636487,48.938881986883075
58.03676826357238,0.0,54.26829600282362,19.831806465977014,54.09094523640377
66.24169324176572,0.0,53.728224133256546,18.780769644049393,39.109526702208726
48.41309006749955,0.0,52.702610880771736,-1.8840644298580962,42.54696397630236
52.81341314081522,0.0,55.47975028523942,25.27700410109497,52.65338296256519
64.2515950475044,0.0,77.8114776991574,10.019768733343403,64.44490899274238
49.058734647115585,0.0,48.89325311921836,21.962358591886357,35.2594053632279
36.36595904667794,0.0,38.05217614602237,34.856119631160496,24.659800744987244
73.37824942012926,0.0,83.73299849153574,41.84083159879583,63.330809888775626
45.46038901860925,0.0,34.839001988583306,32.29560441040664,17.54482173265848
52.17622615853998,0.0,32.33292485729219,6.246984525145422,20.223507164793723
62.8320004393612,0.0,60.67048363600672,32.98340678028252,60.110905690248025
43.97804389407936,0.0,24.970242968338724,-4.250556024502494,19.081821112337536
39.71067196193158,0.0,61.79598553349524,6.237861522990074,45.02218372812379
53.19111519221329,0.0,64.47949501775959,41.47411431513634,41.568964314319686
31.32060007737742,0.0,50.48209739460242,-3.6485666985102014,11.58045013944485
47.403573501998665,0.0,44.051088769811855,29.41679359113294,33.27556997783603
53.09816898358858,0.0,54.812752750650944,31.197774560271945,72.13992322930966
47.59541664190866,0.0,38.71694564690236,29.006263593380993,35.70586813114372
33.98788596412789,0.0,39.548122516500726,-11.471304977961687,34.7688298006079
67.51392717001094,0.0,50.29236673998478,32.20932175808234,57.79991893065833
51.58621454496317,0.0,20.591407205772132,13.847951935638703,16.9328000007737
65.77197133249867,0.0,53.07572684817856,39.18973076997313,73.28506546839705
47.701366831894006,0.0,28.28199055718061,-9.40206938291183,30.726873633913137
41.07683200392088,0.0,52.811032694941055,15.461584690417258,19.806778624481893
53.35613265405215,0.0,68.45288236184624,20.217410861654074,43.93296765461031
48.17417543901846,0.0,29.302656604163538,-13.864561044680123,31.917866308886044
37.895333639526896,0.0,47.713910612442305,-3.9467017551083714,41.534310838650185
66.1847616252426,0.0,71.91527227060686,-1.7119834930877076,52.724180880641484
43.83084183203593,0.0,23.26858899250254,1.5568750819694177,62.0386878820784
30.81636790222814,0.0,22.95899534992032,12.379186769471374,7.550667939650545
64.6715496033994,0.0,54.22213108145919,25.99925868912362,62.34051686008284
45.09139277753758,0.0,49.032783821134274,14.872330267053078,13.4623087246005
43.98520306458344,0.0,27.028532360485023,-2.7745112660358977,29.044350079444776
31.61645922591035,0.0,26.828690773414653,20.86852870726811,25.618506918336163
69.08211777675632,0.0,57.43758413566429,25.405033371958726,45.08573386286963
36.70159778045587,0.0,37.88114962346633,8.349210015945316,46.99628511254473
51.10443522511593,0.0,44.733508367876624,29.041684488012905,46.83794060724134
60.23138036696704,0.0,50.33367727074407,6.836272331595513,46.15108451906539
54.98600311125092,0.0,48.58525847838529,21.143784203206522,50.848875671186526
49.84247826732242,0.0,67.33148102594582,21.06363127757346,39.884484425395094
32.29733557299798,0.0,24.132668747784606,-2.2342198060783227,36.36059568229067
41.82786083047612,0.0,26.89523810762089,19.884620545644957,41.56531816765131
52.4865687763258,0.0,54.55938411270279,23.27296085574772,50.112181984016686
42.068819186934775,0.0,36.62867538884692,9.398284883865706,39.66030661663391
52.65282035691708,0.0,33.57401770945641,14.778654447048815,20.784735838269132
57.76442548758442,0.0,77.18526280012102,26.827808543700595,74.66554974625176
60.764383129538395,0.0,52.79143998914322,32.20975857709972,50.02918216972361
37.377981028187875,0.0,29.53886755680963,9.132363840110724,39.072290804158285
73.95139028385691,0.0,71.17250582584883,44.13164755706529,76.3172696248896
58.680526979054406,0.0,72.78028561409644,29.233354447308308,68.32733791103269
50.461577656607865,0.0,28.621579594439567,-9.765810408356483,22.9632462041817
62.12175747366725,0.0,60.77550801494559,2.0475871649042254,43.23948018007697
75.75463485491588,0.0,93.33974944152295,45.997017360126236,103.11865152265175
35.10695091455032,0.0,32.66745536805188,3.5204274863601634,6.517351617381987
48.072928110058044,0.0,30.976547263915812,16.437329808561355,21.220954652114976
25.06599022329311,0.0,14.893651937411072,17.533952394250083,12.932101492599976
52.5384045272884,0.0,50.62587994028624,16.487652177835812,44.86137544691687
54.3841866050755,0.0,64.33258818465075,18.11757975190334,43.12730836134187
50.061440498977326,0.0,42.41177580569706,2.974857830679923,47.6010372793939
43.48610305869172,0.0,48.28741937898395,16.8167875834281,47.90384044176511
28.580519846171544,0.0,9.70296357664313,11.675940028823794,13.290929689605752
54.471157773248585,0.0,35.05965413228337,9.496907852561877,37.71754224707004
66.03143210187127,0.0,56.58884893152729,11.000809580788339,56.18415472315959
44.16477170939826,0.0,55.4236486694262,48.984690459205446,33.11797813002868
55.182000808915895,0.0,51.76365736508167,16.72165371757506,25.475882118168556
33.72403355374615,0.0,33.0128221183816,-3.3965204373389426,28.281378428519325
55.36528465738095,0.0,54.15747398509509,28.08858639603291,57.09848469775636
46.27654406647745,0.0,54.0196827941451,12.42077769581481,38.60037363660459
42.33334208150969,0.0,31.950335181084437,-4.330827835659678,2.5381459539239764
42.355292689232726,0.0,45.71195391775744,17.788495735229173,27.859730726905614
46.27409412904199,0.0,33.4883451234559,1.1133214662663615,45.606952824255806
54.56625169548401,0.0,71.41557093370096,39.90737186780141,34.20039360546975
36.45923060590123,0.0,24.16504700729233,14.709451284978027,32.63094283487116
46.23665603325473,0.0,32.90653756001805,9.212925577485134,28.53689952278591
50.03676140386438,0.0,51.79447100475893,16.744001990639827,42.49945123584446
38.7364926571837,0.0,35.71667224190437,21.72144223760754,20.629743894071026
69.6775341334243,0.0,68.73948491412894,28.617968512952103,48.76598116162326
41.36016485008276,0.0,39.8562181187865,40.33858549354497,50.361162704536696
43.32685857971919,0.0,27.845852192971474,27.521682476457958,40.51404825345192
40.02652465922577,0.0,53.21186795382496,16.572801774345994,43.527568013297845
69.69692646016877,0.0,74.75493091716922,12.804449223892236,76.11797501357483
56.387769969259324,0.0,66.59951363266853,16.62366867908345,58.36721508976258
40.47226585049253,0.0,30.98780054326255,16.69472218650108,40.87605266663743
62.30014582486835,0.0,62.43791570262782,10.347464444583725,47.08278490936301
52.62438967129766,0.0,50.60971279303112,34.851771173779184,61.557524256591435
53.22868551463704,0.0,61.051046848815815,3.2298837754975747,64.06955088944108
46.799102368081854,0.0,55.0733251507705,4.444180474460881,45.991134369585644
42.472270037277816,0.0,40.58663174627403,3.122040722045705,29.93866914493871
54.088975703461266,0.0,33.8985610577539,27.91188654573432,25.15161141067299
44.65555383057999,0.0,59.52095087468764,0.90279061540223,43.79786714165743
69.89220340605662,0.0,71.37503541107273,0.7508089693554254,84.93483614499863
36.91732546082902,0.0,26.646405842858638,23.32509088925142,10.558185359621394
66.89396201602054,0.0,66.84705133782091,18.205512448143423,72.93866694648179
49.29043484683869,0.0,29.25516971261493,-0.26408525805916483,29.45003086954558
53.67567012987231,0.0,60.72160243348229,6.565823061975289,43.41112183688168
59.38231089150571,0.0,39.59536345346817,44.53134858378576,31.539721155916403
43.74558423499781,0.0,37.458533715517696,2.486733299920788,24.17062640833018
59.71451886635805,0.0,58.07605254499565,18.783447653578108,60.1373528897741
21.549376442071,0.0,28.973491456310498,-6.751037838058466,23.582897067487774
42.78669616353375,0.0,39.980287995564495,-6.151679599453814,36.53516250038134
40.60614224319347,0.0,43.428682261662146,-0.4459685071045474,26.71071517281557
37.08599157495942,0.0,32.952255841548045,-10.249237189717515,13.312443572088931
48.1830685653361,0.0,43.815816608907184,27.654297338664204,39.6654814238004
54.601690630929426,0.0,51.36901409492308,19.133507809139907,41.55319388181846
57.98792242432357,0.0,51.79199209532602,54.558014274561216,51.47170106114762
53.053698374123066,0.0,31.09687060669786,6.871475131295368,34.77102012784863
43.36685789790876,0.0,31.293109975110397,-0.5653384214793338,27.714848206962337
54.422890318259576,0.0,52.87888709054058,39.22689354715077,48.4128360605356
51.807905169793145,0.0,45.0827843732329,31.085163953904498,46.45656574337151
60.48179593350507,0.0,54.59476437150178,26.36556823681785,66.87582522518764
58.78158028931704,0.0,51.15094969080287,4.315425030952932,45.04435981781182
50.8055387591024,0.0,37.59562105817335,40.215508888780974,45.832451491924445
40.89260903958567,0.0,31.773708138560593,9.161547453656095,52.16499053027832
43.50302209016779,0.0,36.31017249490841,5.54333038313297,40.170128125597145
44.605310861381625,0.0,40.694629898676915,28.324246412294386,49.73566861977299
47.111225001070316,0.0,47.26549831700332,13.281105556977439,31.36997288436538
53.34405316826888,0.0,47.31807018595527,0.5945581054997788,34.92487073992735
58.12164059905536,0.0,43.02868852691317,20.214410025045286,44.29489622716649
49.93368265213352,0.0,31.083169905588925,4.135977961328212,35.72114021258855
50.65218945593376,0.0,74.06761075034667,-26.86522556416456,63.31812336663559
52.01114327731617,0.0,35.963523980231145,3.863469203341676,30.346497938017787
44.96736704323055,0.0,35.50823983041091,4.9803760208646395,32.804149996293184
40.59193686485474,0.0,42.16650889084634,-6.272591707266955,45.98489378805215
31.722773171316284,0.0,31.797809200957417,13.244134653904698,25.31165523602533
43.052117206677764,0.0,44.6252490321308,0.40891991054109234,35.06664299427871
55.5355246591583,0.0,46.69772586215322,24.96699421920558,48.387530327295046
42.969178203686276,0.0,41.55651963671405,-6.060650475431775,20.134312350633113
47.938889345447734,0.0,44.56551680513129,26.862549676872334,24.657752440826265
55.46378277751723,0.0,48.00900194309657,0.19800736322378754,25.92832326803325
56.04353997933044,0.0,54.478362311855406,-14.4916459101721,50.736800057614886
38.944921207749694,0.0,46.24451279109204,26.542243222477374,44.009023163374565
61.13362426550759,0.0,56.64914679650465,9.240876619890194,62.277313055398494
62.52580052983939,0.0,58.0877616441363,46.82498432086599,68.5003095611784
38.40727636865623,0.0,45.85151576172304,16.767720356890436,50.15988329944098
41.677071605770095,0.0,47.93493169574174,21.744845142906087,36.95419203828099
63.20687845283095,0.0,75.68193853683724,37.17370071043497,59.27034557325645
48.91074147606454,0.0,26.2881149042475,16.172112229981085,52.56777299205861
26.761229230411917,0.0,32.68069017536205,4.159299516901167,10.330358456780635
35.52408424387392,0.0,38.08085228983117,25.283313898555406,12.731076369681558
47.81534133971876,0.0,34.42352430692807,15.551479795436222,31.53781703885714
38.052606334769514,0.0,36.8624400495625,-1.6444460813752162,23.324707941906308
46.06239788554215,0.0,53.19458690560964,21.27316131944849,40.71068447139557
50.82605211107089,0.0,37.9802001420213,-14.147814362324379,28.54565448646141
66.10430612091051,0.0,66.45213213337416,42.628422075269484,64.12028341888738
47.37634945157589,0.0,52.58372143143644,32.62998817839981,33.827190457154295
61.94016563144939,0.0,46.34380043780741,38.62924239296841,65.54966777244007
65.74641292238407,0.0,59.91187013331259,40.180067939097924,42.338962160756886
65.80571025068235,0.0,64.6604080215066,22.683388157074905,56.992468948823166
53.52253971614881,0.0,40.97975641550397,15.615535576936356,37.95333958041243
29.501850999398435,0.0,16.493993667219193,-13.410288236304186,19.163611854835647
55.40387730708079,0.0,49.82395838888942,42.78561236662285,57.82361911257905
61.6822056386071,0.0,65.90568985915925,14.768620030948071,59.268568989762656
49.61367931807438,0.0,52.374003928241855,19.760145638400495,40.979509123744336
69.12103719727908,0.0,55.6190234808175,29.27154038315161,67.16797975456967
59.667345809788486,0.0,62.34388182067618,1.6072649371798917,63.843257333569966
56.55198097004287,0.0,43.535830356732504,-5.801535748217496,48.59327622997182
62.088036503541815,0.0,40.78414682976364,21.905090762329984,53.48668677841519
54.042001128261404,0.0,46.02958253965589,11.010184341613368,52.133307030359646
23.843834955778107,0.0,32.11867257259609,-0.45252553232903936,-3.848568959015811
45.146518163384194,0.0,48.113100336751344,27.528963440939066,33.486697676810905
63.27181579733791,0.0,58.96881655295401,25.64679179347204,59.76100263084487
41.8506575556481,0.0,33.52362530897635,21.39296610259634,27.277330161095914
48.09205599843495,0.0,39.942703703077484,20.40974244373254,34.055022868787745
39.31565898739343,0.0,36.59269479796996,4.853255547610844,34.58065858605582
69.54137744842706,0.0,53.84151176062572,11.80557868312997,63.28736541485538
68.44689587327,0.0,60.38798870538329,29.051434296468415,65.29647799544148
41.03562029807631,0.0,34.85092183348335,11.438382627613631,20.80500481550102
52.0537951486454,0.0,33.66420102547532,29.207723153246764,21.093637925261042
43.20871142262482,0.0,30.39566523506432,9.324072593180935,41.05267109043929
57.05067048975523,0.0,57.21512193068791,14.867854146157223,40.49188615093909
55.92593471917967,0.0,51.86664441300216,15.205720087947718,37.14612176989919
59.15309093046806,0.0,51.67046926745433,7.26697977415882,38.437386486151134
54.026492660917356,0.0,40.25504032488282,37.78518064293773,56.6684208829093
81.84515467461608,0.0,93.92444954173614,48.7439025140614,82.55356064190477
39.49637214030042,0.0,26.752181167633037,-7.6833469793004845,31.334853981877355
32.20183706958021,0.0,31.112418644552566,16.730205609836737,31.388397120345864
46.27966516773585,0.0,37.12339380798939,-12.860899560215401,34.8779272343289
33.72570094882216,0.0,30.331731186258043,20.12309894674242,36.35499224976276
34.53270767914658,0.0,35.583126628295986,-3.1304559920726938,10.985646865581748
39.78069452964813,0.0,21.39935532852043,14.63809675016141,12.105750198948872
40.62616516962808,0.0,36.659537202087726,-17.158808486508242,16.687905742757756
40.27965428079667,0.0,48.98860905611569,-7.050992719712674,39.65859296748517
56.01714182043706,0.0,70.49483875003584,25.09466914245132,59.30873221085925
45.071186671663334,0.0,39.72233234016928,2.5971463862497313,29.36756536559133
48.561753158927964,0.0,44.96960378802786,2.556012194899644,36.63336225635981
60.034906624209405,0.0,79.20331067313242,40.36798270593511,74.53699830656895
42.291621113543826,0.0,50.375458524190535,42.10254284900094,27.69145452484848
47.65318055266947,0.0,37.10386934002308,27.097204983767387,40.142721451043094
54.38809463704257,0.0,43.70489391049061,2.208167388503732,35.064260787904864
29.73394689258862,0.0,36.1464509392975,28.8958218974299,36.091921651141945
24.99681616291685,0.0,10.6709735096718,-20.56170310454598,18.904435571489813
54.1782098613128,0.0,61.5580528912193,13.188428404740872,31.407945465065442
55.73714094388201,0.0,55.11782213603804,19.10789508486924,44.860113788031896
72.53639921982352,0.0,73.56880661487266,54.68153404749235,40.64688143874206
52.169161402516735,0.0,45.35726881879896,29.23593746992141,53.66047017409866
59.23893699658346,0.0,48.35753263453468,13.72542254245899,74.31051350682516
48.391238771659616,0.0,59.83094956435926,0.9827692477652352,16.688222447973413
53.6558116422979,0.0,46.92411018326836,31.314658465368808,26.223160947780062
68.29478615832396,0.0,59.57368978346271,17.721617791897295,61.19171742986264
27.784707881225625,0.0,23.261135701297814,6.02787162229022,16.782804387334767
54.899446164263985,0.0,52.799623484605775,-1.426811431076807,41.64219233742993
73.29896212606803,0.0,57.93241806722518,36.00954548696257,40.7576729218861
53.49347210501568,0.0,43.3982502878174,23.989411702355877,46.88127111895572
68.11651638310192,0.0,57.20710615468108,7.643075655411284,69.32770133307662
43.756666291877735,0.0,48.75044222746004,26.288924337256645,72.52829408710014
50.13746130762424,0.0,36.70239680532508,23.07574906208484,54.55798308204152
50.83811018423303,0.0,28.18720475827666,26.071696588047548,19.988250416758923
26.784596248039367,0.0,2.3115314678268994,-2.9122110107251062,9.752256412549059
37.997736182758466,0.0,18.587632922670643,11.108401643162718,30.826837064928565
38.759616876691375,0.0,49.302141667197624,9.898444423831274,24.73258561796321
59.263794514691654,0.0,55.21789725686711,18.186229365339724,60.58877241288233
59.79898201033588,0.0,60.87631603351822,22.971000112792506,61.75672015766221
53.942272240678435,0.0,55.493279771934404,35.05490029870762,62.29650222503846
59.2855582330868,0.0,55.66230353545802,35.43398324756336,61.01755951077645
48.725932249546304,0.0,43.89861760945165,-2.1716608342335064,42.895543220310266
63.32271603853352,0.0,70.08805416152968,36.390868726057946,50.50873961599348
50.57379949279414,0.0,48.05081988076085,32.283446863335925,25.871766260420394
51.098179781639075,0.0,61.82577944260743,13.65612289039985,49.32039529384777
47.641996034984935,0.0,50.19389716915516,21.051844589462387,35.37030642262517
57.793350928979756,0.0,47.06410522154677,26.427353900551427,43.41996841773616
45.9793203387247,0.0,36.73018188561613,0.9957671673667843,49.059549226142266
60.91321117502039,0.0,48.96982062542111,15.798301355227647,67.31328559411588
38.382708175364016,0.0,47.40809808487002,19.37834146331916,17.040612082755047
38.737806608207535,0.0,30.587670439097156,2.006391881137504,25.012226621556128
57.82515290587761,0.0,45.18354420164136,33.22993133560183,41.30196926368684
49.53378527151205,0.0,48.86756818309355,33.315906168565604,45.39204065896412
45.62999494861057,0.0,40.61908987166797,28.89743588160114,7.678879665282089
59.99029566623104,0.0,58.87736137910403,48.572183665891345,34.284076089840504
43.991213233078014,0.0,60.03360973501032,10.601990058770426,39.12251167666711
48.340712848186556,0.0,53.97291422946896,16.768048530243625,51.904243861071095
65.43085675337615,0.0,61.39314100389124,28.182213308039106,58.39592968590923
66.92586331638006,0.0,47.67347621106963,23.634074344562638,62.8302148669359
67.28120727768447,0.0,57.63551809486483,32.320669684502185,60.20109103826516
47.46533688447122,0.0,50.974894246532884,-10.323790593844308,56.44281006429198
63.630141057871654,0.0,46.94632004050294,25.56134408206909,70.24568144368219
40.34018859563696,0.0,59.103015304737326,-9.536358302913694,28.012822009731153
40.78949872878257,0.0,37.04261680337209,-3.444017992642028,42.198337347356464
25.364915971580018,0.0,22.24784062109788,11.971382358798373,21.19151123915286
68.35474439354192,0.0,56.926837853115885,22.464601329233634,89.61122353151839
41.248137775219284,0.0,42.59700941855004,20.203532969555077,23.24409707220267
49.12787382160104,0.0,32.83162140367466,11.592501399947954,34.83590809432524
40.75293983217032,0.0,59.76179480669565,25.691929072793748,25.13635487653643
57.907839880767156,0.0,67.6532489087136,16.15993602428589,41.433736531620625
46.466190948057935,0.0,52.88432324509659,-14.30724855698482,45.13608022956865
36.53772705185919,0.0,17.99874877404745,10.960359442158463,24.703123854499367
55.19912520897492,0.0,53.22526076276626,-12.522513648806552,53.88781654188969
35.160270636936204,0.0,44.151585045783875,-13.444061657853602,35.48872578118846
41.53208632260198,0.0,43.895778290446884,-1.9131234880855033,30.872803065278053
27.967463550135612,0.0,13.684965088521185,-11.126201796494188,11.225773454181972
35.26468500696408,0.0,24.58142104219329,-0.5961080079116226,11.036431110000727
52.387504935075484,0.0,43.50633500605023,1.8106097919837474,33.2759333828381
29.48852778760097,0.0,19.39836209517134,-15.902145478671262,16.442009399185558
34.65362668487582,0.0,47.03646339506088,28.475734650249063,31.94530908707484
50.45458142026397,0.0,26.06174573300066,5.876576176915439,44.13308490799349
44.67137142310172,0.0,47.64569302482849,-19.18083065133024,44.95914597104542
71.76510757384663,0.0,53.65814898941643,22.05883925791692,79.41078208787462
70.07535670098471,0.0,55.500481777233816,10.366790888412494,47.0949463704141
41.20601034945674,0.0,16.033562779115144,-2.120811747240742,22.22213137811269
56.43299369695889,0.0,46.45454762685028,28.72831589851417,34.975235331933646
58.4860915397599,0.0,70.26778868123792,13.5314980314573,70.75703333546453
44.09574132997518,0.0,42.941627378678234,-4.303982067806196,29.220795007568128
34.49980524912312,0.0,18.02824916006262,12.952635508609863,34.999521473182654
50.348482850591395,0.0,57.04741091705974,31.57900362236406,62.69788727595215
48.633011368653875,0.0,57.62754655970442,21.997051319866735,48.58362578950727
45.82368383245745,0.0,42.93857235494496,-21.686982055486354,40.47605277643898
55.206116546333554,0.0,72.58911814375314,2.332099991111644,53.48173566822255
42.45823380759889,0.0,47.22340568361611,11.706677535384388,31.574574723515134
38.17062493425986,0.0,41.539706466483906,5.239046808147148,25.061027837394782
51.64546175012615,0.0,39.05829862462635,11.475398905293783,38.27107969094289
54.604042693430024,0.0,57.10562632382263,3.864585418340262,70.6200018183811
37.90726376212339,0.0,36.35140077921732,-11.270109911895712,15.742442188699144
60.3966827480625,0.0,61.66033193939453,49.18977307758314,56.22721319576297
31.56203386278619,0.0,20.577522118701484,5.431659810783432,27.978222943332376
44.302663562021216,0.0,41.698238762556876,21.10028217687912,31.72536370354574
47.72303326368762,0.0,35.06071086596412,14.01961280383985,41.083497636070405
43.68174667528194,0.0,17.012814996382215,12.36360786224622,8.541383133786269
44.4421366904617,0.0,51.04333043043925,11.253240640356257,54.75173004608648
70.47260859525454,0.0,50.164889120958954,10.645501537753201,72.04428058608586
41.38806795966978,0.0,38.61252226883339,-10.891755815130047,30.874859815541125
76.56471842725847,0.0,75.57320845806115,35.22513851434241,59.31397936595221
55.15065966336205,0.0,54.459566679332596,20.66067187964344,57.363047376262
51.46351676861972,0.0,44.38499827354313,29.209176063892798,27.253788199872247
55.5685941368672,0.0,54.28460983420642,28.605801467140942,35.193889231263505
77.51255579247912,0.0,77.96459894355365,18.910236376697867,71.07881222992496
39.863201535197156,0.0,43.75669149188675,25.571928743237873,51.43948185976032
38.50805806134171,0.0,52.99017870840014,19.647572699012432,42.24331176288455
42.41403371998517,0.0,40.964753108600654,20.748854736905272,25.52739237062044
50.82334805475267,0.0,47.428956494044996,47.33214555190267,21.019159988419435
32.03976714004583,0.0,18.69643937765011,34.114928604322316,19.414811838532668
50.718591812935536,0.0,51.26120966038112,25.299871250953075,46.233899332744855
68.57570191665917,0.0,71.25991717848481,33.35647408236991,61.94971862658292
52.097704607281415,0.0,45.96880982022397,31.578098614340337,65.09887081541083
47.35250507848272,0.0,49.10289918751555,5.499013649694687,38.211677604203
43.87475539349965,0.0,36.82698696294745,3.786719598783801,4.985454670593246
60.080627641510844,0.0,62.94924368259779,30.21273524930381,48.7390632078896
41.65574507278035,0.0,47.398042447136476,-1.4721498883329538,40.644649498346
70.20891441621562,0.0,75.3119207318054,34.64260801535199,70.1682120991482
71.13813611348182,0.0,67.96334484389806,29.010221890943,61.621137141562684
53.22331491744392,0.0,38.10554153419507,4.889285091018063,36.76200956657402
50.35685318429419,0.0,39.817848056412295,15.74354275914415,14.392578273596449
61.49265019473623,0.0,63.53451818796473,39.88990060610507,56.15265400804335
62.177981878759326,0.0,83.82237191878757,23.036534519703515,57.52581313475746
41.867749621112324,0.0,34.344449982981224,11.933125178311455,34.29011101638007
44.853572099420944,0.0,45.70761027210589,16.990445371150113,43.044465187239624
36.35041052471573,0.0,26.643550593647703,14.151982812143991,40.10314851930743
54.85081462714009,0.0,40.40341673338493,13.18678330717174,31.051202698449707
57.60291380399818,0.0,46.25772482068568,24.297149422782766,30.71238258438254
36.05573323629934,0.0,10.20224741758759,-7.263823696298845,12.241928722313903
45.6160242337177,0.0,55.95480232047718,1.513306134840013,31.4190537565542
36.08428097316291,0.0,8.667868376976543,-1.9226004469046032,8.660581270085629
40.876081203097385,0.0,34.183481825753645,16.788247457245077,48.404601398529614
56.367594603493394,0.0,39.73377839990685,20.94042098452057,45.79260167265162
42.64252639485365,0.0,29.353198891452706,9.245986552634829,54.88162137378494
47.265522631379696,0.0,57.82021136268524,23.414169248346393,42.39349951194826
33.09182074557357,0.0,31.45244972651534,11.229166861561065,8.939839867411711
52.47791243224003,0.0,38.16204616903541,12.4584999490829,30.390876588537864
50.00682650386058,0.0,39.71082641877022,0.5985603037696805,51.838510930148374
42.690853377448796,0.0,30.658815309580575,-0.3851543957035357,16.541522291882536
48.460247178270315,0.0,43.96802269645468,-6.333076717851824,46.1169400048861
52.40637182289607,0.0,50.13644793183034,18.486289932366468,39.5973237218804
41.772903748595276,0.0,57.91443724490135,-1.487557499378246,26.638464535406666
34.705804211259384,0.0,10.633880419816471,-0.20251551073657392,35.80764817594658
69.77273061955826,0.0,65.00611371539804,24.251823527965374,54.53627668586901
43.713278643218025,0.0,36.424371566909414,26.43942196910823,22.895482812419814
49.44599725428347,0.0,55.41341797218779,27.96663627537623,42.39168460863555
61.28086970289784,0.0,60.783250545627205,20.611823765267694,47.742341407864515
88.18838417789152,0.0,89.72005940484485,54.003852011252775,111.14996343282331
37.18236696961474,0.0,36.99652336709797,-20.218816453979844,41.62158869577449
55.28636572903066,0.0,41.27563684745507,44.54137870257091,36.20405654050295
42.91959004610775,0.0,51.80041872565249,21.05006874093939,31.3398305562612
44.72283743480252,0.0,49.20503430371639,13.731317749868131,12.663972754280767
42.78431884777019,0.0,48.53816951654845,-1.3434659008828937,37.89630550597349
38.45209939903707,0.0,47.96835418018381,2.663231827449481,23.358677950988216
50.038689178510474,0.0,50.399673022827415,23.79094076237393,43.4114195634856
34.724608550023746,0.0,46.60057491373355,15.694777889501339,4.865092025242028
60.59667625977471,0.0,60.35231615756269,30.425496380864466,53.096618601462374
51.06760837197116,0.0,44.67333192931674,5.503943451757744,62.5713169122337
54.99367547659151,0.0,50.77990239461649,4.82429795821966,46.90683924826185
45.49859754436169,0.0,41.265819554994465,15.459762698976437,26.392220675604825
46.556263855735374,0.0,37.0616817689255,24.1387922265722,35.344937430801465
53.55255763910132,0.0,66.70118077772605,17.180243616920585,49.145009387534934
38.04183589275277,0.0,37.32492362120394,29.487403799135425,56.503957515541956
46.65471150005432,0.0,43.656805424565,13.811347447963945,33.51882169721451
41.294792729787915,0.0,41.49516264802616,10.388649521391606,17.885202705752626
40.96403068417841,0.0,68.59271375903172,19.666148645947978,41.125793063583586
27.935951691036582,0.0,12.282482866067012,20.23773170465674,16.24490762938936
64.79080162006888,0.0,51.53657711051284,4.298543135805058,60.99833171399966
43.1441228277108,0.0,24.59575512239344,-4.339622601170715,38.63955953967354
62.91074344466205,0.0,56.169358349528,17.86414613132233,78.348974215502
61.900101887793696,0.0,60.23527861750215,66.23777910226536,46.96038585667126
36.738791519197726,0.0,27.985300655824055,4.210185685009088,16.74678987281547
38.85005433189043,0.0,29.272923507484418,7.338912506097809,4.183203863060587
77.83925655496114,0.0,74.80901957540375,39.19665621140359,79.30186613048198
69.1888031979934,0.0,59.48758222923813,39.49540625955119,48.68770626582515
50.1431135481729,0.0,49.36480432584345,17.654124408224526,53.21070453564337
53.22996437030298,0.0,60.90661563373121,33.365646796272216,41.80773921075862
43.73920404596495,0.0,46.95295697134547,-5.082967005604743,57.977661745024186
55.09964804827482,0.0,60.27630938972004,7.1901777389723875,31.295267251509514
42.81669614309998,0.0,50.37294452258122,27.616414727404305,49.53006273019102
28.763885085795,0.0,28.06415103540673,3.665997520373189,30.5013125683314
36.3588694056396,0.0,30.857045481079886,-10.10410308600774,32.467369545320835
50.70527286233313,0.0,38.463644778215546,-3.066212246886412,25.263593595884863
38.394268496845314,0.0,30.396838800318775,-2.62295311631779,33.947289381239855
49.76102372086238,0.0,40.165846433440024,15.081532257509375,40.58392777537669
38.99697726653714,0.0,42.87053635483619,15.721931189307881,8.712300098965088
42.12032319470066,0.0,41.86744366639396,6.215339531473377,53.10184612839828
59.59609449202935,0.0,62.74568243840376,25.882096591492793,49.07352768288396
53.124260877687256,0.0,36.7345194833525,10.74098915066711,59.031147730957976
50.37662783966429,0.0,61.462150797052296,32.63696313995867,45.07810889681311
59.87175716252013,0.0,51.12584529412595,56.567959779957775,62.34136521439011
55.615269444107625,0.0,39.82092993947678,12.736445882124036,32.66030460950783
65.9366420612597,0.0,56.95685987866059,30.704560811831303,59.177348942964585
45.56622760621489,0.0,67.86637831754814,18.36043317803838,45.96693480988954
45.889178667724906,0.0,37.79938141621551,14.878105109307974,31.272594797060187
36.577343577707396,0.0,29.31042320272286,17.011362238747264,14.744057738961233
45.8961695475097,0.0,39.876108279649166,19.674880181888067,-2.33409913842074
60.78860645960731,0.0,54.972361158224125,14.474292355918454,41.39160431198765
64.37045611085016,0.0,51.79604752097613,41.633059258192695,62.47949148352256
60.740900182070064,0.0,58.01349081833044,23.927805274982898,35.41747490917825
31.308681125618413,0.0,38.95375366082182,-0.5120905841487957,9.640215119920343
62.053464710311005,0.0,61.11369599757302,56.236118918336295,36.86912818290025
30.835042999485896,0.0,15.349221055395573,3.0124376925595295,19.56551643491952
60.076413626742145,0.0,52.20137014300029,24.313380181410572,39.411006572142234
46.550060138219344,0.0,36.71553921957492,15.759114560598624,50.723313632195286
57.98656878050602,0.0,54.351339748653096,17.741816687254513,58.77943629256989
36.242480733336016,0.0,46.49938742458126,13.944367874469762,33.04074401463161
62.99399763377369,0.0,57.13701919714343,10.416829633017361,58.09072059004772
34.82641604572089,0.0,30.096811004218843,15.249969325468923,14.964899041872945
43.337351428533616,0.0,58.20409226102838,-13.256905764378018,30.013109219488012
39.81510100096837,0.0,45.20395216736544,-8.706529979174654,41.767607535695234
31.73509362675048,0.0,34.06609685174952,30.872203475585323,34.718747082302386
51.48993506153637,0.0,68.12617189856864,-1.699878491782215,57.56119989741346
69.77823010853709,0.0,70.56278519315818,-1.566243666270342,57.69611020266883
78.97618089079796,0.0,53.39923537562966,13.755213585042597,60.5467785923923
51.5180179859376,0.0,56.24473532034696,40.53748074331792,33.58820024793058
62.41180262922542,0.0,41.29451362241426,-3.2459829839561785,58.64123555229893
52.959860096230805,0.0,53.633831664918965,3.340625745465701,21.05123001423599
55.81053633509533,0.0,33.51872866809285,-2.172013817086203,14.116566876802143
46.82398335987422,0.0,37.88069859777879,9.574483336648946,11.028982810696842
52.56432021735511,0.0,44.61287708072486,10.44798619098832,15.753320541749556
56.22293521803836,0.0,43.908924411918136,11.828320928930491,62.03356933801338
44.29896361277679,0.0,36.647780978828365,38.20568021928896,43.563556584904646
49.65185528778813,0.0,56.52587545779925,-1.9053667223758346,28.910302549598654
49.85555895535164,0.0,38.24545402875424,13.663540999852515,37.16892384313128
59.310138575154866,0.0,60.86032381384462,25.071114928252506,70.89322919432331
39.08917802923821,0.0,25.001059736388477,-4.626310460012757,32.46009647916068
49.92915732372369,0.0,43.86725103657602,22.000839547303816,66.64229394696713
70.90996240355967,0.0,69.91881884600967,21.04080704915335,62.817294263721905
62.91805312949325,0.0,48.09308047183117,27.557165858134102,43.321593922718776
64.89607664484309,0.0,46.701879026620475,21.8477454476054,39.10163794643283
50.74095157085791,0.0,51.87502319883879,-13.305229821455566,43.5938157806116
53.909801356922515,0.0,61.66835598672314,35.73678592888938,60.38098701786137
61.18893926906531,0.0,56.101799030218636,50.50840489349609,53.835123664523124
67.15146089024584,0.0,57.9592983217318,22.118408642356872,53.265694214421636
29.62672019433593,0.0,27.566678171623444,-8.667630039697519,35.41506327979901
36.42420354710189,0.0,33.18696057899486,28.944018094799446,33.252070824847664
64.47150269762128,0.0,62.73474370612877,49.77490490634175,55.710213639526096
47.5212888397158,0.0,16.753555908514578,11.442041271560836,20.621732842444317
43.30245502188802,0.0,28.04712510513808,8.420453334275887,27.196858884339107
37.078993071652675,0.0,24.29968222480794,6.955600715580809,30.362170315369852
44.54945591939838,0.0,42.18170947017713,-11.409794275035694,25.87039807399391
35.49536492044822,0.0,33.65390466538163,3.108892052708727,10.680242229585987
72.82355346362682,0.0,75.10449179126331,51.89284387293041,61.28953789069961
50.240161026747366,0.0,48.90366108416643,12.937806835811969,41.400147550696246
49.86068331092391,0.0,32.04149690743519,0.4505498199535012,53.63295206459129
56.76358221625589,0.0,67.9006019994882,25.899226023958143,38.29499016648066
60.76269790443001,0.0,69.97822664485534,11.696043542885395,59.303683382643435
60.58685222477898,0.0,43.03317088308509,20.064912211679268,44.71298772375566
61.9517071376754,0.0,61.20855710766118,3.8712689655334955,51.884739096421654
43.739213151384746,0.0,33.48857621943584,-2.8656829519898537,51.570701674343525
47.29714160993667,0.0,44.755089782671504,24.092293761792394,39.512815212087844
58.697113656596294,0.0,65.63500754026833,21.59550740287595,42.16946729539658
44.844661446744006,0.0,63.41498468503551,1.4136744758708009,53.36170951830751
50.425328510238806,0.0,54.30965001231328,17.10112136366831,53.969755406626874
54.74074501979506,0.0,53.72203459182355,9.232679631899982,34.431216700951765
58.86971547540969,0.0,51.06331834717044,9.013139943369449,34.401388492499045
31.485102643780447,0.0,29.673055589353215,21.410505736431578,26.919445102930542
58.11705944450075,0.0,68.30773806067864,30.675998097237155,53.525351183016014
47.982516602155656,0.0,43.48620712460976,13.774363016744417,32.766964794864684
58.039186709426495,0.0,44.46653949365283,21.635115342826918,59.841295355124814
58.78152675054433,0.0,37.43380867711522,19.89080394510746,37.70326686545551
67.66071022186398,0.0,68.72758595929906,31.75180791720919,66.65095362068615
64.94175138135263,0.0,63.2433048094722,12.12843835880554,72.30318130232827
64.86821632655415,0.0,53.719742832888855,35.50843552773752,50.467210678422774
65.90573021526276,0.0,72.43072611107551,28.90685294771303,38.33243675373143
53.593322344426475,0.0,45.01052758259875,13.450869995241558,38.37774751164299
50.823796190793125,0.0,45.32694187006014,8.76207058598579,43.74174166113512
59.80607671068024,0.0,55.40302707058589,32.42514912253858,63.84449627437712
58.302289773682176,0.0,50.38787051775497,17.62516227064206,42.1465187955853
47.17747398083666,0.0,45.66389165108226,3.783133872233295,60.19042169194619
54.80549324012544,0.0,62.84951257097511,12.404740722639204,33.52998628573995
50.10488257221575,0.0,33.95603789794383,26.079922929793746,39.43230213595098
41.3554908612236,0.0,42.61556073934582,-12.263356397689694,30.30553825947362
64.26866261331699,0.0,61.78682345824766,18.0165157457953,73.49795927770444
51.06970593669563,0.0,48.620387040409604,30.857092265227337,24.171001051011828
72.37065245712255,0.0,77.15304810764304,25.107123225681324,72.86852333295379
33.11126192787092,0.0,29.865617556767834,9.745497626393725,20.053165395044374
44.530627920013856,0.0,45.64832199405379,27.491380858061994,55.73326373304952
50.828644574743564,0.0,54.33130378812522,28.212728687835135,33.767715655435914
62.63298337634394,0.0,53.02070672362923,15.924708772434617,57.957064912275584
54.748284550309435,0.0,53.774401947388455,15.955061554265631,36.487199109973375
53.79734216927721,0.0,47.02034662303242,30.01951022980455,46.521614444846065
38.434908862262155,0.0,33.17204064383862,22.065550333045074,23.578623890049823
38.1177991500746,0.0,30.856481808112633,7.4118244128775945,22.435905244936436
53.92590491297173,0.0,54.78509124513765,16.586004701965834,21.817079709050738
35.90421397976017,0.0,32.952781271613134,11.208139380049193,31.355235297490125
44.79669912696177,0.0,45.0031418315907,31.585128602866966,23.146437597399142
55.83227136914124,0.0,51.48858551000551,33.432035976008436,33.150751302732445
39.98360964396555,0.0,19.12415851571375,19.448986407883453,5.709840243362496
67.63336586306949,0.0,63.603855682571925,9.673786940866917,46.63438572135215
63.557839328863466,0.0,59.93887168315709,18.761297017346514,61.82518218613124
33.689032363016395,0.0,32.47881845700989,3.0862101327182327,29.968211583050227
40.517365344684734,0.0,30.34011637635624,29.960163831780424,37.2142577233138
26.056016720208238,0.0,9.760384256274515,-1.3424159388047752,-1.2214357690459146
42.11778611175489,0.0,44.80472591539522,28.514019969967276,37.21984122239194
58.668870889032796,0.0,51.56657560769767,11.905145960097363,41.608761855649995
46.05736334504323,0.0,43.87927629538273,6.098725615870595,49.19938756651598
55.40358216408302,0.0,48.27438345579069,24.937148297762736,51.10438504702172
34.21352030756425,0.0,30.363125303309353,28.604622015875293,15.903620918534797
59.006380408183944,0.0,50.03934381558288,17.148433841828155,62.07518854332824
44.54846726093362,0.0,30.340635845722755,-23.926807889816818,38.356561216655834
50.60992855186892,0.0,51.554239405009625,-6.523795624009086,25.78818592479332
49.487515499438324,0.0,39.05651444649723,19.10003260414137,17.590167249010218
36.89320463185275,0.0,34.79567385114109,-12.802735728464718,10.675534903918383
38.15901248048671,0.0,38.64811074424719,-3.5219615149810544,50.221184459738865
60.8209244995371,0.0,50.36742227489588,21.303894136609074,37.903468979350976
54.74318543450062,0.0,37.86477286401726,-16.72590487572675,65.5454963588508
61.699827096724405,0.0,83.11196568029483,16.262047928712178,47.8479734216666
53.948916191116226,0.0,44.23842278709115,0.9391242991702455,28.795620551786847
52.00777029339642,0.0,54.51190959191209,-4.839548557568651,56.05330565373834
32.037208111849154,0.0,48.81070616408354,-5.993329650743984,39.567689019215024
47.59098444160944,0.0,51.9328481428945,-1.2079662698238103,47.83643374369064
50.18728802730334,0.0,42.94700126772,21.901600466471283,48.609050088969056
71.34914062113876,0.0,66.21356929215283,43.77719953252463,53.45250106730595
57.820129569942054,0.0,44.817416375221256,14.345397504021182,56.99222849021307
66.89294061011725,0.0,71.87385850609922,16.066691362231627,64.74823950749412
56.864674766130655,0.0,58.680532033992115,13.118834171301884,45.50047350986645
42.8795106649791,0.0,33.50075037897598,-4.346605620930466,32.8810119761407
51.73138368247785,0.0,36.615937987572394,-2.0260315093333396,52.67653590678637
53.00397917724415,0.0,34.91378911946934,-6.354704902548157,44.78974924927299
40.444873784955995,0.0,46.99010240116134,-8.803613390768302,6.982784125299229
46.37265616476779,0.0,43.65085571476361,36.18681646888728,48.579560053335385
48.28124207784652,0.0,46.527717248721586,4.509137585067103,49.95973741478218
67.63618535625778,0.0,54.56673220105657,-16.576831134509717,52.34973720620658
28.246865196500565,0.0,9.077350549108246,-5.044957766758198,14.52940812728761
63.36424656501666,0.0,69.26211492063814,0.1161927272897465,59.66046015259072
40.47009432080671,0.0,37.02099481415669,10.783631517070312,6.208936462184312
35.81901919708805,0.0,41.604973553810574,6.707829798146823,23.721691695071847
63.087754470084505,0.0,54.72083135345431,23.163320505490915,49.10622013636846
58.30033564962096,0.0,51.59366026686402,19.170791078308174,47.03416479188374
63.88461646923362,0.0,67.13541588189125,17.56164309997882,51.44480311374075
59.03551553652038,0.0,62.571346792460616,-0.3672423430157039,61.178137303432685
72.48965025817176,0.0,76.48402052006179,26.490975822746677,57.34472568269421
56.44994268292009,0.0,49.1573340878403,33.08606171027817,58.217049242377485
48.80790912552047,0.0,51.27326400157931,40.085403940828726,49.31856995030337
54.1441140602753,0.0,61.750697744803865,14.106786204309802,65.88261452479298
63.766550092905774,0.0,58.36303054717376,20.922440167982604,76.90257832146818
42.15214995849873,0.0,32.79582770284701,17.921673581002867,52.65277392909043
43.5143651620745,0.0,53.77622579044028,32.66072364634363,23.528903017455445
47.178608980535046,0.0,36.24424730814125,6.779592767740409,40.12667247080116
27.992106885297485,0.0,30.973690208712302,12.848229894843406,10.548746541010999
51.95528240853159,0.0,47.245489668835084,4.6626389890765,83.77376136545706
30.326322058341926,0.0,7.120577057039366,9.018604887510364,21.740446797578947
51.04684046402089,0.0,58.91301128044796,29.43566379997101,63.343639375959384
59.725646078279546,0.0,26.318280841845656,2.3376681617415045,47.8886633145583
45.384396258190435,0.0,20.41097617918974,5.246079873556015,-3.237947879144503
68.40013137416653,0.0,69.60540732101987,38.74989025086411,52.441746542978734
34.874219776871584,0.0,36.653762464736076,15.552689490542699,17.95314942330809
63.208694912462505,0.0,52.17690849767621,37.040456889705155,48.08958371453921
57.693835608997546,0.0,55.0676383883654,31.36727711017248,54.09025335577184
32.143817829062456,0.0,1.6070414291317867,0.5626523375145602,20.058322516250932
79.44514233965083,0.0,82.36123011318082,62.355850565262784,41.768049193727265
49.798765594177866,0.0,48.38673192384096,17.001609942392413,38.56178627850276
41.103843635397794,0.0,36.71603720002606,-32.766286830550825,25.246120580463923
35.444953321199414,0.0,31.858039853004218,3.2049041343966547,42.73461198525324
48.12896761587406,0.0,49.322553761918215,7.543223553835366,47.91336837294554
49.118531871959526,0.0,44.76993382403875,25.904846009771514,37.61635517099894
51.576676706926776,0.0,27.66140777393127,9.691496890355683,39.398651455389526
47.29789650237499,0.0,66.5267842175096,29.184172890184264,24.035922495957106
57.2460022360121,0.0,65.76953139356706,27.02977965740732,60.754682226809294
46.338010029323556,0.0,28.746536546863638,-0.9225936248796653,27.97734268378825
29.804508252201025,0.0,22.442093597374967,2.1056138402012152,8.237557747486765
48.883943388851506,0.0,42.347623342138164,3.6410011622046756,55.39230893302569
25.183035445996666,0.0,32.96797386840099,4.147350754734459,21.37113033236535
54.25998655625695,0.0,27.280570387542344,6.511663503149062,30.244767698333423
40.015921991841864,0.0,30.849585952516588,10.744697814965024,21.15502730169483
52.22542384566274,0.0,29.499125122862818,12.568749033272162,42.22843777987543
64.52098435487476,0.0,57.19640021605126,21.01840984300306,59.0837447865667
40.34236978240207,0.0,31.450901178848827,38.77632720605106,29.49911290750072
61.819577911625885,0.0,58.40148178960241,16.59899287693645,38.757876740837744
45.84906032315512,0.0,35.46211669757558,-14.357743438286036,21.398702070900256
69.21304631307515,0.0,56.87752590392717,40.056856291905994,49.650839818206656
46.57818253223649,0.0,49.13597799625795,27.50608757394316,36.825792698405834
41.49909847869105,0.0,42.39854295495407,-17.375611304484593,32.81965011716947
57.82314084123248,0.0,59.46513132392899,9.605596198018372,49.03638033103234
45.823414217728654,0.0,39.965491402665634,19.028803935118564,34.491374116912596
41.4888778251228,0.0,31.52760047524933,17.8921909618566,53.517007743937754
45.37410228911917,0.0,40.13813907100906,12.57401205899078,46.22529824520385
50.003266079430496,0.0,51.24827095528569,15.43590249987031,57.37417130078562
64.8212921471066,0.0,37.47481908274031,10.102281173705025,55.539256787125304
29.813872417747703,0.0,30.27360852429825,-29.728974336184947,21.598207478585646
50.72651399427822,0.0,49.92718430139278,44.46314070520018,47.81482468157522
57.15708344274593,0.0,53.633600643680055,5.466250709907271,51.57450185215217
52.54692104575408,0.0,46.865187991814274,19.069933669370894,53.252787885111296
64.47600187346603,0.0,33.01570158736386,20.900334455642497,35.956864180419956
49.68550251181283,0.0,40.97869014331318,27.653067519265633,48.23487885591611
48.50793346688833,0.0,63.410480930888596,15.981986931040783,47.163749343035484
56.80902479767898,0.0,52.77040113068089,21.08731729184088,25.670875252266494
51.54107684135001,0.0,44.20503900668817,-21.09201204503118,42.65980327948515
46.308317000855965,0.0,42.49279594845358,1.410889516204966,20.75059604107409
55.994971082854946,0.0,55.58784739827995,28.97079426507503,41.77779378234724
43.507529756269115,0.0,46.53257978011337,20.840085648405044,34.14182255491271
43.94937297869775,0.0,37.5736804108022,-1.5527952090338228,14.942769891637738
44.838197355940935,0.0,45.36534273792283,-9.89097495206114,36.125851900485245
64.93764307451777,0.0,78.36396576551226,25.17618866016273,63.072102792599935
16.06284480772011,0.0,23.236549905473346,-44.42979695114938,17.433982434746653
54.70692726579672,0.0,75.33168686687725,1.5830775502798602,47.78288865249742
50.84609318738141,0.0,39.82401351219533,40.451494289781415,43.155575670040434
32.51953756940205,0.0,46.49891899410558,25.939236933785196,26.49424664875203
53.789371312655604,0.0,41.299747653465836,24.131661022516667,37.21458408358211
55.56337591948734,0.0,55.150911470174044,22.571362279087307,27.13972950306636
56.78027836639913,0.0,60.35628312465435,-8.571840279704237,49.10963609670701
22.14470814303988,0.0,13.161417029132195,-10.563256416180248,18.91867244080003
65.0799719863443,0.0,61.693272672676294,19.311287449528013,45.622936445150174
42.59706494173156,0.0,48.300504418932405,0.9766232403561794,33.247100668145706
57.81597427097723,0.0,46.107825594865886,14.542982942064025,46.10235625488602
58.39837951967697,0.0,71.86034896778536,38.10678743786907,68.989585715105
41.1122521717766,0.0,22.556257809096216,2.6631327052257188,27.40464865390465
57.53700852360224,0.0,73.87404733117424,14.520777416302673,58.773470498998364
46.36083983660075,0.0,52.960983743226954,23.604092958904623,40.157725444512735
28.346913970800443,0.0,23.712205688846414,-16.720125612996476,11.436291260765028
62.95739343241527,0.0,54.41563282937699,10.464286491929945,39.28379260926525
42.19842053659446,0.0,32.90965902439819,0.4995310759692835,27.43987024290985
41.349501253648924,0.0,36.00352162365575,11.212087697783934,36.19361840364808
46.17307364755857,0.0,41.66783306216554,8.218598784435994,38.23760514875735
53.388784395240734,0.0,62.55459791405352,12.629865715872025,67.03296623632174
49.86795061329511,0.0,66.64344593902939,5.741456449641062,58.90775538665133
56.336071957524496,0.0,54.27879834769587,3.5753872034154632,63.80587849428751
36.16724638012621,0.0,23.399411920908264,16.164422712555943,-1.8783540553401963
42.54738255723392,0.0,32.843137388879235,6.326827447371223,50.95935639468253
49.24044731814863,0.0,43.25820841660389,23.488475360601274,42.86766052265619
70.75910754509347,0.0,55.44371525818107,10.92722571835359,64.84805106709419
49.26378939465168,0.0,32.74362694037523,5.403946342178266,47.55503285745611
62.075658315633916,0.0,80.0004788524769,18.702729490422318,60.78258299432418
50.89186148149475,0.0,50.020645798324544,13.871218011211832,29.492227598191995
45.31192766934728,0.0,32.51892508487629,23.236706737157316,51.33627005273007
47.84360571466985,0.0,52.463601554424535,7.931202780239358,31.66411611871512
48.68030345304989,0.0,32.17648211323125,24.980458079535218,23.447209532598322
56.92994002688147,0.0,41.15534838212341,24.275114303716357,41.87762799904639
65.16782376313732,0.0,52.35148924989637,22.01325264600404,49.697690269265394
54.32313812011497,0.0,67.69789779929636,4.153497098607797,50.88779413803364
63.163998891437096,0.0,56.20365496163138,33.08332356739838,52.91871949030337
40.170968809104124,0.0,10.445437230027466,-3.2726280972980923,39.45350838631611
46.049503704884124,0.0,54.86377113104758,12.71189496880364,46.33643873247553
42.740611093117465,0.0,35.565648828652854,10.433131025892587,21.511581569752178
53.83978184743525,0.0,30.146368897079665,14.37490687636361,30.102772744059934
46.644368799145646,0.0,39.29320875487693,7.852544721362487,31.498452805486863
58.27762828938303,0.0,59.590180052210854,8.147792510864345,46.624207835285645
40.53199899724058,0.0,40.91241826210906,-12.80588849656025,25.717826192197762
50.93968613257599,0.0,65.89536304672774,35.48128330932553,33.94538591534178
57.81907472014388,0.0,44.60305128537041,12.550998548695755,50.15366737044712
28.411819903054052,0.0,25.219784884573542,1.5129892446254836,12.400813386662891
73.14984631503063,0.0,61.29102862771209,26.01432585662151,51.469137570347826
47.45437276526491,0.0,27.121632141472073,29.222742786284023,39.33899155694435
28.842034690224523,0.0,34.51837407325938,30.796636108366442,31.816800751044898
52.16915096002444,0.0,52.97592255529858,18.62757301610135,41.662192277059425
50.837242182169504,0.0,49.76660638809819,13.430630761676214,64.9707961862921
49.60483976830686,0.0,50.069741184243185,-0.865619206270356,69.53439757914475
61.070921192390884,0.0,49.569151179393884,0.924828883648587,56.730990268028634
58.46645666018305,0.0,43.62110284673421,-5.162245649256686,40.87653654135026
53.662745979290214,0.0,49.94012096227213,5.981154031887163,48.31230801738784
55.289874948949986,0.0,63.42815794934354,-11.37341883743407,35.0054229811228
49.36480777086057,0.0,62.33354329304515,30.03631743463517,34.52726354905021
69.45128296255425,0.0,73.47537650691525,31.8352465602907,43.19760290500214
34.67445959234848,0.0,31.188981354183035,3.214145711300253,16.85768916602102
51.97209299247079,0.0,50.734901696197326,31.89980840847321,28.513794959450415
51.17469170639553,0.0,47.21920459265355,0.7341599462016308,50.01106321684631
59.16991827570252,0.0,44.098201931561256,8.667715969687167,38.061608787178905
41.463186838228964,0.0,37.81296687600645,-16.759153744252625,35.371751908983775
31.848487133910353,0.0,13.978564752981322,16.11897393151456,26.656333994513453
52.15557138777055,0.0,46.74760874864984,4.948550843907084,57.45237614550251
53.48488416008216,0.0,66.67928608607389,17.319348337057868,45.476902026317205
66.39648951876828,0.0,70.76337005805442,38.32219792430042,64.9126253296258
36.90588229275692,0.0,23.30537311642696,27.304088243472663,28.30241598268515
62.81797187429361,0.0,57.773012590085685,21.81681008499932,70.2327284160023
75.77607559540581,0.0,62.445607589630676,34.76369605479399,75.49551231600091
46.443418466040704,0.0,41.7851955710116,0.4915210184294434,53.2129339894294
36.68598001757282,0.0,43.87358252325981,31.58719115094525,9.309463095366954
46.13131074936717,0.0,49.04970103283523,10.71539541929564,30.61347975534489
50.62953885170799,0.0,72.84654689374383,16.660253298326175,62.44402029951564
56.50405269853799,0.0,64.95227772517879,13.02424118304169,58.93101738217806
44.160751163457185,0.0,42.361915021400144,28.873129984333985,33.806233092229846
67.0974261267207,0.0,69.91043106726526,27.392077258901004,55.3976943193442
38.57094663298286,0.0,32.56756191512425,19.624463809704395,37.95490531350622
31.89622251788624,0.0,16.21924747154145,10.221142029457246,-6.673259365551676
62.30526257467025,0.0,71.85251152565323,18.839819311829807,68.11322966866646
26.17522255315203,0.0,33.20388633186518,15.186836459066708,19.921208001758178
48.29873607347747,0.0,41.7193688551253,19.11399789247648,32.246669144743535
83.79278990147064,0.0,82.05187261191452,20.213272068744125,84.07759638355054
50.35120645677445,0.0,59.41812147707858,1.4363176910528583,40.465368680959934
38.50432112438452,0.0,43.59982785376845,10.96223805685559,31.76280403025428
49.86659303307572,0.0,30.329238832119678,27.897178068117924,35.52486435742772
49.93707950887355,0.0,48.45806080682561,38.25047754071801,50.94014701593048
52.19646265451255,0.0,46.326929553804874,-8.653799331102391,44.72241148917612
57.55627417087255,0.0,65.14541264606899,19.69735055500909,28.71878432516771
39.3768330367415,0.0,46.411621047337185,16.244489754915474,15.545528313847555
68.5116008554424,0.0,78.08780702191366,29.523149817787285,51.344182099929604
53.098976995382,0.0,37.15877320637233,31.109164653402864,46.35011178867065
58.245798390662756,0.0,45.74891273305834,28.952270536849962,54.15409957933866
43.76802193457815,0.0,51.60591288882031,-2.1294288090006006,58.71498433162323
64.22508210621484,0.0,53.66185067947396,8.700773463353123,41.526870838121695
47.73324962996934,0.0,27.615378858256392,18.340142510298335,49.98509072828938
53.44558439894242,0.0,54.963965428773626,31.034427622819134,22.121174019559252
40.509513531763204,0.0,30.82454989738017,11.988044813819224,29.292067649924224
39.82752784716329,0.0,54.88319688819698,-12.643436057859645,38.89418435611744
57.833471845014785,0.0,56.77475813880884,4.731733316999556,53.24183526189984
45.739887311046886,0.0,43.451029801514736,22.586207892685565,33.044521693774385
41.35666431481019,0.0,33.5403454903861,5.519655052415485,32.01472479891969
43.607381978662566,0.0,56.492764229416764,13.331821211767762,23.803907180115626
57.94831334880134,0.0,57.547585816063446,34.56471859974653,61.347550618477456
43.75852858910309,0.0,35.485491285956314,-5.188431555011224,36.09364505518536
49.22273284000663,0.0,36.775621076286924,8.91837907939637,42.081779075321414
50.64046744246124,0.0,45.79404528628686,8.166771830279725,37.897110266400425
29.992729672582755,0.0,15.934220590071451,9.195357913892284,12.394939866448045
34.76068463237092,0.0,41.85200808141536,17.698833047699416,34.54769915332595
54.07307395570407,0.0,30.810182294758075,-3.437976176029977,59.32260836203194
42.604623014775186,0.0,37.19769594194469,11.040486895716112,15.213138305153496
61.771159778417825,0.0,63.96670422247669,33.902495067940976,37.40160565954467
60.810374357231616,0.0,60.18648241555374,-5.0128227329799735,56.86720120376721
58.164320047033684,0.0,46.37597831390685,18.76254036500712,43.18419390015903
69.92443150945351,0.0,72.51004783456382,9.000751780650194,65.82107165509191
49.59207156566274,0.0,36.16558076024751,5.91798987342537,37.362098796156616
57.41329555300706,0.0,52.99089616470766,-16.042887370638866,56.52178846837798
44.235480478775905,0.0,47.17415760073262,31.64072482681157,33.309955756066486
76.6838385343837,0.0,77.06491863615979,24.833833784077832,55.75835674271275
71.67532041899574,0.0,60.10144568859732,15.720763732313513,51.99858323042897
50.60683789557946,0.0,59.20964664175521,20.14225380501871,43.414370996252615
54.61062621442253,0.0,51.39067688654978,3.028996048897749,30.457298020107103
65.00419489307555,0.0,68.54996467483411,7.403402521581853,58.83621128906412
48.9076856983151,0.0,61.04860839694132,35.86562396021412,45.428332548936105
43.46376575089344,0.0,51.3432733242008,37.077723503971484,33.08611157895413
59.81860684448553,0.0,67.44424078191732,12.235959668994763,57.592858175346834
51.31802890341542,0.0,49.27622410436317,30.9480804700574,22.80484155727102
52.435217129077515,0.0,56.73632332403036,21.538483254224676,34.17358911134654
41.56557767283972,0.0,39.91294784437961,-9.375758914661887,18.370184307326763
32.12630593314957,0.0,15.579596187282663,-7.71916986053359,29.001485742648455
53.003111154134125,0.0,52.09693768774355,38.690948679821446,73.8880193438162
60.14955047115863,0.0,58.629585065949044,0.6551009385420059,41.57114035483107
48.06711424858379,0.0,50.219121615894444,46.2636691731571,37.80862010923823
65.82836117201883,0.0,60.143603027760356,15.83057060673448,48.72730061964222
42.958440829492396,0.0,30.964394652204362,33.589246839140415,33.75372334895864
39.210216401763596,0.0,42.28473927577632,4.947078180113677,23.949830866227934
49.76152760823324,0.0,31.811386088490906,26.323817674924506,40.00006453330003
49.597379440396736,0.0,60.98274942213134,34.61996059078437,53.4803505900655
58.70712645479754,0.0,52.05058730116274,39.55499803784685,34.19005758784012
42.19929820377124,0.0,40.87364347646484,2.661067295536892,36.79995817905331
65.09818829990654,0.0,66.69073078330474,11.398698880448089,36.41159437891393
71.49670004886426,0.0,73.31909948973652,25.852849507773765,62.52164589281488
50.06163377707302,0.0,31.09355741387762,-3.109110999988932,32.44306689960439
63.83323924387304,0.0,68.25722243984104,26.157136513467503,55.448714740443464
39.191062031253736,0.0,38.52694304892605,-2.3239295794139228,26.496083702826986
61.96879907743377,0.0,50.98288495837897,37.01800094250157,45.46828655830018
61.670201092188776,0.0,49.47885178060224,13.562904236513385,47.64380873432388
59.70585209152429,0.0,51.9460990159387,-4.0341578113346905,53.17338655505474
50.313599681167766,0.0,32.5077110947727,35.096469051733266,40.42844369889622
18.91329514007874,0.0,33.61442001246067,0.681976242503398,14.777845624838085
43.62294167940677,0.0,55.40034981224473,12.088718356065478,31.743461098766904
43.79188596112276,0.0,44.62041612787597,27.192837055937368,49.25290688574112
40.02709109795224,0.0,33.77690865177365,21.983871469476636,48.634022229707014
51.786078713736195,0.0,45.611705556949325,5.428754127070178,26.121706368139385
46.00320561825684,0.0,50.035461915739816,6.6481610688668535,41.155672678580494
41.668789115849705,0.0,56.354545265948424,-5.079195417776059,31.848921026488703
39.166453297158604,0.0,29.259345225746227,-11.407620463924442,39.11899542493072
42.834528755817125,0.0,27.074246028265645,19.398179997902076,29.561856098004107
62.46328301529839,0.0,74.56708093555058,27.559121036727547,59.83218966506959
43.41674057045046,0.0,20.561615353021217,22.28617233307196,34.37172469862541
44.97769538257914,0.0,30.33448728440887,30.482651360241494,28.6374649230401
45.600010287591616,0.0,39.00567896174308,23.678361344646838,56.39380603129965
54.1020908164865,0.0,33.46192666162992,29.60494914713302,46.66435824950671
55.35498871044507,0.0,62.973001429790784,-11.155941822025131,61.82969330898642
17.947276227995054,0.0,23.508259855425294,-6.75882274100209,6.78465524220138
61.39622103313354,0.0,51.06000087741669,35.038625817564494,49.69643082120713
65.82770419209095,0.0,75.03749309951507,7.419657127412496,72.02395852571279
39.258491037363214,0.0,50.720994867553664,10.571308180183228,43.013268032132274
40.09073927059788,0.0,35.00582860617887,17.057012096335654,14.429293207529183
45.66886783419221,0.0,36.91674751831785,19.043113596384416,36.468548490010065
42.4018759096959,0.0,62.38451258418473,16.204024054659975,45.995782700198205
52.87258629789494,0.0,56.39611960437808,25.20132730474314,44.67759879709369
29.68097540472922,0.0,28.68501258424976,6.562792985858826,24.841164860588506
38.53466741143195,0.0,49.10230854765382,-11.733369282145535,31.99203556413218
66.9264494435912,0.0,65.77204052056192,31.629342463632643,31.885969468107312
40.561722357298216,0.0,31.31602487940172,14.008297001603024,12.896589146997844
63.76611360185623,0.0,60.31944383963655,2.31927143604133,68.02313677620282
54.27673622308125,0.0,61.135626785282085,36.97610887281082,45.76678339280186
31.147593400214852,0.0,6.333939516828114,12.3445036420049,16.835361283849668
57.268482567770285,0.0,50.03766056326147,-0.2737904796051609,47.706548910942004
49.222600658366765,0.0,59.812753479746036,3.2396182581007036,34.23589108192866
45.61315899493392,0.0,36.214411698199,4.823536970437764,28.789804877779858
53.09729738353561,0.0,65.34607793366287,8.926709655431342,53.2931340717411
55.551424510215206,0.0,66.36794111574689,22.363478847687087,56.75996662290103
58.04061970700275,0.0,53.1508936042347,5.843545300783157,76.60376850469278
63.06970423017417,0.0,52.77085760432618,38.26318688899896,47.069270537357205
54.84088784801468,0.0,47.658955862689076,32.58051095099508,66.02171386454458
35.781034534607244,0.0,60.16323116733989,16.095538940101648,23.58708296142062
45.41892001576061,0.0,61.273902179715165,13.288648573418284,48.159312757897126
81.92681198207731,0.0,78.64619380293934,45.93971332209135,77.56265342374469
58.22119063535407,0.0,47.58661525499396,15.812632962825894,46.170002233585
75.7960882093326,0.0,72.53263013118101,19.150912609320436,68.71476870745981
65.39031869910522,0.0,63.64752751858061,40.41187059168439,50.33622909516724
53.06358549850912,0.0,35.7963982937853,21.34133146871573,51.49434440487766
53.70047395493842,0.0,50.42578758936202,7.577156592901428,34.61359113988523
50.089030368460094,0.0,60.02247513916872,9.345169658370644,49.229310795952344
31.911187461189453,0.0,9.12479655669732,-5.135972259696388,25.333673337034586
50.67273128174619,0.0,55.349642580655704,44.048422905732664,61.57649340971934
63.41613507093159,0.0,73.67460997556427,22.61402768972194,71.75921729276044
44.07264925515551,0.0,34.185216720186126,14.148571860231634,39.96815750331971
54.88167399453773,0.0,68.6665065091444,28.02899697296386,43.60205496302059
59.57927327933834,0.0,48.05170535868661,3.321137556638014,39.11612275028496
40.75982002939006,0.0,41.52818559573688,25.55678007456946,18.29237884537003
45.65765401773902,0.0,38.42834652813226,4.230859985561363,19.918336741713382
39.60335481395016,0.0,32.475879577457256,35.256988125173535,28.8575243402844
41.69492930417319,0.0,31.248010625793473,6.212668825314313,21.028764128146285
36.721635683703525,0.0,40.28414320882662,22.507339500272856,43.99705316930394
40.85846511539827,0.0,45.939422420443016,-25.025168645674583,26.689330666017554
65.6469931275586,0.0,60.63806838773554,7.22276500992168,58.56985740701789
40.69788258746298,0.0,22.409623599475182,5.933171332988363,23.363069112004517
51.83112960600204,0.0,52.00778128893225,-12.427795261843055,26.65245863497759
45.1066646605397,0.0,45.5984478989056,20.96104991411933,50.67187365036554
63.07625518445464,0.0,56.50009931642078,26.779575969433292,62.84811955851085
64.48986187423347,0.0,79.94050492967901,9.183986247005224,72.46833249860387
59.71261260791921,0.0,38.93889664137241,20.295976655481,53.69288014515442
53.75098783204867,0.0,26.166452736773547,28.60901310315581,28.342677047451794
48.0109874137358,0.0,36.25399340686516,-15.545656453987473,27.23490743332393
37.74453146093325,0.0,41.41481408908446,-9.498108380527192,35.79744785884172
71.2467948480204,0.0,55.65082796983563,22.137968812598892,79.43977070296108
42.36267210580495,0.0,28.056093513101274,11.319834882825882,34.47211549163302
57.571055634592305,0.0,63.44596670885787,18.51795308720341,64.25870988700788
61.80151267619206,0.0,62.43486805686122,34.20052605584361,48.42204397296386
44.5466372259092,0.0,44.57238725450569,18.910505791147838,50.03626035378153
61.57121511447917,0.0,65.58275046296744,31.35906075573852,50.526822942058324
58.64562776424005,0.0,49.939731939622945,0.34881593062942784,51.777220231280715
68.94344960300198,0.0,60.549276483414125,27.634830197560387,55.32605742642565
45.464855389750724,0.0,50.053580488487185,8.362310026337443,49.796115690469975
36.74024137929569,0.0,18.679679462610046,28.49850999730013,33.76757419885194
45.07865885861775,0.0,18.432373218290248,14.935727484103479,10.390734791318426
52.71152546302816,0.0,44.0221433198956,7.245068696824184,58.97532420501842
51.101905476731346,0.0,56.87496036037757,27.80166224857259,74.75272354691859
46.27594998774349,0.0,44.986280909438676,21.07401791560681,33.35003578711878
30.079828908139305,0.0,35.436089112674125,-7.3427038700508085,20.879375690499174
55.50707590036542,0.0,30.019072118583892,13.298750194446841,55.80808501000648
71.5546938875681,0.0,70.4641788974134,22.358506153818485,65.73699572259427
55.44048861984339,0.0,58.20772466914884,35.46990049155937,48.774003896792344
56.988599160738055,0.0,38.51700479624845,21.88778643220839,67.72641231258169
56.596558664896115,0.0,61.54687807469494,29.04987602194935,33.81769064533243
54.72239760388664,0.0,49.40314302457731,10.827282489231424,35.75790152675801
60.43488596848853,0.0,88.69647320032274,25.635701591733184,67.10622649574474
54.70452146563632,0.0,27.527336583802153,36.134974817020705,18.751303128783004
47.138890614357585,0.0,57.61736846695772,8.522318148966793,37.61724215386621
41.97463128286167,0.0,33.88404891299167,12.394988138271978,26.351281742188682
47.81957233813657,0.0,26.687374980640495,-5.226653407956107,45.43299734396486
53.83641501566905,0.0,44.1365000362557,6.50339250633664,51.97905972445556
47.1024992153703,0.0,46.03054466908162,8.877633050716916,17.725719210246574
53.838650207115805,0.0,60.692513866027426,2.3436215600126538,39.69506286077026
55.172279507749714,0.0,69.24615281830216,36.65433401546042,43.34753462450953
59.38254238148164,0.0,70.20877205697147,8.530556187682619,52.78057922616476
64.18675266978838,0.0,49.66951809442145,34.067086451024124,39.250834847961656
51.313414759889525,0.0,59.19161708629643,18.537587078524584,51.59153873736799
36.506102478137066,0.0,36.820746874347854,8.201580554746354,19.148822382883253
46.79240397390242,0.0,35.86302485407688,34.36255705168435,42.765882418518025
50.95070887201431,0.0,44.634080348536465,-16.15016927282587,41.23101002414122
30.86442574693412,0.0,19.624664802653484,1.9013736750524957,6.129512061365574
65.31798490021525,0.0,61.388891472027446,8.377168200590448,74.69690647012328
52.00122326259884,0.0,40.18800883084439,-11.356880442074804,58.422636950528464
54.55470659073993,0.0,39.54072180976202,0.8503929208261916,46.114294293111186
65.07075124174301,0.0,65.82318759199711,23.70853749645969,55.53565479826973
43.7467218282148,0.0,46.449263214533794,1.524850499774228,23.10240933164789
56.61361884255536,0.0,50.456799936531304,31.45245256113285,60.74631532254401
49.30597881178379,0.0,59.73167814813496,11.788051657488026,54.84513696449762
48.512897523120905,0.0,41.72481473741958,9.789524875205874,28.3540397899376
42.228900735866695,0.0,35.10091068693768,6.3987238005436735,23.11233297184013
68.27711689138472,0.0,70.89352138104474,23.839865708324787,68.22138236260898
46.467618704904126,0.0,41.069212435399464,7.344509125383732,22.0740491431571
57.95377533319784,0.0,54.65621660065184,7.558654516776151,41.86705883517215
30.44515501357578,0.0,0.053920437490742046,18.37504431164388,-0.9620233278471648
63.088250257404184,0.0,58.981830272646185,13.581543600720567,42.3416701497417
61.722929617421514,0.0,38.128877192002925,16.22118489024841,38.57633851466139
51.520991911708165,0.0,34.51746430527561,22.069864182452143,49.94924019270257
48.0549789393309,0.0,29.90088524809032,18.60554688735025,12.68142194054461
54.75395444460708,0.0,39.582167152672724,5.205622030321768,48.06645469839072
74.93596938910063,0.0,64.64119557069547,39.5263848094816,68.95493357733648
31.639441792131592,0.0,22.749704696244997,12.668826151110277,31.903899160597845
58.83597502769019,0.0,61.654932281259,22.547028961487364,55.68226968408967
40.73912435583719,0.0,39.19374227887404,4.015280662073284,27.05265419169959
50.267062559976665,0.0,26.08843424140756,9.598186812155973,24.94826521174037
47.83125693849702,0.0,44.69200948078799,11.147347956072492,51.252417442596006
45.90324802865249,0.0,45.283401866495836,-4.427153540252057,43.79226476099353
50.36807215588995,0.0,42.82708497478344,14.831849581032987,34.11678335317684
38.36110274960126,0.0,33.859206923033845,21.357501883094486,39.68573553646758
61.47684287907542,0.0,59.235121360759486,33.839976446563526,48.20225885894837
31.309197809884346,0.0,35.663486899829714,-0.4561636497343393,23.462807484871472
56.247359425965406,0.0,35.417408779585244,33.61108458526167,34.99523270779944
46.99080848347591,0.0,40.39942634096606,40.38643960875129,43.60830998351876
37.96838336589218,0.0,50.077857267941965,4.114592990115481,20.541575719423697
52.642390693468414,0.0,63.529263723145,26.379729145719452,44.560709229647145
33.843634880754266,0.0,39.06787666971777,-25.58316064672813,18.280621868058994
50.90424186403786,0.0,52.51110165993863,-2.0494828872290896,46.9083463228982
35.276237839998544,0.0,48.98009425059523,8.374951670486384,35.4016438878248
55.40865590908199,0.0,71.55119045644997,3.968925108846612,39.05815862092432
40.60299518507147,0.0,35.34092467585315,38.754151465606995,35.583152275504126
45.66095409818812,0.0,31.41970314739563,21.223339046730956,14.771795728154256
53.62078749212942,0.0,46.64044289119964,30.783023032404913,71.28416289458407
42.225163881420286,0.0,71.06848653085063,10.500926962297134,36.19143336985106
49.860539511159296,0.0,29.19895887333245,0.9694170248545095,48.852170602037035
34.304384883818486,0.0,25.537592680863426,-0.7541058103809304,25.21762071693032
57.220895265079065,0.0,38.0903788510362,22.73608103003967,47.11537292712962
69.33826564472163,0.0,66.26767007631706,16.821730409013547,47.37636008803463
80.31506936996553,0.0,63.00918614035627,41.301938431991815,79.89742003197345
51.4540391388918,0.0,46.220323515288804,26.007052154195087,42.74059122960236
58.9019745737535,0.0,34.05602359862987,20.145537403722194,50.03398689615812
31.453637964566244,0.0,34.25019410783302,-20.736160774245846,22.025076247394885
66.53683809979415,0.0,75.12843592159979,48.43552478342144,64.08816805638477
58.77401308393842,0.0,50.502384488683454,17.00810512329452,37.97465376340357
45.308991309337145,0.0,39.90190923717183,50.78296979559781,33.59490251264829
63.69935835280083,0.0,57.67655086626074,31.907234430471696,49.76043722864813
47.760778130370376,0.0,45.65566076073243,10.99365429895774,30.32066883519588
45.58582502202725,0.0,41.199958158864256,19.067486916139515,37.78809148167873
55.55891950163303,0.0,59.533071340911064,-10.217025810109167,53.85176220145324
39.11778935896928,0.0,48.29444605453914,23.66221803187549,36.423448478341875
61.39610937941236,0.0,48.527988215801635,57.61852645308864,49.186553017889324
39.19648216746821,0.0,32.05133218865944,-20.195317576563774,33.565712067916266
39.25989877981639,0.0,44.927216066141,5.230213911397989,35.405256828967545
40.75972013288125,0.0,21.817513924749715,8.620177776845543,27.751872917610243
58.59526687177955,0.0,33.53634073872969,32.24019444175451,45.84675734917154
43.88955526015703,0.0,42.33151722409762,41.501358117679814,49.91613689121307
36.07635401391177,0.0,37.51009493606212,12.92608143499303,12.650801653646768
44.008110883394906,0.0,32.41031882179389,42.071223567090115,28.259152047529703
50.137516052820466,0.0,39.95424533090085,17.66017046450895,43.4462817165149
37.861023342650164,0.0,25.96807437204798,14.872780970181221,5.810842600947243
38.17400612815891,0.0,25.146283783813985,13.308867100372225,42.815742664555785
73.03941555680461,0.0,75.92311680612474,45.04115616346411,70.87714396982693
41.28462164129335,0.0,24.88531046325749,4.441845326255749,39.81071643199235
47.028136887916936,0.0,40.21172440403463,25.08062633077722,50.893652458935236
46.55591053422672,0.0,32.97748685301114,-4.053868065155676,39.5114707659344
45.97763217921721,0.0,26.589874940490105,8.963138783006865,4.117174607090135
57.119077910366414,0.0,62.14633175101743,10.12271503675594,53.1483682073027
60.61094504015321,0.0,50.86988007218059,22.254096806459096,53.214444263814606
47.21072409196476,0.0,45.19474542520025,9.195879178910182,24.999509448535612
37.26793541039328,0.0,17.47151774774672,24.139151391066587,0.19929488029799103
64.09748099372996,0.0,51.946124332309175,10.548851282061893,59.33419742461609
49.461159612860854,0.0,53.41297371169181,-9.51031903100591,27.189630051939837
68.96864497173101,0.0,91.96125816666135,6.481502733386126,95.16040945537335
26.48546736478576,0.0,1.9210323037485075,16.26906593555013,12.837350452738502
52.56780673817148,0.0,46.337655781746065,2.931493872243111,59.89351309700503
70.98049364647068,0.0,70.92397179687292,32.319843470305905,64.99112793289673
46.70521272224282,0.0,36.184749559600284,9.218098737964556,44.82995416139731
48.07046218170593,0.0,53.03487751407516,25.73742459788015,42.265163350905745
53.63748094381886,0.0,40.34565825817052,13.930167332402668,54.58167432688481
44.509075476792255,0.0,42.17355699681181,51.11939858551541,10.134603879092595
47.14535767001834,0.0,37.61227244676701,40.36163882169737,47.305294926623944
46.8702880737386,0.0,55.76952584572884,9.02103307181271,49.855007528763764
43.77580783426155,0.0,32.66807903456189,5.3908511365594665,30.211543388307824
63.61041247665604,0.0,55.59489038168757,66.80268819674649,49.19558089044187
55.40658243376862,0.0,61.26232237861755,2.9515254124380803,45.989282717842286
53.15789436411925,0.0,38.16747798637296,16.143088841626938,44.531714894932584
59.11959763045057,0.0,55.63216693026455,20.511288079001044,66.02116158379108
47.655211431409825,0.0,24.352601301126974,13.861304513321421,25.926889820476546
42.2074082950412,0.0,26.771685469520897,-13.601117161294798,7.9043865819621715
44.040761451877515,0.0,44.12886969836,18.905735695003244,66.82303830489332
50.498945713776756,0.0,35.94941452880939,1.7833002264596818,46.67230642175428
39.16205571473103,0.0,29.528276097097557,29.46196257428,22.760454827349683
45.134528727242646,0.0,46.377876121121844,-8.00803799512007,52.17012118839763
44.965108963565285,0.0,34.86519725993472,13.253772584708434,45.36843509635443
73.18109955604909,0.0,77.43103040393271,-3.305807449325819,74.4066518257084
20.841259841058747,0.0,19.56717454114872,-31.201213490054286,4.610592712811173
48.56062965225583,0.0,49.13760248748078,2.5640034871703996,49.12579449647469
68.91919385349158,0.0,77.66681936196395,15.741760927203211,78.66227485536092
51.781820248891904,0.0,51.0773891850192,36.81668925390692,22.38578218886749
58.53027375085086,0.0,70.60871409830773,19.299054144772267,57.75309017844576
51.54655298325361,0.0,57.10444269757149,34.24503125702325,49.222678767305986
43.34933514299419,0.0,33.86697438319673,6.175969154471182,35.4926758264822
26.524681477287025,0.0,36.55411344938066,10.8218899575804,20.648579418919024
52.67521886110315,0.0,51.363306317645566,6.430044670083397,59.43302200988221
42.192419310967075,0.0,34.09256924452475,-0.2893833605637077,28.714150383156547
41.92818831145927,0.0,40.954879112246616,-14.912039078055766,33.19262961172779
45.1481390527416,0.0,52.94370027719502,17.2477183797879,43.26995069119417
69.12400271743807,0.0,69.55194191381207,29.3864407328876,60.539022500862664
76.17594793707521,0.0,90.95100980271857,40.52254275364461,57.354971155773015
52.80079344206668,0.0,60.19168540604843,19.750755901057612,50.07127923790621
45.51378529133307,0.0,47.068827366677596,41.269788981889974,40.64529003014334
37.90105062893864,0.0,23.194067480616884,11.013993096423224,20.199313333082877
55.4863164178467,0.0,49.4321167264678,32.17460991295462,44.54937835405508
69.53051070097221,0.0,65.89473554274538,21.349433805965404,22.27445517815402
47.83702405744137,0.0,51.187657335498855,1.1923303849463007,55.945192520529446
25.05995972789613,0.0,28.17514095982246,11.5896643214724,27.656998724622383
57.639476132172696,0.0,55.244025321933144,18.125245633624832,32.91475874456729
61.009039188249915,0.0,58.035089982154346,32.958220194269586,44.61399851973698
33.53489218735654,0.0,37.38378257050229,11.107340262809483,43.784500784347586
52.36565394854124,0.0,39.18192138210889,5.3081893614298945,26.286338882671373
55.301312145170535,0.0,69.09310213253602,33.235652042934845,57.985794292565195
49.698731026298624,0.0,23.98401728043063,2.740841207424774,27.910096706101946
42.030386308175174,0.0,53.50991090825231,19.614787753864697,42.227781083862155
61.335337141982336,0.0,56.60417068850902,39.47270535772018,53.488174546212136
46.16971981419651,0.0,52.786418759004825,7.658264447300836,36.530871853967845
34.610453990512106,0.0,34.66732167007705,23.014867269146055,30.556216668857935
28.580947578341473,0.0,28.55317442484124,9.014327587907797,13.072826564386826
63.95226221675121,0.0,65.51898789510916,34.856216280018984,35.29981012110966
57.06904187136213,0.0,61.45037886166223,7.276715878757198,39.47567470039582
51.419904357769774,0.0,43.858017575187006,18.983125530907166,28.31218129178933
45.77549230302044,0.0,52.739902580771265,-6.9810109307946675,19.726694165648667
44.82746527023969,0.0,29.383291040671317,36.45519888103697,36.55890864081738
38.98548422095876,0.0,35.060697835963666,-19.251092270855708,27.027177443818896
45.86972457472,0.0,50.72861607217539,7.913927826103322,43.63066969334492
27.826439842363662,0.0,34.67882114249858,-10.132729026945155,27.00336404667094
42.61494174801322,0.0,43.55989887570023,20.63181601629096,43.985821616961374
47.15747907403943,0.0,38.98579776981286,40.732272832451656,41.723856053401875
56.996554556929645,0.0,62.30663821253354,28.256979307563782,39.03171833524128
50.053273325280635,0.0,38.91155626612665,56.94156824626608,46.07840731998833
58.97376782130121,0.0,73.29378255357605,0.6973496512580866,58.87311493460762
64.89560709893188,0.0,59.68535413246441,5.033544503248354,83.86531168619321
61.786601773332826,0.0,41.2343573871667,9.075248424379094,48.65254274020845
55.50736281004288,0.0,38.71317023678645,19.91824027610452,47.75011537081219
50.60664817710757,0.0,47.00006993868485,1.0452954924557467,40.53551496597311
40.00002485660951,0.0,37.59373361639517,-0.9051221553301119,31.339849449162756
58.38630819053724,0.0,75.02580497361596,28.53557444158114,55.94586582102203
68.42824947982425,0.0,53.06432992505262,7.848899497716854,51.809138690913095
54.13534862770184,0.0,50.42379322788145,1.4870583444671208,47.67816262438
70.96609876538061,0.0,55.33711554592753,21.08957989203587,67.63127292558313
34.17892830620847,0.0,25.180279468310232,2.197732242180585,17.265778526492085
38.14748263491404,0.0,52.11235311017619,22.90169687486057,44.13461293147526
59.61785161247032,0.0,43.370311628510926,7.777281034397072,56.45218922327591
53.30387467401044,0.0,55.400810402409654,6.848757571443203,35.34604128154071
64.51785568949477,0.0,64.36756414447221,31.35845836756949,45.62732790101853
50.31457681846708,0.0,45.99544512377585,26.648774115056696,46.784624002509126
41.205444466196205,0.0,42.79523731883454,30.482614821052774,25.896352239607403
48.19761742399281,0.0,31.896016005083407,20.803029039437334,22.242951411225768
34.102932697598845,0.0,47.84484147415107,8.283115517195876,50.73868989975978
38.42073094218857,0.0,54.92968388770527,16.92232333006902,22.706012829156826
60.870605421971426,0.0,57.123999752727684,17.38899228963185,33.645346946815536
59.80575969602263,0.0,81.21896941134834,16.700124074698653,49.36117330988591
54.35864955036848,0.0,46.0033991333399,-7.421757539052596,47.1884756427198
32.08991900987988,0.0,32.57735794651467,17.92944578373544,24.057185275755934
46.65029702467447,0.0,57.80142987946169,16.32176510070191,65.5104213701074
37.39058383517372,0.0,28.69272921586956,19.202691453037893,16.439728184249333
63.05133010974383,0.0,44.149995369439786,-17.323632685695884,53.35519182524302
44.24273401966327,0.0,23.22960307718329,11.355049778896174,43.72143569060389
38.87851449978214,0.0,56.818462564484236,-2.9901056118945704,27.4653268268006
50.79827019739428,0.0,41.12874562716534,36.77831262650243,48.87198242311088
43.63974607684788,0.0,37.72590120715904,20.342724568051175,10.693665775322508
66.33392262025086,0.0,50.22022097823006,27.460620100826496,76.71839833618253
42.62832763538926,0.0,48.73203426759589,5.044883194750502,48.53691702342668
35.52892724094805,0.0,23.450016328463796,12.827101509524503,14.51794539063615
27.47568583572564,0.0,18.607132327661983,-10.27585505988255,25.724401217748117
50.1509351959445,0.0,49.2597419248498,13.860576154973884,58.44509825103253
44.4755850590964,0.0,29.253589409716582,3.9966687994181793,15.553291444241133
35.21183096414464,0.0,29.518741594752516,38.99408614324814,17.121100197676142
63.186958958869496,0.0,73.73943223952784,43.14430962093124,76.27519596262118
57.60950936326778,0.0,57.95213778741318,34.34511074584391,51.25316945278573
50.178381327805965,0.0,47.498685768226586,-5.719985402067241,46.98574559006524
65.05792672637506,0.0,63.01439463922229,35.635982952654714,58.53714420831015
57.55919176482114,0.0,49.25353794657743,21.981897407507425,58.865530996006036
41.68755339911105,0.0,58.894809927136166,27.85506349662571,44.878589685586576
39.37566840195962,0.0,26.90678936075482,13.886985166329627,28.339428865055375
59.220150653210204,0.0,57.23541561065116,20.155545580649363,25.196443765431553
54.71513476283952,0.0,51.79316915274247,21.068709330294844,54.31284899191553
52.29367432401533,0.0,58.87039714185482,-9.000855236153235,55.711575485904774
41.4349360934075,0.0,49.19755372234502,-0.3383210968111019,19.873134117661124
56.97590571272974,0.0,52.45909108611441,24.27771052939599,33.63693188458072
42.40727336800311,0.0,41.55566713605868,27.065903360910035,40.23780511052497
49.39015075890515,0.0,48.81906425584011,7.090396361459937,43.76196637834394
65.94071155621256,0.0,37.56590676803299,23.368716265192184,25.98133541449759
43.41877949848766,0.0,22.660318450603704,-10.994669571852757,18.570054811746367
33.672264595162204,0.0,23.492889775127068,26.773476800847313,25.519634599517744
39.2332670855,0.0,29.418105173065154,24.960102301325353,36.11128761805076
61.10412758580032,0.0,44.16494699437105,30.47482230101882,41.623910273231715
53.20173452998596,0.0,57.020335066979676,22.675125566176842,44.905137063172695
49.10281928887602,0.0,45.082726982292186,36.5678151232868,29.008026314256327
45.04014903855121,0.0,38.795787471932385,1.1131081956536857,51.48737781024666
55.66603795783408,0.0,38.218654958946615,5.428956208390359,45.121953937678605
41.40707938837844,0.0,37.02567233111414,25.4189115014996,23.303230372294585
53.74597666188152,0.0,21.829480037466645,31.253180196843413,22.072188043325472
42.666327547766706,0.0,37.010285664577744,-5.66590579650531,16.785771483218788
40.888266817050365,0.0,37.65571065183254,2.6874763573806195,54.0421324935368
43.66824361197966,0.0,42.27907454644745,35.505165155386834,32.7981722126617
46.46860808148983,0.0,25.921006079232633,19.043177242891108,27.172115968607063
49.958139437590056,0.0,48.27979267015418,26.252316472125795,38.94724434892335
52.99577457108296,0.0,37.866435447059104,0.49648479122585343,32.92019722566521
11.069150470500709,0.0,-0.9158610097226081,3.040170193562095,-4.474367195375473
41.85002480608264,0.0,45.5290820289687,-9.299896898996874,34.98875790446679
46.29590898501159,0.0,63.61390956179294,-14.751756185127874,43.62962040931044
66.56171005918753,0.0,62.762170254617246,34.52719457421709,42.97878570878656
38.939901791253206,0.0,26.426268055730993,29.31811243565072,37.67307451793085
52.219400232187475,0.0,50.11965610735926,12.826411292288965,36.9996503019464
66.45451951297258,0.0,72.04964513705221,16.524334990860087,53.2477749319045
36.45062554590804,0.0,39.196912220419584,31.845015485245575,19.705587611084674
54.689578758187906,0.0,79.57697014852951,15.015438799700691,41.58218277500501
41.907497286719035,0.0,30.419532811355943,9.808581159320642,33.3634106095728
45.08780548915846,0.0,43.783367957174434,36.35388336365631,47.68040849698535
41.898532444124896,0.0,54.36977952366901,5.7478507893669075,28.24309299564827
42.659887183589746,0.0,54.45395392514641,1.9325481866966694,14.87122667214862
79.56393824291189,0.0,54.36256173980173,42.92277903169223,53.35359343803631
59.50303286365427,0.0,55.24600075010943,10.37445014798169,45.449104528632226
62.25212998931466,0.0,73.69166218076481,19.878875813350703,43.3702567173562
55.73691875971535,0.0,82.16736399546461,-0.25325648646413157,48.83422627183074
33.31679597158654,0.0,36.99314265882692,8.62656983871296,18.53389597019555
54.700079531950706,0.0,46.66871922717659,18.725634739291326,44.567215399776416
61.94430949291107,0.0,47.00197888599088,35.38837754984159,32.26060462513297
41.36119068900779,0.0,60.929395250594325,22.51528551643788,46.082879855702615
60.79455566214241,0.0,64.26195067021413,28.88728203836274,75.49865289075557
58.00583299716436,0.0,44.83633792592029,25.138546339991684,64.58127395344984
70.26922274044753,0.0,63.71274033818649,25.29038180205772,54.582066832435395
46.01581872417954,0.0,45.30865645131473,21.582906680890446,46.02958682991068
38.75175364255402,0.0,40.64164608387386,-6.67358480404873,37.56291437002507
46.615842390772535,0.0,33.09688665866521,-19.777782159237375,33.902044795994875
65.81918768712747,0.0,54.98996641249784,40.25030069951564,58.024297491312076
30.94309918786503,0.0,9.72272494730857,14.209495103097945,23.862859676066176
28.378985068388758,0.0,35.69531958757315,1.5108060102265957,32.26164706688932
51.43509577795389,0.0,43.737636043054586,31.113933906129454,31.23549501525419
45.75075985302329,0.0,46.700292136273156,2.539579335573107,47.23417078678837
50.562467360819376,0.0,61.54436380309219,5.550490841033989,66.89123835009676
60.58069346012984,0.0,58.66718254263058,9.102654687202008,63.9194819109853
44.5756062837224,0.0,39.415625805403856,20.200463148317375,53.9715080476646
30.46654194913502,0.0,28.796744211672618,-17.858938217367683,-11.49976598785107
72.32548952051178,0.0,68.55198031413967,16.644999961224844,72.351782738039
39.82435797894184,0.0,49.12774449106161,13.673063748956654,37.386379469485576
39.16392119650533,0.0,38.581583045215496,-7.740941967602719,43.20721151411026
62.27330958372386,0.0,52.24358703986909,12.623327378138855,38.21134732725817
46.37156900988571,0.0,53.463807219668574,-17.975860633023974,34.108565557270275
49.802563454764616,0.0,58.768293988430074,23.611224472723286,55.90682219719676
55.63857943101818,0.0,37.3221364227306,8.5890853980724,29.4231755931565
62.05814363625042,0.0,74.01170720634263,6.319251426404,61.713862415765874
46.91681550969644,0.0,46.77110149284405,-4.760570744739052,38.60635784658682
66.72081162073654,0.0,65.3724851816051,18.47916849457844,57.205773011344874
27.658547966393396,0.0,34.636637998842104,-19.362688102269463,27.510142211145585
58.59833564137162,0.0,48.39298248174972,47.27979931572909,34.350913282827605
41.50941421800138,0.0,47.69401749336236,-23.08839578971712,25.20950276043739
65.1428210317413,0.0,56.837429766881506,17.15527391196791,54.11717329296424
51.997660473100495,0.0,32.29824512745201,17.787304969743122,23.340747843710936
43.28979800272978,0.0,28.78964979038055,0.5686987205947105,45.95257302698446
57.5624513732132,0.0,59.374247356233006,22.328441927068578,40.83522248998206
60.02374675999111,0.0,45.78887581977581,9.424150896514812,58.39517645188363
57.338629816444794,0.0,70.19128202926632,40.77770066606033,42.98171441156545
39.47743297982932,0.0,48.184902352223915,-6.3669872797729425,42.326025055573254
45.30809719003337,0.0,55.44058978473823,-20.528321171381098,20.12687220029617
50.43637476577804,0.0,47.691250633035054,-2.87525937673513,59.38033809373948
50.039027995428384,0.0,48.70895110713089,20.650716675235326,55.96994641972866
58.49103789485101,0.0,41.655775098200216,18.18774748491711,39.25450778097637
28.950368037973277,0.0,35.79151033040501,14.21307305938097,11.397126911072137
54.05222899078434,0.0,53.94371814991267,24.480386707915525,52.18103676794237
47.38139884606785,0.0,49.3714213035961,4.7775255212001575,20.91282513000114
41.52038724528779,0.0,55.47312858903571,3.6306265942854328,37.74526748726519
42.54630968957235,0.0,32.20469009476451,5.65653701653441,20.971242755013698
48.18752612817867,0.0,42.82601302860316,40.7403476191123,35.42390956293449
12.001752520840867,0.0,12.05442636938541,4.034339119073586,-6.531217486150073
42.986508101494806,0.0,29.151023586259136,37.98537139239947,20.499333818016005
41.12167926423514,0.0,35.23146898038309,22.151462337123903,52.15445895732549
56.1727631379694,0.0,57.22468890936268,17.679404110541743,58.830777270522375
41.872718735469995,0.0,34.51122413775805,-3.648227529919019,12.761389502294346
48.18137003125129,0.0,58.0056981054411,17.023164670904155,32.25889668720004
66.95935359386196,0.0,46.62178124331931,23.645839570003176,64.85835199041219
61.10469061987176,0.0,68.73614446726279,19.96628563049079,68.45097462535057
60.12080055764332,0.0,62.88495125046224,17.79864467156068,36.54359197482428
45.138680829534046,0.0,35.14537953374021,-16.41139194936236,42.652095296405
56.28227600678043,0.0,42.3346410459089,36.40289855331072,47.97041483614451
47.98066013607371,0.0,21.94510393643923,13.362139384819661,7.879142737292661
48.38460791806609,0.0,35.94037333844416,-5.634041552571304,31.63131023855525
54.8574437531746,0.0,61.79651872531346,24.641345559869386,47.76342768188296
44.10092650937135,0.0,39.551037520738134,-0.11928841110196586,35.0751168987961
66.43285851661102,0.0,74.3980860212351,32.135719397393494,45.68023490810599
48.7688787931588,0.0,38.172996698907596,26.93030192106107,28.111130563333692
57.08717019086205,0.0,60.389438371115325,33.44630657684329,42.97255701501879
66.0332057873049,0.0,54.10715296855392,21.727004206058083,49.025390455866955
61.503270875934234,0.0,47.03017897150896,15.674174884654006,43.61339661321979
35.425379107062454,0.0,30.4847109207545,-1.6419947655234761,23.409783006553944
55.23367383977471,0.0,44.04935360838536,7.877279207407181,48.24172070333903
59.56995955143044,0.0,39.0220421821728,20.19965954918142,68.32851130680635
60.00958546063258,0.0,53.850213695114725,17.734083959590958,61.88129185553282
38.5841693042276,0.0,35.84893364684539,-2.7209842962159083,45.55167696995773
43.45937237742692,0.0,52.93503769618607,-4.529549751921742,32.0301244242265
61.10689941093082,0.0,66.77053398767404,19.75459154857766,43.23494028319311
42.340368422804346,0.0,51.322988429250486,4.854711448680399,46.687410200309124
47.27759577768993,0.0,50.88891217164388,-2.3970270288214124,40.139489722745886
67.31836595351139,0.0,66.48187254547679,36.405011148215664,69.56197351894726
49.969151400663755,0.0,32.90774064578322,40.13767403440743,25.94876344164853
42.7142016330848,0.0,40.36750820865682,24.743182018351973,41.74841810301055
41.10241893380511,0.0,43.512534106228024,0.14427214170294,31.180742467727775
54.035050205381786,0.0,65.32942962112135,16.692717168782814,44.148801053208814
36.23500475377438,0.0,39.675874197639025,29.325018037607734,23.892517650857965
47.83707131924354,0.0,56.941375831723995,-2.5451662658147747,48.72599211289967
54.040512512753594,0.0,38.99301128299652,28.431594355577708,51.59257304990088
64.36150674360768,0.0,56.602420390135514,2.6699587596995435,50.61081320671168
57.612746247736915,0.0,57.96691955325303,43.09766501794269,54.71565081982205
42.84999943993064,0.0,51.199644483821224,5.189518054026323,41.29181479731629
63.07148298756883,0.0,57.25183709774,53.77775950588651,63.607052285889
47.27952999443918,0.0,42.39600594539527,38.039048109127364,50.089933050305675
37.276219229750346,0.0,40.70818147447645,6.690291719548316,52.19015458761916
48.64160560241792,0.0,32.6937138766846,4.298752162066091,30.07170564292237
65.8469499339265,0.0,78.52489851789726,26.636929823696978,81.18818529083897
52.245508673743046,0.0,38.84639695008636,13.878287595273605,41.96886537052988
50.61369167051498,0.0,26.24376394564555,9.861455662832068,21.772698397884426
67.97374866583343,0.0,63.71298092707455,1.6955361313519148,51.99100694092606
35.18564977190267,0.0,49.35478529395672,-0.20978873585798485,36.41261680513642
36.74307191049833,0.0,39.118795899104136,-7.751420908817737,37.72573752252299
33.214328757288555,0.0,37.39288402375256,13.731330285345098,12.775351579099267
54.46169610407984,0.0,50.764878063388544,31.60084542757567,36.283270166474026
52.258897992290976,0.0,46.54969973713009,26.861842409746167,36.19642791128938
66.96426598149198,0.0,46.26700128132197,29.33091608058899,43.275175555290815
53.08146181717061,0.0,25.0629446810158,4.857587650863966,13.507093351192907
46.16141303279348,0.0,44.246370271892914,15.967710370677787,9.771542832064302
50.49907213807311,0.0,60.321178426963,26.62857126672689,40.905312077516356
51.737615287725156,0.0,51.291186339725414,7.876866016315626,47.033302760449
32.61687060398384,0.0,35.456671540258384,7.306062978880727,32.59870494927222
79.44019880387182,0.0,91.63355505097115,29.31312364793739,60.36247495468224
56.03479441419584,0.0,55.35180453631433,41.92506107736989,31.6220663128545
52.72386430760916,0.0,47.32116904335673,28.679641073148126,36.851707102634194
57.05301422702685,0.0,44.21251571610849,27.64323862562841,45.864301347638964
58.06005769299189,0.0,75.26128574204583,-4.578411384457116,68.59087984888367
48.97805831467802,0.0,50.50932484293647,17.05683396356763,50.49072060091928
43.73498626078768,0.0,29.800208647481448,9.555343250750347,26.644489759225007
56.88511525245882,0.0,40.31604127871102,16.660701036178388,49.00911824680716
54.601272546045465,0.0,63.723335687880045,-4.319348726354569,39.32080704033586
41.826094966785725,0.0,26.93120978667248,-4.637820783663148,29.829743158268933
65.6425046219098,0.0,80.93154906571603,22.82138277593055,62.75692352148422
53.61440469936626,0.0,20.326935501848624,32.872465092595476,53.4779738072144
58.27812435005147,0.0,69.13079120462088,11.411016480920756,60.470397327912956
65.35277968222528,0.0,66.18263994707975,17.984835543825497,49.225735611844705
50.71377902657122,0.0,47.8984433492306,40.67372711592166,32.58009461525528
53.86657396928745,0.0,47.88547711938106,13.125226631588657,40.331650913895764
59.135157686380964,0.0,74.92660755544992,18.38864060242305,37.19501256224771
42.734642905912956,0.0,46.28342831980621,9.565971730917044,32.58905242067574
51.057443873523255,0.0,37.42411094512286,-3.1963089956668327,37.37172831323213
51.821399360436146,0.0,29.543580031845096,24.24151753240334,43.18776678233049
40.264262856678876,0.0,38.2499305447256,0.6321666735282481,38.77171113089032
75.24419464455585,0.0,70.74043962995744,28.633096538695785,69.0537068898977
35.44274952243362,0.0,15.552966808250076,13.444366981682204,0.21052997605318424
36.609456334534315,0.0,32.19582563625605,35.19746810184157,11.251078542749998
64.52260416169509,0.0,54.141661761063254,4.594823470653701,47.00980438440875
58.10125184056725,0.0,54.00217603548366,31.824300095597604,57.73407401588955
39.51730379210361,0.0,43.32107805607233,21.663491213343256,39.81415385481483
56.968868985640675,0.0,68.58492515385048,10.019430990402823,50.02604355954064
66.16409853126521,0.0,71.44529699012784,32.51452142678547,90.51787824135995
50.15652828328763,0.0,38.4620114321806,38.427670560483335,58.27950140171995
78.24871094002198,0.0,77.6082290221473,19.92838315344965,87.68191245744765
32.05803141908454,0.0,28.97664024429081,8.724924086362197,30.769808305644478
57.893502603106754,0.0,39.60387322579853,25.225416730977816,50.79545525991874
62.94442604640162,0.0,62.877565014485256,29.824489109818415,60.810161763946
60.004038578674056,0.0,75.4201572519998,31.521614171441122,35.008627543769336
48.296321680364386,0.0,44.61081366659406,16.59010557539196,26.100015445583313
47.37648231306869,0.0,26.49495605895784,20.976225665584863,30.25689184071294
55.22565224067192,0.0,51.39805123977371,5.210710603025522,48.192427032134205
59.196354202442784,0.0,42.13732017148413,22.54821003104776,45.28563847174841
56.91741379476121,0.0,61.87859021288771,12.272216494194067,54.467556018363105
61.593070133802385,0.0,62.88941655806121,4.224020541696191,28.710032970699192
39.59311345290749,0.0,33.9058019309135,2.2887254501472887,35.61204159286285
48.046126152277616,0.0,40.51761350149246,17.906176618597318,38.566194408635226
40.435680682576454,0.0,34.29659838188776,16.067579641990907,27.725528904273002
46.35422000919898,0.0,42.44657320452019,-4.695441834868671,48.65108180700707
61.327683028474155,0.0,48.903426292759676,8.195072983383364,37.47367240446754
51.63371823800816,0.0,32.86324174196284,26.29239364962853,35.268915416199704
78.33457963120227,0.0,85.83803205565933,37.91592632283557,78.313638543561
52.54647004898006,0.0,44.36660124621147,29.083169125965313,31.762985207689468
51.11771045641588,0.0,48.80807905749633,35.07218615640492,17.652936118191008
51.61447426581472,0.0,50.54742906064706,23.64993173689656,29.17462057549048
43.664810921096844,0.0,43.12333148294289,5.855846950630903,34.40918296397392
49.86190066370294,0.0,33.38565720844052,16.725438969756077,33.915893109860164
62.5304799612602,0.0,40.52408923457877,45.46021577092877,48.68152813978371
51.69768754302888,0.0,41.38131200026959,55.07159407097977,32.625610770966894
42.00165595652968,0.0,42.26855724662306,17.312911057468842,17.301780380285688
40.59522401466697,0.0,28.996388616114693,17.561001565281273,30.29266424538063
45.669418077972644,0.0,37.930426435206634,23.02930767806931,33.10428548009597
51.26913566090285,0.0,69.69918837319432,16.215701492823236,57.06395218877547
63.23354701394665,0.0,39.42061801462961,38.85654664698602,39.782226153976794
36.156568976755196,0.0,24.34753739791465,21.779746813136185,-1.4567904532280203
47.06250130734468,0.0,63.12388827938339,18.562251209727407,11.3730463760985
52.021868118458414,0.0,47.457203227447174,11.812689277584486,37.93259849500171
30.886469092808905,0.0,19.687146561284756,-16.750781131630124,19.908005140749605
41.57276942222197,0.0,50.02710338927305,20.872323166193794,32.80251588241559
43.21518136784254,0.0,39.85842070203739,14.453583990409841,26.828814152714248
41.97482934452716,0.0,34.36939889060413,0.37601175880229754,11.404804828802344
52.53026257380076,0.0,50.46430347066165,0.6510819737625813,20.66144481517517
48.76428984202557,0.0,37.76387683943522,23.824465991122196,42.09215253895849
44.546577328199405,0.0,29.81597680373268,-10.378281324120724,29.022508701730374
55.052739295170525,0.0,49.70581075051817,22.182285159413457,41.413577870568915
68.89120863763696,0.0,53.81033564228238,37.45232871374275,38.57107757450877
67.99559843406135,0.0,63.74108182754386,32.82199269600278,48.07477301354744
29.934785311708602,0.0,29.97230096962917,-1.3508634178426115,21.259012596352022
56.645997555449966,0.0,61.50026355211842,1.2297361995234581,54.298676690645685
48.57768776354419,0.0,56.47927470607956,22.673301119388647,40.98273962655801
52.13775204605908,0.0,43.74973868714026,33.27515313452194,59.12587334083398
46.22417896035186,0.0,47.515734113259185,5.037012584417717,31.32830059352658
51.736346013777776,0.0,52.860114306604615,23.28036713981576,60.423939893545
52.09770466548601,0.0,51.47244242437414,38.621949574648816,46.925045582054715
44.29370621383781,0.0,35.260601091124116,16.821718714337,34.66810743571611
40.90207029635417,0.0,26.122277353484332,4.590103879661364,39.58743409271002
45.68551215033497,0.0,47.01371529234044,27.47906805329273,30.15577045427967
52.98298945936067,0.0,30.812656927444,6.4288850514747224,34.53124142554674
56.880260511020325,0.0,49.86977296326424,0.6705649384527419,32.13095038527702
59.598057043772364,0.0,28.3538546383333,31.904846974565032,54.64635788962669
45.19939821481774,0.0,27.083024486991093,6.821066128325642,35.7246232521009
53.51281594927588,0.0,40.113078573238,12.653219129499721,55.56666051963177
60.76437998974069,0.0,68.1260760325592,12.264271911321215,58.47085310825332
62.93445208676201,0.0,65.93505675337968,15.628769531307533,70.68403684253289
49.851255669293394,0.0,39.93444620089522,34.87222532668306,29.6716548382748
48.11920462170261,0.0,51.81139926751289,37.57660429698615,53.59004894554336
52.522085107581866,0.0,57.81304741886414,41.863237269573396,41.49856887194876
38.19509472995795,0.0,32.64025306041657,24.056674154815212,27.875573867047446
48.4111466258584,0.0,29.73184465423717,20.880233814373735,43.89554427117114
58.435912374126154,0.0,52.03276543634799,-0.3640661270240173,78.30892754767363
57.33919619985468,0.0,52.1190922949719,16.57392502612583,58.672884996416315
47.592043258920526,0.0,30.534408960245514,44.25176070859288,45.83150097100016
52.80624568567024,0.0,52.58387800432249,10.58657274957501,38.29102589717449
41.66837954836288,0.0,40.71463265159615,31.940747474054927,34.91490042396592
57.99681407049605,0.0,58.51042090669944,20.353422145539394,49.68068089040136
49.6483597873543,0.0,48.547867129054936,-22.74978221887053,59.02311454806781
47.53131048714309,0.0,51.238630786625436,22.85165273965804,38.820912734519496
46.614819536225255,0.0,40.717584997281996,31.166078878846786,53.33565533515575
49.8078631312417,0.0,47.88839519944363,14.386888263779221,25.1277560145809
45.6942530072366,0.0,37.50174849706636,30.192251192992398,52.53182766215389
57.51225192061396,0.0,47.14017456520644,-4.19087358594156,36.309606664713776
46.25622891864138,0.0,56.42330504277014,-6.399501230589536,51.892409858506184
67.50095688971176,0.0,41.515811128375255,27.688121599464697,42.23610789480803
66.13589035532019,0.0,71.0776030914362,30.77435397384052,68.6486608783278
40.95361608825324,0.0,30.485153031850356,29.32756233243581,17.29331749444901
51.224694351549054,0.0,39.209191932282266,24.85949612646508,52.77142202908582
43.52752885450539,0.0,42.34883892492178,-5.194480622425274,45.42758178991415
46.9896148381754,0.0,27.221279268549083,16.53060921269105,25.454817441203296
71.87613518814443,0.0,58.80699156965324,35.67103439102975,68.83547862680419
47.193446355475274,0.0,34.198689657578136,-12.77057969744465,47.048347740122665
54.32896355154022,0.0,47.85379968969002,16.94720015151017,33.30964032636203
56.26399386925385,0.0,43.58931124102274,13.896626867629088,32.12166844245879
39.788016868822794,0.0,52.847945804030395,0.3448233935683298,21.814599297248897
41.34306866753355,0.0,56.449112829575085,17.453758678480227,22.330102859150458
37.59336148854674,0.0,12.353360353850562,-7.836537955519422,7.8059694090691565
41.013161831815175,0.0,42.869594298359345,16.118374220853276,44.64834678706548
20.026889183727764,0.0,25.57068504784317,6.594190060714063,18.72160396637567
56.298839290420034,0.0,57.87804110438655,33.91670152104673,28.212807151722306
72.42926675035952,0.0,61.02151219556199,11.678958470859381,56.34700104601336
52.05938069046569,0.0,45.3831081583532,-4.896501966655983,27.892126544547853
35.34684584127318,0.0,23.623273687515017,11.059923258895127,33.68070471471372
43.6117303987279,0.0,35.21673425270073,7.6379642745815195,27.169110694606864
45.57672488412979,0.0,28.791745296612753,53.655066278727304,13.066137611820487
39.60684579478166,0.0,34.51314071473044,15.931958749938264,31.61877193445923
59.671075749764604,0.0,39.544891483779665,21.317626329090164,53.988647103737
59.137645252442674,0.0,52.804720730852836,17.769433603721527,38.120648692944926
38.133715788710404,0.0,21.06821654688781,-8.50315684263148,20.985365014674322
58.2274947046798,0.0,56.21635645960273,27.650677229429114,39.095732260980114
66.79411878958393,0.0,55.257900727872574,23.297491472641305,72.1726963445192
70.80901695514193,0.0,69.46768388643689,25.515748889223158,58.6451937111691
81.09511916778135,0.0,87.94666831070312,33.60330500406185,68.51078694236182
40.84196523145322,0.0,53.760251145500575,13.267016023807026,35.63136188537914
80.65711773299834,0.0,49.32163730088405,7.522741573049249,62.895839052061596
46.69514460511193,0.0,33.86710934619418,25.161642185169008,43.33334995810934
44.14931029845753,0.0,36.984972108065456,0.0396486341160216,48.908680054937726
53.97471163690323,0.0,54.71928025493259,15.422273558247738,61.91552132465278
44.26047991417073,0.0,22.838204269414675,30.1490646385723,24.76352253638643
54.74374088229623,0.0,40.21220786742793,42.86539011478662,46.647091844205406
36.37466845804676,0.0,33.93058663010266,-16.268180185476613,45.417239178493105
47.92878584372207,0.0,44.804722446556305,14.47080224334884,58.05917034604412
64.21653502511532,0.0,63.90965048029617,26.841961562596723,46.353100517190214
49.87018508573995,0.0,50.50919277176798,-6.132010721875311,49.60918186959542
51.9928661299826,0.0,51.48343071768646,27.588011133065187,49.42346017429485
55.55810400325626,0.0,53.45364531858428,19.87592221073224,59.0373430248591
62.98859091073642,0.0,59.296904555798406,25.057329462532152,70.46980188332927
32.79356627065386,0.0,36.06589542538782,-7.203375945983792,11.742098910194809
56.72562189654216,0.0,28.85668748517848,24.697497683457502,32.299394427605975
47.61478623193545,0.0,59.93914209628792,25.68399014315099,54.67055084724457
52.26044486245439,0.0,24.837022968640152,18.219070463734923,38.12376952210118
61.80562215501907,0.0,46.12541587533521,14.428949865931312,22.248880028356123
37.719827953836365,0.0,31.473776450045875,2.2889395522325913,6.327121844822578
39.65963403262512,0.0,42.89685512398674,12.60570984723414,40.34474035234872
29.799530654640165,0.0,-5.604955083037332,4.768605567596128,20.290973296748952
44.61204697209037,0.0,40.349232788668765,24.972196708239167,18.259366984842465
64.69576526066528,0.0,68.76956196998083,16.491912804078105,72.84598497730501
49.191401230104404,0.0,55.67079049147045,-2.4304703491975204,40.79816002171444
36.16045565491514,0.0,24.961951487240004,12.641204711704425,11.19417962516915
45.29034251785133,0.0,38.130182882109395,5.865361041716056,27.958705879853255
34.58186543091088,0.0,24.26954651189091,17.752658078044824,7.273090691629051
38.45710930418122,0.0,30.442763069911273,8.945308642100645,19.691632506352843
54.63448274306233,0.0,39.5785718690491,26.95737561140198,19.234989399449347
37.93687891695648,0.0,24.67698697542759,-5.740235902297307,24.312389186295597
62.36856014173647,0.0,62.69406678818598,24.00108760044816,62.828285302237305
49.71996254244872,0.0,47.059511441716054,5.175241222242532,24.237839115863732
51.394486057139574,0.0,52.51422386737639,-1.2477653204108599,44.206319885139976
47.50543622194429,0.0,45.754998056204165,1.677504372663595,28.918033800403073
58.73789015248248,0.0,61.98246347837078,12.312583455050863,60.845734149761206
58.84807596431622,0.0,63.93060294091235,37.58551930638209,24.283480731246588
54.060000273494154,0.0,31.50232586900223,9.368756664210835,48.56181235424671
56.5147510027387,0.0,43.304861639471106,0.8452523869833719,22.445046957300388
48.21368332215555,0.0,41.7381897081638,16.053912884682163,35.6683511440384
56.2734151054774,0.0,51.867534941936654,19.041919827226206,38.69384737861335
46.86961831471863,0.0,35.77502984914537,6.528657816547806,30.94887998144008
50.50373887049158,0.0,56.08763276932325,13.187863133432867,25.30238642806063
47.54528348509826,0.0,64.48026313822726,27.590483927038232,65.38573526383735
45.594444132392525,0.0,43.582177040856735,22.21302547720194,20.77795634264844
43.116629455811776,0.0,40.06959662105255,19.63266343419221,18.797311370265792
55.47723342238683,0.0,60.31347713230947,1.513157472446462,71.89279391593337
64.48391682895466,0.0,40.43343896084836,63.819337630344286,54.40937821104587
62.993296035627814,0.0,59.01296434150034,37.13776388375928,39.20857902527543
37.05330223804866,0.0,43.57777253568087,15.353345676448512,28.672679875265484
64.25522400502615,0.0,53.14644368498626,6.610354498202241,51.113767754428025
47.08032175003274,0.0,30.093859499340198,26.93337688596339,12.826803097004063
56.89881713065019,0.0,50.756045212899984,11.91270282068711,38.221296325230995
40.79684522665946,0.0,36.255150485042776,7.3873731432452,30.606397807631556
51.99697058673636,0.0,38.289812956924195,-7.404521239377907,55.955815934478736
53.8320734936527,0.0,71.8885513188309,-0.20556167965951389,49.37558012040674
34.61666602557442,0.0,25.758183964977214,12.908256365916532,21.594585746456026
56.979320680188714,0.0,40.59388835323046,33.19818002836931,34.495028054830414
64.8614135736462,0.0,59.55704086006759,33.0020154784432,70.14206295901867
48.613753830778606,0.0,54.186124951044526,23.592166420268274,53.62888912909385
65.01349665394095,0.0,60.88142136895733,22.521499529849248,66.83342097542109
48.452989868339856,0.0,49.559942898011506,8.60152668965658,42.237461568511804
59.55783336353448,0.0,46.11355971849938,24.506804202420827,28.36719760267522
26.774136696166714,0.0,38.85779033090981,13.993245889296352,34.52525116257057
76.32490148673403,0.0,77.75758573726299,29.71930252365549,71.48933075547288
66.45909206884366,0.0,73.2040483153466,41.2830955695475,57.9705627427957
47.43862691850224,0.0,47.2886817082614,10.744536321554298,44.972777244751114
29.407822958199763,0.0,34.43273160971232,-9.948055042971966,24.44084281224445
53.557520498256416,0.0,40.2002005398795,16.99207028490466,28.57864793169464
35.05132993346772,0.0,26.050834325351815,8.46062343134318,19.431120903724022
55.23322124396432,0.0,65.3328919640899,16.90309852077579,27.05532969036492
54.87753585002827,0.0,67.23993786593466,35.9101058400807,52.20088301402611
40.42085784589482,0.0,24.390180386886477,21.26636388595805,43.65646817736116
62.457596503194345,0.0,60.82780682392756,1.8651534645591603,32.58975539426234
59.08758166635642,0.0,50.31322730686402,41.79911201926319,50.83739705945642
60.90671417626288,0.0,49.2854636165208,-17.45396306428804,58.66083121152957
50.57453955748915,0.0,49.52071271006151,45.81016001294677,52.64780534424396
35.3548040614435,0.0,43.621926842975334,3.085476646972155,19.675921887916175
60.92860735701977,0.0,61.46180248998823,18.51783490930318,40.26317445514722
47.59093419602261,0.0,40.19354859388188,13.01319551937142,30.015398027882256
35.62988179534648,0.0,37.26721953664239,12.713444648512267,42.14110715932491
64.92663956721198,0.0,56.80272949368974,23.382721119243666,34.339935740426455
72.91238177832874,0.0,72.82085102170058,25.895545046160418,51.48151597085246
50.039151127601244,0.0,60.7571294870331,33.64925329755876,39.72369396152421
73.55043102558204,0.0,47.10784525708498,36.09614948182324,47.18304436391723
51.455605389230094,0.0,55.80867191349398,2.4717750397611606,44.518391104087435
46.414664544598374,0.0,26.133022310622145,23.649775915148307,49.83813246012204
43.743349337389766,0.0,52.790543095150184,19.12986646102363,23.178941345963967
67.97236775196266,0.0,56.864459692228394,17.376521561078796,56.20824365637907
42.14393781957759,0.0,25.336494892589705,22.027852874735768,28.559723368430777
58.33635786882174,0.0,61.491874935776686,17.544028264683885,47.8645411271323
44.505143168091,0.0,44.395203773853645,9.039262787681947,16.54507392369432
45.56144599799689,0.0,31.00706297720405,9.235943295395522,25.04169564713812
61.48826806146845,0.0,43.97406999834096,-12.719447967980038,41.23037193798979
46.41914224164361,0.0,40.43900020799665,5.792857480108576,44.42552885849129
46.15459355581702,0.0,29.421866880914358,23.11931402581008,38.215529641349356
62.584083842613595,0.0,47.077652886473096,21.78317666779321,31.564525538041437
67.54832627486654,0.0,64.4117901399348,6.716882844543893,55.163284426765976
57.36850208628691,0.0,42.963433903791014,32.825808903059624,39.44215783661075
43.48357917640158,0.0,44.05117716108782,7.393798921709697,59.75774859557234
45.02396430332037,0.0,56.819503712829444,-4.765867584546164,44.05700835921932
51.33380037619144,0.0,45.6809668346792,47.00231399716793,28.42898482138526
53.909080090363574,0.0,51.16103663170166,2.490365675273516,35.81792080435736
39.92439640196009,0.0,57.39420141521853,22.038967161932867,31.94330437133764
58.20566381894507,0.0,41.439972847532104,8.851753627441594,50.39067567110613
51.3936165603356,0.0,59.916651696049485,17.862858459773094,52.288001837329844
32.14728975195091,0.0,39.72780169536965,-7.341945980857437,27.85121023752904
40.554173136042,0.0,45.69869111193958,-7.472240526348568,30.9912362617244
45.09320222424026,0.0,54.78823966251154,19.84489331262393,38.14867570461929
49.70139818089859,0.0,48.61747182311683,20.73002256804315,39.9043906946709
70.66712444588578,0.0,60.0852517531474,42.67133387356401,38.82439862962685
53.024790218744386,0.0,60.496930635557106,16.360810751735503,46.8977944069933
41.49611834291455,0.0,49.57161567952069,41.79770054627276,28.300121346958832
52.83736729332403,0.0,60.426384395720696,20.523750471779508,26.86675511747984
46.717782606476945,0.0,43.187218238414275,21.365839153203265,67.75996291863035
53.94998474937227,0.0,42.245692340813854,-1.7887232543026244,46.7310081109517
56.683347537902385,0.0,54.53525869207783,10.202549592716132,48.82881879021422
63.400706723364166,0.0,69.08226042572427,29.87093878737736,53.5942625533805
50.22038875495518,0.0,56.99775124761247,14.117133578628842,53.56538475646671
67.99243574513712,0.0,59.07823596705324,27.71612173037143,44.213082245709444
60.18225367171539,0.0,59.286155734457935,9.273225807437749,48.88639354227291
42.920794695275504,0.0,25.13594007280766,13.010701674285873,17.313083063799553
74.09253698066941,0.0,80.04211578693506,30.094410287894384,78.75891721790065
53.97387967380198,0.0,41.5590114702477,0.7326413231048754,32.33613069272813
41.5564615190341,0.0,45.95295498126096,19.597032741753935,48.20277690738883
68.14152057867372,0.0,51.61005815311105,1.1965731330700535,55.33448643886325
72.68126263532693,0.0,79.14680509421828,30.244501227869275,78.06522738649296
50.12701369145601,0.0,49.47235427060801,40.13283683256215,47.09088406049543
45.09831414273705,0.0,32.85684608815435,22.079087150974445,46.4295567106216
48.63804105512374,0.0,51.91906992517078,23.936389841292986,30.024986871242078
58.11691068185002,0.0,47.67239332503474,6.997658447058759,58.99114169464259
64.13398603691397,0.0,67.76414298236148,47.87979871725878,35.141218531883126
56.575637401608205,0.0,49.504025475153824,38.19704269893273,47.59711831693653
51.566821576956734,0.0,29.270769416145274,4.1564511002710045,30.272211453818382
66.48637687185135,0.0,51.74931766646888,17.553446862246027,37.81378754460086
47.13718843335878,0.0,38.57410784630732,31.28972276516247,25.3512608089054
61.495423313532484,0.0,71.71702301638638,46.81135152032133,49.56562009533455
47.40189890915247,0.0,52.924051431807875,-4.066480410182713,38.60022860528229
55.08543940148111,0.0,68.12273875766331,3.8338780779433304,45.00277349183829
49.26646040077257,0.0,62.71895811397519,12.75358093532143,46.450137555531704
49.883104596627,0.0,40.16873982542538,-15.475621524088616,28.732673320544244
46.44746140758617,0.0,40.4561937053907,13.498861374115423,30.592771207671127
64.8498631739246,0.0,56.18440752416074,40.05331637917541,51.8245035078781
42.64846764454845,0.0,31.611502384991176,-9.130168457750361,33.223386383674956
42.570399633883476,0.0,19.154675178233145,12.890841319466922,37.7132061197445
73.14303195042807,0.0,68.53072172398551,19.70395723450106,76.19264138568506
60.92834335302372,0.0,43.079188952334654,44.298555050947286,51.41802455773812
24.994591623907308,0.0,21.00541675576964,-6.589076977318614,19.559051607448822
44.440018191788475,0.0,62.865637200116055,33.53233354186324,45.68406038277383
31.118512445490058,0.0,21.99592904927191,-3.613259893123848,15.261361732758974
40.321619237326686,0.0,38.491229204064986,20.730929378607264,42.489385815868516
16.94438788972944,0.0,23.048985180818953,0.5662588838906308,-2.7858587874005885
49.01613921075359,0.0,47.94100499752942,12.693709873957284,15.218119177380533
38.27807191926085,0.0,37.51676614684739,-2.399171360293977,16.384559376391877
51.119990413690275,0.0,43.20802982442923,20.35139988619366,58.4786254751296
33.11522624013052,0.0,26.894276327445162,-0.3046297667471931,18.51718523806273
51.365819389272936,0.0,37.12608081218574,6.213613597072998,42.73304352748995
46.046450216455284,0.0,51.0089089177405,33.76318484061332,36.01377023034647
66.52848913761763,0.0,43.75860312588655,31.982392331257127,59.96848089050758
65.56045601626532,0.0,71.5102010643374,32.80470276270795,61.5023676944465
58.87143066346158,0.0,39.80766362430879,14.540287040690469,45.0279899280918
46.98997580961018,0.0,53.16959096938146,10.907901764799139,48.473096905819034
71.69398463129761,0.0,63.51877076142548,23.602830813951556,57.09431322634919
33.885475893068836,0.0,17.069939464256542,11.078811597560998,24.464879169006224
35.482656576354366,0.0,37.8043685855662,16.248420634136735,25.145261109990063
49.584658504942006,0.0,55.3615444616275,14.528359842471875,42.12624336050474
74.5646330946079,0.0,65.44841020055472,17.513686546212845,55.47681085215806
48.317871705899094,0.0,51.91396180476597,24.976132053425076,38.755128013289465
48.52189040128654,0.0,20.30992285957276,14.841281862163415,25.279649976271138
35.07286255488166,0.0,17.29802556472965,-13.324627605959584,34.90479989836706
60.58729489689716,0.0,70.02266255365758,-9.088249238813393,35.331378500706535
60.664726656122696,0.0,54.0564889690436,25.2419936587537,62.67590865337652
58.911281988554975,0.0,34.995086138832974,8.391803991797639,22.685101089292793
43.75657521893159,0.0,32.411077542851636,17.825979525172784,38.74869511991791
42.928624522792546,0.0,29.2214830061995,0.3668296804548561,19.984929565985418
36.662686056266075,0.0,31.07816970044698,9.729689469197485,33.2636382078876
51.376084065309634,0.0,43.37137632857855,10.60689705723825,39.69586834866187
38.935577287022895,0.0,36.96140816120808,33.78949112485557,11.842184102719713
37.89901951195334,0.0,33.31428703973702,21.92387206488542,44.779349104485334
45.95269400567429,0.0,56.35238510973583,31.9442005256283,50.67386816305569
45.25318564378114,0.0,45.76926302809252,12.912995990940665,43.518212857448034
44.731511382001685,0.0,45.607055939455186,23.875838961798046,28.794789815400286
55.46392499077571,0.0,63.64096382809411,19.47733037048843,60.61122210581949
51.32453141738997,0.0,43.130057236337635,36.61983208922638,25.080295984591597
47.400902709368275,0.0,30.035220164748495,12.731964988864862,6.314792478967345
52.43541457643189,0.0,61.10701973004097,-3.171534980434572,27.894079829926856
39.88527666169638,0.0,37.43880895897361,-18.539892145387828,19.086138898040126
51.60481173076317,0.0,48.993777141365776,39.574160020658226,33.66708849438574
52.08910415228533,0.0,41.29366462609654,23.073983658140573,35.70089385933158
34.41960973476752,0.0,24.102600127316357,14.289589663110714,17.48701227906064
61.11903259989546,0.0,65.82924797745798,42.2854074889275,47.378909588010444
41.061640672062495,0.0,47.576591797949156,-13.00517179606696,8.151641551531942
51.44486756595064,0.0,55.65602203115346,10.923718750776487,47.38219515519298
62.9218099001168,0.0,67.03213278871628,18.957985199807034,53.934552752118556
60.3708903592773,0.0,62.155595381656845,31.34252431200477,45.11158770642031
50.846751118859466,0.0,48.16592684477242,5.88784016777659,59.706834745075724
46.606536761387275,0.0,40.751223889056874,-3.6114278027817903,33.733683644489226
60.604202261672235,0.0,69.17070154320356,3.955058901912171,56.83776167715634
57.68911193204972,0.0,49.544326610752236,35.60596350935195,57.85954038883078
43.87256951745067,0.0,43.83498630142418,1.3518504659753834,16.995363134754655
41.986334334396304,0.0,29.558700329772805,2.9998620983293733,29.53828992335024
28.336463867107554,0.0,17.675034755755373,12.218010556541886,25.637553316883093
52.12574726534005,0.0,45.532359575850336,6.501911491743519,41.30057574003397
49.59625568653478,0.0,37.03843883019547,-9.064510016770601,21.658093655915096
62.620271005587654,0.0,66.78752911681,-0.16990213294795709,50.91041369207319
54.31645184141016,0.0,35.92008543159633,16.754681498943818,43.56968840022515
64.73633517722448,0.0,61.474753559618755,30.290018753371335,30.64943504042829
43.02845098614021,0.0,40.49261210561629,8.501465318141223,17.04774596167358
62.64120275136798,0.0,39.20484305426314,28.196027570166024,73.22893753666926
44.82834182772303,0.0,36.192738666187275,-10.386906859541572,40.05975179566921
58.788625638860914,0.0,57.28508373007773,-1.7628282251968983,69.63082774844149
34.89283872754899,0.0,35.631449401486556,38.64186875066129,37.02887211825638
52.992350025384525,0.0,46.72103799848271,34.19944371319649,48.38346177577021
29.273201640526885,0.0,32.734419940760084,14.627787795972266,17.166815238344913
47.62548904953655,0.0,42.45168465560373,4.58130557467695,42.81187102979513
55.18514293653975,0.0,51.182420669743486,14.678714399040683,64.59857476269784
44.913265575345974,0.0,43.605720057495084,12.363670889070821,46.62584418501246
39.25580808768956,0.0,45.19175432853241,27.79933717099174,34.541658027713645
59.52079796744345,0.0,48.14892698499477,26.091314410098843,46.75758824870024
49.37437802958863,0.0,40.175925377912655,22.250076630188843,44.926703455259826
45.24875694916858,0.0,34.19469981659647,10.209154753673243,27.087526312602215
50.92755792782582,0.0,43.338518296247685,26.86265194219002,47.07851901584374
78.65310378096692,0.0,89.19360842164252,35.19056499691654,67.31226271048882
62.80524674601306,0.0,64.58716132284,22.840889573344363,51.99060648404137
62.90216981799258,0.0,46.653619485971255,11.802522930693739,38.2232581306539
55.133772200392855,0.0,44.63388029247777,16.40396823629803,38.98795901825696
52.25881406536006,0.0,52.106398426182324,1.211940798495558,35.99934902951206
24.877390578167088,0.0,11.659673132357636,0.8101929562165388,32.38684933132625
43.224885550864705,0.0,31.60840739951988,12.712300246250408,20.2266771001606
45.344883073606226,0.0,55.59864590088094,-21.2591106714033,45.08843753071795
30.446387261876176,0.0,20.23458003625671,1.1906110645601466,6.32032580352903
38.112730188988024,0.0,44.36110801348933,-7.920281400519475,31.915964445575423
29.314355187873325,0.0,38.895533473854,10.840973599627318,26.541133291416116
50.07039764534074,0.0,38.25016020669817,24.20023990848802,15.551758702148753
59.22853236834718,0.0,45.59467812665498,14.246983878911756,30.464617361175776
62.30594743239327,0.0,55.114331623562194,29.682754138437236,41.23970860231546
54.911928606806825,0.0,39.25020517941864,26.211566653543663,26.4091491183872
40.18585746154318,0.0,37.577528128749655,6.552102208701141,31.916809722025285
29.83548406630604,0.0,23.948490180025257,25.72136358553298,21.823313543391617
31.707484833723942,0.0,31.779814905240325,-5.087941756449828,9.334600776273778
36.920622129234,0.0,47.86943554484495,28.72861048282107,33.028454634992045
40.98229281134296,0.0,45.72970357041493,7.053457698909321,28.65412630337485
48.77295669167091,0.0,49.91298120931425,2.6246902365571962,39.952300496508784
39.6433949879958,0.0,14.960090402972803,4.537148210569527,15.756772272383568
54.101902542602794,0.0,54.664907471167545,1.945070117431678,52.81023054640128
47.998016003140485,0.0,62.20238319569256,25.138365166896044,64.72866799910041
50.592576180046116,0.0,14.66880023620137,-7.077066691574846,41.581658112270745
62.66364393916734,0.0,65.68239564376974,41.72458976549003,74.02383975641693
37.868938363148175,0.0,32.333532329682406,-4.672087556133299,9.990475244891613
54.953815643772444,0.0,41.81856256538211,29.695305214089693,35.05206159066821
50.33058758088357,0.0,54.74403314033235,15.70598802833727,50.90800204301799
46.91654210029725,0.0,61.00279159256007,17.304519068375246,61.95462535264126
59.93899185413976,0.0,63.913033279287255,12.330591276029661,62.12312607993498
59.87229335932138,0.0,51.71669342641862,25.58026540703377,37.449700900260275
40.36649577904252,0.0,26.491088012507344,11.790464360668699,22.222725874475955
48.533480151149895,0.0,46.03113760228335,-6.167435614879796,43.99609900349462
53.48468317628107,0.0,58.60613797117481,3.534848313062753,45.3878596556498
47.562775093017244,0.0,39.45119837053143,6.221103620056632,27.126225992467774
56.73093541366109,0.0,49.484474810708875,8.243018002536573,43.54907678297778
53.484473056255744,0.0,79.22734633953422,34.75211779666694,53.50827165518412
70.06108875716616,0.0,77.07155113380705,26.307106428418923,52.21622525454194
34.12862872465803,0.0,42.51384158647751,-4.512570398937708,40.00205259086407
49.17164650777148,0.0,29.676043230475443,7.811908597087371,29.883559658213677
40.77240636679203,0.0,29.390204549458225,3.0028210150237795,27.931863158219844
56.93487353755894,0.0,53.54780819310245,14.935154092114649,61.47893003354616
33.20016645318159,0.0,18.837889604341996,-9.203244017455223,18.269761970119017
54.18029754152866,0.0,66.98489123578693,6.010730793370136,62.75168440832098
43.74773049366222,0.0,54.72050578704303,22.54949795209368,25.946426706759624
42.63526263458764,0.0,33.058394221250985,13.74713252636297,36.78273376022124
35.02384070848778,0.0,50.1000489273801,4.8055042050101555,41.17450391872611
45.5104865467959,0.0,41.484811803412136,12.75249273745979,25.77883341010817
62.06794648498031,0.0,85.20174010609412,21.173298611054538,59.85942696834426
50.21074874068919,0.0,47.680158121122055,12.351741440566729,39.65312828817599
57.1867542204876,0.0,59.10205763749409,26.419537029195066,53.05151075819793
68.26684427487663,0.0,78.70748657832303,31.467023725857132,70.80327686279615
53.29816212117495,0.0,62.70263447090302,-5.153181645897352,37.16688341158216
44.50903537352203,0.0,45.94986430467443,10.311218542454007,35.97143802253671
55.472554515393966,0.0,49.826952212987386,-3.0289065694322765,66.17304431103157
44.66400667983239,0.0,46.138152001669326,21.206648247371227,50.05166859653553
45.090060686535764,0.0,32.4802208217362,23.302159533370066,42.99638022323472
34.239608305194736,0.0,32.06269910585807,-2.085695757477602,22.226843083798137
60.37709558351958,0.0,44.40249059152844,19.240726115366073,75.00378996651764
46.35539751759793,0.0,23.51590325212507,-16.57378978696655,44.197978227183285
52.425641055081286,0.0,48.85953175985766,30.22423617918751,44.145485181448855
39.41048314176774,0.0,48.891490168447504,19.363513798411383,36.44994591156671
55.138060266404075,0.0,60.78801637128757,34.21333623601241,43.64554535948913
42.338435826612226,0.0,37.545598633249796,31.920068559833485,37.41983929310872
48.96571444047706,0.0,63.41121196811207,-2.635231938827406,52.8329252917359
59.8595980812658,0.0,49.61047537345845,33.11564906523885,58.381597347581916
58.92927696851601,0.0,34.424239407548775,40.93618713296003,42.04278459693328
50.24449897895999,0.0,23.092593395069915,-5.7437748299947415,15.80549153451918
31.587145092291006,0.0,15.347407606861745,2.650774260870027,20.552883653682944
82.4585290167013,0.0,86.48300011862398,27.90082404747975,86.94632623195545
69.13466183650404,0.0,58.03027156049654,37.75397987312179,47.06592360814423
58.20178388333055,0.0,58.880276432705585,-14.044052174069527,50.01285900455843
42.43179687647683,0.0,55.9241313849549,36.613359035021844,54.89197938125817
49.26614415327908,0.0,33.58022794857471,13.193766832740884,21.60391482587649
44.67336384400684,0.0,45.77030042710383,25.164740821869238,33.25117818301801
63.98438626129657,0.0,65.38875417375134,22.019736317670844,76.11877775353366
53.28477689588918,0.0,40.062456810505765,23.923048207726914,43.64211086336896
42.10098375523995,0.0,52.50846805513533,-21.870903056086657,30.29345122356756
45.4498039354858,0.0,38.42581528737166,7.25855502447732,35.07655991661806
62.45995919280874,0.0,54.12690995767964,33.97712422172077,63.2844537780954
67.57718210012092,0.0,85.56059992171777,28.911853096640492,63.88279267257562
66.81034846574035,0.0,67.99469914407547,1.3559044415088763,67.97341856536043
58.5688962112859,0.0,64.15436523115515,20.75786459363848,55.958933687602965
47.78055856725609,0.0,58.09750972768008,2.425708992340537,46.86892803478661
15.84382623546096,0.0,5.490786281856576,-16.347777147460434,10.723812026027463
53.65509362384883,0.0,62.75912955895063,-4.23737393747459,45.15166861217256
50.46035308291101,0.0,41.0837241347426,24.15446370210178,28.02547444330506
51.97562360283872,0.0,42.12077896422308,31.952908005664227,47.21355986292801
51.05579498563232,0.0,44.10152640301528,45.63948494405314,39.53331207184394
36.308581069469895,0.0,25.90393687962357,-13.113502786589166,18.762447346233465
56.43588871541175,0.0,60.966762137729916,29.53354921596376,56.993636312768544
57.23522095965722,0.0,55.880218369027986,30.900072517298767,65.44021388846441
57.77078714110325,0.0,48.38124081149804,11.273386526741788,45.706577192424874
60.59421265976846,0.0,63.49115552580658,8.075184636865885,54.48482018249968
56.934277193706066,0.0,49.845160500013606,3.6940184755613252,32.686388462263764
46.09866712789694,0.0,38.63640953977061,5.607513320212212,32.94641698184263
49.72299117302526,0.0,46.18495435664365,17.885950075002047,43.556230732189725
51.45357669179171,0.0,52.274682650468414,35.14800920329371,43.71148819521763
51.63067861556929,0.0,51.66980895035618,31.655161166386858,39.39892422622863
61.146000871733946,0.0,53.05252531783397,-1.455255065854086,60.70141754877163
57.35759200920446,0.0,62.13665938481148,8.11046509335775,52.20902145580304
72.67662372336606,0.0,65.87514490736869,45.95980968044027,96.6886602310235
74.05634972798221,0.0,62.65370119178622,18.101711256143652,67.05091231297162
51.33096153301805,0.0,31.71633961938271,15.11238542011516,3.36388434500563
9.484646557811509,0.0,16.52742929729645,-31.11419312240502,-12.952346310636067
63.695636349391734,0.0,59.53307950427003,38.958027191067444,62.202972209011584
44.70589041630538,0.0,42.970387354944314,-14.680440884478351,27.939870056857146
41.91591624718123,0.0,49.06318848485657,-12.409912651346325,28.418706277348555
46.22244538585795,0.0,37.17787078613409,27.914562900762988,19.911132213619826
45.707444875581224,0.0,27.180266606674238,39.88061478918665,26.005533633070055
57.02208953653647,0.0,53.58166422379818,14.946989666350387,51.057076094784286
33.81708556497489,0.0,33.29632932920208,5.6285982567544615,29.49853733729753
38.96428383950983,0.0,32.31494888399348,21.916971287258853,15.605321551473434
54.14659490544977,0.0,65.61152790430583,21.54063706223451,60.12608616251447
57.13614520129448,0.0,26.64818435666473,13.845603156977447,25.69590025644269
57.33486353632147,0.0,65.00247456397123,12.373234009313341,57.80210787685952
42.07029150526565,0.0,46.520353908853515,-11.25392653355481,39.229125446766155
40.02697664709228,0.0,40.973957668918686,12.984391923272907,20.111165972214536
45.06642352265035,0.0,5.794781927687559,11.176221301005635,11.839608824959777
53.042970429151424,0.0,62.518026239303964,10.685325691437864,53.06072667793354
66.35244489360895,0.0,51.151918824913764,10.052813712570444,48.07321917481833
28.60271643710408,0.0,19.540924124917087,-9.266750437876835,14.136478577797579
48.12137336540078,0.0,42.29064252310449,22.864397348935587,46.96475623398719
36.24002215329793,0.0,36.729956993074026,20.044685921839417,33.56271282891948
32.8254297656665,0.0,35.82912953908159,1.1343636506603847,13.255508183054857
60.81197222653016,0.0,66.01546893034484,15.030705155581865,54.64223086505438
56.299289922869185,0.0,60.76582039001497,6.615627802175274,38.59026102419533
55.28215900848054,0.0,53.80963076740362,31.287272606586683,58.228766705582046
60.32119459443736,0.0,60.4866654778471,21.292111333025645,72.43888176216512
45.35402439662966,0.0,29.83430360026854,17.813874671268636,21.94013470355182
45.85709609536384,0.0,33.92351295698952,17.957460942325568,33.72430647076094
73.83475716869316,0.0,78.84184182498622,23.946206977699383,80.64277499048809
47.84524449485669,0.0,52.68325215478099,-2.423156467032431,41.623166766376265
58.334891898890056,0.0,61.79232434680495,5.726521338102115,59.139560540407764
50.5480813830008,0.0,41.037435078391916,31.377905184476436,40.51247054825654
30.730970616357837,0.0,36.63896280807232,-5.6332100165316366,10.135021335044154
28.632722287840853,0.0,12.654894965571692,-2.3429764929714834,15.936246294593563
44.29335934612406,0.0,51.73363101608456,-3.938819956005636,52.37814570647933
61.76449588078424,0.0,54.74368505315632,4.512168905121456,56.55129366353151
58.90290969377962,0.0,72.51266281534805,9.237053158754605,76.08050110235398
60.2469469415623,0.0,39.913609649847565,44.60696605842398,24.85980835868755
39.93315535433657,0.0,54.70779723693355,18.92312718736216,40.5927941104538
67.74573655901449,0.0,59.557560901602116,17.512449713895826,50.58838084975589
40.16986222746091,0.0,32.26566438301643,25.039906474839544,18.31642736974001
52.75395466377012,0.0,50.71028063642092,14.55031840055092,61.14734498151543
50.369277859287635,0.0,38.92888245812071,34.4707543963743,35.909458908272555
48.62202547786823,0.0,43.82244793839083,45.59252779990285,34.84547755232536
64.78295389764496,0.0,52.66543942803869,37.79595669571954,58.60410557506321
42.94568067725831,0.0,31.59088799712361,12.638323646046409,4.304249089766497
36.05915656821175,0.0,37.39308828481218,17.375618807389223,44.55571304878184
50.693548455057574,0.0,37.08381202096009,15.776463200391916,62.55392759767456
46.20768428350775,0.0,34.08641135068862,-12.773540179420607,45.85434056118591
86.56774295926238,0.0,67.3543432545253,26.055382896053672,80.62701344985322
57.70847875513458,0.0,48.18555436498612,6.009915833028856,44.82563133213362
46.106027448571744,0.0,55.99371897520605,3.5057334227811747,27.56774978103087
39.195181172654955,0.0,26.37200474073217,34.520501599679605,41.617597383508695
30.388726479918216,0.0,18.926576946264806,20.21772599042629,29.13696080337877
39.52527204901276,0.0,37.6995717451137,15.63892101779841,36.01561668301645
51.70806393278181,0.0,43.6971616478529,27.56890301112591,45.728564723739325
65.7311170159515,0.0,84.97947950090239,-2.834437943225865,68.58213153068274
62.465312451935766,0.0,56.473047711031434,32.29502214314916,47.1250854998446
52.92780671061696,0.0,52.36655644894483,30.03286415419212,76.34595968290755
47.026798071200446,0.0,53.00644137035254,-18.012851373419142,37.225477311711565
53.352194493427106,0.0,59.019905647597724,27.808694487737682,42.140607694190805
44.93816789599758,0.0,43.4358522386037,-7.666553256371728,50.276585274504946
68.84087385905029,0.0,62.75369998451899,-2.222975829926529,60.12090034511152
48.45836783537725,0.0,65.84406375655625,33.02566615126118,45.540412479162164
49.55736052397724,0.0,44.451423110529575,0.7486668814740156,57.79876510306404
26.803494588193526,0.0,18.471062323781805,-7.654487729249759,23.279939656587736
48.391642639019096,0.0,37.52736959086165,28.244143733004268,46.25484232712173
59.41785367430005,0.0,36.925771849584294,16.057553225128757,27.73465302259539
39.07111579075286,0.0,43.89512880070218,6.6377006340771185,36.924651221573534
42.45833288580594,0.0,13.684264072142106,8.190366121703907,12.822804381792485
58.950131238141566,0.0,54.677587561241346,25.000048947258335,44.76885938712073
34.70158700070007,0.0,28.739216682212916,3.58565928896504,26.173534301198355
61.78265803036583,0.0,81.2239511514539,23.266758135682245,60.21018645153193
44.79385538189311,0.0,21.44402166967406,5.225716064992239,37.68372235815957
46.327983212897536,0.0,32.798272253196494,18.122538072790867,43.75394398657527
38.47108224097167,0.0,33.17145927128692,13.269322212159185,38.77200727513817
54.51937534385306,0.0,48.293501623358345,44.41105748937164,28.33544452184009
76.76399931453095,0.0,66.43045480844545,24.51965383439282,97.17119942141404
58.830310314600084,0.0,53.76341692649843,17.440760863657722,49.77252989634755
41.24487439238883,0.0,24.00963469485987,13.736629574804013,42.710822041805145
62.61417203684019,0.0,62.118734108056955,35.706013040157345,24.130015183974326
47.09612461607669,0.0,18.523522618605092,-1.795253567649672,27.08830804051463
65.16647437646009,0.0,60.57482201530959,24.977804566021106,38.77292804883028
59.09935349128012,0.0,48.53216615629216,-15.155585166569217,37.94976312108636
19.031979136722402,0.0,26.260790518535547,-5.663086518878682,11.834882876836177
39.75115031179603,0.0,54.44328940061084,24.6667602412268,31.46327220436845
60.57079314978414,0.0,52.827907738945996,10.759961796859278,67.53359965368692
52.10037462926706,0.0,62.72214280902961,18.829194205188568,69.70810508427597
39.54090590102095,0.0,32.31800364166522,1.9815673394189117,16.711134570686475
43.70989347189152,0.0,29.53720309383094,-0.3844469584224761,25.048503695620504
30.111465921228316,0.0,44.869967069734344,17.942246086699626,12.473416115702646
49.53561165306547,0.0,50.996213309583354,0.19827707103433845,56.53551873474731
74.10144904126878,0.0,69.67566156609612,32.55716530222536,68.6046623225088
59.08072914947087,0.0,62.13781273591862,24.51876699923607,53.211409137034366
73.88483189828888,0.0,72.3173933668209,16.306490740542003,71.15354199864241
59.908440535948785,0.0,54.94751927192954,22.822346916969465,47.381352472363325
61.45866644447858,0.0,43.16792992450344,8.305514390378548,38.197035160306726
71.5732241704517,0.0,64.28131836934584,34.39222556191765,63.682512055266606
54.51100885836235,0.0,56.970354155943845,-0.8676361155040162,44.40262493849267
48.47934129004005,0.0,43.14846655996866,9.561580108415022,43.25148613544659
61.513996012112344,0.0,66.80577739527936,17.94891034737989,35.71858597435423
66.01439733281377,0.0,65.74044626415076,39.66762567797847,61.54682280945646
45.35139856388194,0.0,32.081518690671786,14.601537820197011,24.56405858325622
42.769818441369054,0.0,24.877582536668456,24.66700803209605,30.892708952577433
51.963591439188065,0.0,46.208674166190285,24.078597783353068,53.81839610083178
59.364585296348565,0.0,49.59837869475204,28.05608180976607,42.28477616032795
59.00761768550718,0.0,58.3534055383226,15.45591676363549,66.5432090557813
35.26244659598247,0.0,23.85921947633459,21.469574244556842,1.2051787970750247
70.9056947326582,0.0,59.97621295962858,21.65342236227204,80.49933192868819
43.628949024090744,0.0,50.82363182616582,-12.69463273841555,52.980737032831584
47.647633909755356,0.0,45.198369587657226,10.86337937847325,27.83583161720954
40.834894753810154,0.0,29.49882771132529,16.536111236172587,17.956488553587157
79.31194697364123,0.0,74.93619254754475,8.652425424283653,53.55157152103506
53.066455516746764,0.0,63.5465804670354,4.395655600723897,60.11924738279153
41.387095700151775,0.0,40.586063611705164,-6.891656579767631,28.576161570108223
59.71104795787912,0.0,61.760230586743155,31.606141690854432,48.13735370284151
58.6982262359334,0.0,46.53085811691065,43.536758443158675,33.77231035395854
48.47400189751551,0.0,55.30329904339918,11.389240349944155,65.2143953565437
59.46190401220467,0.0,79.7699408277173,27.873212940496852,46.29842764742503
41.66152373546777,0.0,29.372227742716984,17.72378829274469,29.816383635823037
45.2129870365565,0.0,28.731299495891125,34.44759220925232,34.74219631405197
29.000423464571828,0.0,27.161380190149963,-5.553756878289105,14.151269649127531
36.33327528592342,0.0,41.77463431723041,4.573384595911685,21.68107731664222
69.7947032771295,0.0,64.42903896249472,21.25987027727496,57.11575753991554
68.01880776970083,0.0,52.50631333072006,26.14789929297914,63.807492988850825
51.18285534896558,0.0,45.95557262992277,51.122956473610344,37.5130290045789
68.248568660688,0.0,70.20521818388764,25.646303983478216,82.57796251125046
48.769473453803336,0.0,40.42572430250328,2.4623523342444926,28.618821916977744
47.879017606609004,0.0,50.28319730067699,-2.2515193525043884,50.03286133276659
51.08371850823927,0.0,59.33142108209663,33.43035202719578,23.896416060766935
49.145087434777096,0.0,47.64383486251835,2.60475515145594,31.09465011590746
48.18048825630214,0.0,43.858126702807674,23.53397023133246,28.716355845737247
62.69727603669149,0.0,67.19644022630821,12.583225346321191,43.33647832951313
52.08411590787788,0.0,38.93152788471933,-1.521464868698743,43.94778339201332
58.09286948466541,0.0,43.79344218761325,28.158928170549252,45.118390414182954
61.50035116569674,0.0,54.423756626328654,12.615145417326895,23.88395344308163
54.62771781733359,0.0,45.28533480601391,23.72120856466543,69.19461743513415
40.11239720602633,0.0,27.724115442231565,16.784524434653864,30.023661371271626
36.02431620682012,0.0,51.5758695830514,15.19981970916599,31.927509891821217
52.06963732252652,0.0,70.95885815517929,12.54171046072885,66.45141064671537
48.649994028317316,0.0,40.87257475142728,24.110428594804205,50.70467807050946
51.41368433631759,0.0,48.3019218724911,2.959664044888749,39.010998957169406
50.308353801830066,0.0,44.25745210719994,-19.229792898417795,16.287990797297972
78.08577049616837,0.0,85.26336765699773,40.57981553048653,81.44322006253967
36.266224126463065,0.0,46.26023810688958,9.968434619831314,18.470168686237407
29.21701560341593,0.0,6.710767666585113,-4.836182287362542,28.56867221554645
54.031390582916664,0.0,54.940932058626615,-3.332443799917648,37.0645145336102
46.457761497262624,0.0,28.632740491752905,-15.462602681153538,27.331694769541947
53.85712682847978,0.0,68.33782401966957,18.03190071770206,33.9106296073511
56.71877239843013,0.0,57.20364083677544,42.10959309163737,33.744453466447005
64.20074729459853,0.0,51.18617837680482,21.034985392312887,52.059173731258625
34.3749569016686,0.0,28.032401284580562,1.5037607688982702,20.991755655016817
44.531278378484664,0.0,37.509657684873766,11.833988139109104,28.241834762105718
55.061272802860486,0.0,56.472660032831826,48.67313072950637,73.63306386003822
58.71241415553864,0.0,65.52944102145378,30.56673302848914,61.08717163915584
73.91723514588261,0.0,57.29797919002071,15.17194422363767,62.857149678848515
60.69173569377239,0.0,75.90642227827455,21.455005354071798,23.79701062705916
49.87309887904292,0.0,62.80782816870671,19.79775946141138,56.25112483738001
40.96545242535447,0.0,27.800820890329046,-4.667923053003481,65.88281672843354
44.45037089106413,0.0,41.25828174965823,22.830392442700617,32.90908214877015
44.146773989859874,0.0,58.29236081063533,0.4417772256309096,30.0641929086986
57.481164459833224,0.0,66.34049814768758,-1.9972363406454434,54.89164707553669
53.22595037727806,0.0,45.54925777597486,18.028711533912894,25.423040772221224
36.3364970021424,0.0,41.13058503919942,6.515900913811272,34.75640620387448
45.82222026455946,0.0,73.55081216491463,12.872457938400245,64.81428682273632
59.856622503820255,0.0,56.74177606157857,9.824902486219983,43.394419698901835
54.237459307960776,0.0,43.412258022257475,8.702910230795963,35.447614533003176
56.55594771363053,0.0,54.20961384715645,34.68766748888904,47.47407849069881
54.571470263428665,0.0,53.04371575317211,23.910970434384858,40.336330063311614
67.85855300451145,0.0,57.94289669359369,11.515646203901408,39.39750550931707
53.00204962645467,0.0,53.56545667431285,-10.6557256327763,40.73749011307217
46.35518144009325,0.0,29.086607359061688,0.2941323855766065,25.703556953369688
40.69491198656746,0.0,29.754811311448904,12.285551198912636,45.94626157294637
53.147008610376155,0.0,57.05820951951144,8.007518541787032,61.136739037858284
24.4006006557666,0.0,2.214196193250185,-8.886362387167825,25.48292072755602
48.510737681911436,0.0,54.03522266105119,6.0621945744601735,52.248455674260484
48.28046349096357,0.0,22.96247224072871,13.213311303654756,35.22220122368521
35.90031539740857,0.0,13.765145417849013,18.49059339462009,9.451570056970677
40.561232215407394,0.0,31.385823356668247,9.989571680904522,45.832869479668304
59.13120729644075,0.0,57.95153215421912,21.07412110161538,55.91986758555286
52.945083718853255,0.0,62.85962891873475,13.632849680436797,32.73914868801353
51.56751744998725,0.0,48.092321052296896,9.007646943822255,31.38039160335527
53.75326356454829,0.0,47.02182840731238,29.84699827530753,28.36655538633119
51.46963349059594,0.0,53.519187985616746,26.452281959448662,18.74218394523812
63.76006884856967,0.0,50.249945022074485,51.566663353782204,57.6484798320944
51.79875319676279,0.0,49.185057427007365,24.775350800342466,27.844515361670425
34.89866511338093,0.0,18.408766555957307,-0.1400834263672941,11.567851089566142
67.89807984158801,0.0,64.40601671727448,12.271470897810044,60.74707355827507
54.437035637515955,0.0,48.92886778794257,31.05003330673454,42.89788796112511
44.18362806331958,0.0,31.71547953186474,0.5017972117643126,23.254898491720105
37.08710597300538,0.0,34.99776282711035,19.49666404498712,46.66707871707392
54.710297215179466,0.0,52.24896186301355,7.063202858044868,27.40254178815272
49.22789298435187,0.0,57.62121439291047,19.678794758895197,25.362109149711117
67.29989107520512,0.0,45.95430301473463,9.757099669279741,59.929632821098046
46.783821832535395,0.0,41.97651923324483,24.405214427963266,29.448112015730782
41.53235276362705,0.0,29.575475936728253,-6.855272536877923,21.173432030932098
60.05161225791028,0.0,65.02399187659205,24.55358938747577,40.95845156660258
60.36667116682786,0.0,64.10777000149074,18.092432255317586,58.61293923767637
52.2819591196869,0.0,53.55882963411239,17.871677931022983,47.80776695371462
57.706871400938816,0.0,46.06871989507929,13.840998666845982,48.373520038740736
50.07720104131481,0.0,55.38746638095232,9.317283184766914,36.5764838287347
52.97877776307436,0.0,32.678590809601296,19.001143376963615,29.82783956580434
62.92799812062957,0.0,40.28548256890355,8.166216854425226,47.10660196301877
57.16151499586104,0.0,39.47977318324469,4.914112427512853,56.53696470163102
48.6711705727132,0.0,44.281880041824145,9.4000551489281,58.98438446669863
64.93009279406868,0.0,67.75938896621106,17.787318099265995,72.8720176197319
25.211054912178525,0.0,-9.910932117997906,-12.608498491050854,11.303889316332448
72.40660856710167,0.0,81.95953297597745,40.52104537920327,81.29867390022633
32.25146168800876,0.0,29.886332249081796,0.7152413572699432,7.6949635334349455
43.77931159870499,0.0,23.239154382556922,8.570054556321951,20.373289409333985
50.0426835723819,0.0,47.052162696294175,-3.500686681061083,47.84768796645773
48.914725440560446,0.0,56.435933694497336,43.779229871735026,41.80346341407446
61.23354842443884,0.0,63.32520332661282,55.55813167217789,59.0325964884628
39.17674875763804,0.0,46.93483835583007,-1.7625205027859163,45.15257934023879
53.266226688339415,0.0,34.69522247186277,34.25557888554073,50.31933869807468
44.30160958394242,0.0,35.960967100782305,10.757345864842302,19.918982742630178
53.633519827107634,0.0,39.7284703934027,39.77961838548371,41.98783950306427
49.7877922179122,0.0,63.90794673047255,19.804370259710772,34.717631025125016
51.47292520905569,0.0,54.15499771228693,17.398234969720676,34.84840802137009
44.60386331366235,0.0,70.76421307402218,-23.00156676063744,22.95393105657496
45.02978289422243,0.0,36.10939796850487,0.07033640268626584,35.80801306675263
53.549444080526804,0.0,41.76231796075541,17.42282273716614,20.113627330527482
60.56363712110185,0.0,54.8125698057308,23.78810863591674,56.64706687310809
44.08718812051806,0.0,54.71599065399451,-5.185706380144364,56.00858422514637
41.1969805218745,0.0,33.41646849695005,0.07528620505422268,37.00279111234006
57.03480866650688,0.0,54.17251246601568,26.84815071339397,49.47282900063767
50.13258461614274,0.0,47.09547908773209,-4.2359349943805675,60.53739811508006
59.35389231287289,0.0,55.5528875786516,22.20818383850048,55.11038076655311
40.801312888200115,0.0,29.998372335199612,27.572231575798256,18.275258750426133
31.466318541628514,0.0,26.274612134191642,10.428920541198504,22.313184129387803
44.78466410346728,0.0,38.91073181775251,17.044190673605584,59.261850776206856
42.291299656268656,0.0,38.285977885275585,-17.52096137591565,19.05929131379483
49.63802763079122,0.0,55.57006354486031,3.40187601251305,26.34435609199158
43.675105836120224,0.0,58.35597178173553,40.653920346219365,47.51376577373269
58.39777228948777,0.0,45.30229084696932,11.355059154582406,44.388095069103414
47.400964342270804,0.0,39.2398939151795,31.57307332420545,30.26790697542676
52.087736516205,0.0,39.2640514503677,7.7225591971467615,24.79566004666696
52.164242840927,0.0,50.04884670456905,12.45741271778681,19.496399886667167
52.56301841313977,0.0,42.7644514287599,23.85699332252512,23.758486876179678
50.2220704398753,0.0,48.6976920435838,16.723896570246794,62.095866607978564
55.93573955520949,0.0,63.45358057376424,23.82127320533948,50.68174644036863
41.978197732056856,0.0,11.331402926295748,-0.758241348191806,-0.2006871863947559
65.4328866820085,0.0,66.31305935215383,7.652736708378882,73.72771090360344
47.952455791834694,0.0,39.06030996180148,1.5742193629363062,52.69070543143934
36.46579196546697,0.0,37.51270162743417,0.24343095352438038,43.33588204605845
52.4894860252536,0.0,38.90276372649732,13.320158925723238,35.43775469102223
41.38490095109482,0.0,50.133373654153125,25.06507882298666,32.23493472879848
57.58909417410722,0.0,63.06434409197162,20.58458362873158,53.661498356246554
74.08986473418638,0.0,75.63128818373873,35.25120693985389,85.90239359563432
42.07525141785429,0.0,46.547153890555784,12.822958520257238,28.107623188101318
54.03134249657459,0.0,42.014281245072425,1.680190241160771,33.420927748804836
31.722049878494047,0.0,21.422173443994797,5.380920855600198,28.16176927286193
55.329939946147434,0.0,59.142107947726,19.955128591421687,64.11585532467404
41.015907211665976,0.0,28.988909994129358,20.95393469529525,28.244181636662912
43.80344087630938,0.0,55.149022390490224,-3.280808312033523,47.33413891242822
38.71248028614448,0.0,31.424741891946088,-19.773328433151537,29.276512318002233
58.30304066868565,0.0,59.412949191650796,22.230023211690174,48.24961674312691
61.24309365699775,0.0,79.20470029362163,26.34832519537429,49.28530114372929
50.729768218262706,0.0,39.1864072589918,13.05616305475792,25.044495027443354
41.2433630482346,0.0,38.06371948532858,10.765231018965121,24.15254754019283
67.46418864194024,0.0,74.26043096322417,37.16439037471028,50.73050206042991
42.46164749190477,0.0,48.59931220957614,4.574598325167839,39.49054638563794
27.37825024227867,0.0,20.240883961998378,-1.176247212297418,30.98410425850912
55.37784982177277,0.0,45.759597586861574,19.252277542975932,47.551897446149695
38.67520851257947,0.0,32.345256150410506,-8.230258910838455,16.630763755174023
61.04332871721013,0.0,72.11571838536756,19.11172410397939,68.01308665244237
46.407379488137344,0.0,39.45792321871681,12.310206615277725,39.917594047174816
56.930661291550116,0.0,53.58000562860708,42.06055599408456,54.74225824768828
65.4551376548151,0.0,56.615183367944894,19.475945308031513,49.54486943028445
37.563053127878455,0.0,41.184864415117964,11.166202035370823,44.09371493870333
44.432769473659654,0.0,42.11631332538429,25.068068985969184,49.584645837000025
49.67133674764184,0.0,35.0012810763014,3.200747882127292,35.069697592015785
66.90886295369455,0.0,52.30835655637274,43.86228856836961,64.8068857461478
43.44497433916257,0.0,18.351740540391628,36.43619158156896,41.294788854417924
44.12753138849782,0.0,31.374083785158938,11.54828011880426,26.20488829860366
55.588898299262524,0.0,59.83584031572702,10.653110651086813,48.416586490462144
44.31211706851781,0.0,54.359337520117656,34.98571895291377,40.11282409679081
52.10965586704797,0.0,55.26958433406854,27.554112638637715,31.67412424257399
33.901480721176675,0.0,35.98939974105081,7.49043647079047,31.07578967993139
74.14034530773611,0.0,68.32809618036934,48.55676077653886,79.00446100009209
36.07941588752921,0.0,40.46075292854205,26.14728225553564,26.792707193738032
47.04191715194315,0.0,46.0641110620385,8.818774711889887,42.94174131375711
50.132828848962006,0.0,65.16624064366162,18.760933599668398,64.31468685160371
70.9172567859895,0.0,65.45761371335502,34.80676268848175,57.84086651742603
36.32371531569285,0.0,46.71208867288947,8.071441309019567,35.16641596896032
71.67607354100943,0.0,76.49443809304054,7.4961817196025,59.710633991352026
58.57044295163895,0.0,62.14703016132983,6.671512728200618,44.96581493546894
54.93662052183262,0.0,29.509257145297305,-1.2441337504156564,44.01266009822888
39.95893319679574,0.0,45.90595074430156,16.61057866426264,36.228283856716835
56.582624541797266,0.0,51.06216673484509,2.1111766898187696,54.46453905622685
42.749329234458436,0.0,34.11879300246949,13.909520194006504,32.737844790868465
64.01436146843409,0.0,44.02387653466693,48.69959864120869,56.9143799534516
40.103948422279785,0.0,36.15719765196257,29.863797697394194,51.163466531641596
49.270777953649116,0.0,45.58040284572795,-11.110084639381721,53.493831379799985
44.54671639104687,0.0,26.795000815957756,-5.833156893204485,35.17234843026101
39.92806085034411,0.0,20.454048709541095,-1.2949019552744314,31.785589030118743
58.40100845410582,0.0,59.347600517280284,3.326545480813273,47.71014986814341
56.201351668681376,0.0,61.26055764450471,-4.713861259846709,48.34516383582219
63.39835119956079,0.0,61.12327110409411,22.393741867173382,61.96139429656871
31.46165786234384,0.0,39.900241476399195,14.930485917597265,25.96881136700259
61.850719186465554,0.0,56.67473353645155,35.13985224787858,63.17785739909974
77.25099562860578,0.0,72.14892207915096,23.47360435583139,85.6016467822862
45.65404003403952,0.0,31.96742162995761,8.962856694717292,32.09479868943089
70.72984432757974,0.0,49.805530310967804,31.587884474893293,32.93436662199845
47.66797549861115,0.0,63.27513623473626,12.372523844738774,69.78387570179201
35.815487217030736,0.0,43.972423621278246,18.810057818701893,21.30517649802445
47.214164594653866,0.0,28.46938976883027,19.71640573395323,35.93908116937177
61.68011220218133,0.0,59.06921696816518,16.299425533746064,62.95421090235069
41.52385066685425,0.0,36.553149312801494,-15.638544650285347,49.170946864305066
44.06518392225096,0.0,37.21014549144524,33.04503867772051,56.27661483554305
56.82195260560249,0.0,48.318599314705416,9.264155159351667,42.34691048486611
50.51259146083614,0.0,50.48019210627002,20.503223993409676,57.550848433555636
56.72667866499702,0.0,61.2104236907057,-8.128112943166105,53.19141414928995
53.0211384037518,0.0,53.1690662359947,16.68383253522351,79.68176129584866
55.604763014300005,0.0,50.175094935800146,19.67608898706186,60.25280122154479
45.860689838080894,0.0,40.21029787206705,15.002048957329592,33.804891876898225
52.95597395033574,0.0,58.759983485509295,59.27680620401067,37.18471227798039
40.57077227115294,0.0,41.57901631196727,1.1072232749943485,-0.41089759407428517
64.24700254036274,0.0,60.71300990283085,34.5774217447993,64.76292906935309
43.702571991709306,0.0,39.373119065977924,19.095131829429523,46.69781412742539
62.5418004569054,0.0,61.92145240153291,12.512606891966756,64.70369707089782
47.983767799979354,0.0,39.00472126265001,25.428030874747293,7.908848171447101
52.63828375020234,0.0,57.22798154818231,14.317336275872039,30.67346074504318
45.191122267416674,0.0,29.831817141391113,24.873634405510103,38.36466839724472
39.62382819860164,0.0,31.390662994104794,37.11348992660835,50.84926284750013
31.836863983785967,0.0,34.55789106903757,7.325670360581302,22.851278381709502
39.20359477441855,0.0,23.34394146108538,5.287818704291293,39.42696880547852
47.01887837007785,0.0,26.367559359288464,28.362688883593258,19.80496456890647
52.74385484624646,0.0,49.30613356276261,36.37205656727262,46.64331521353971
61.275950026727266,0.0,39.07298292068689,8.933497075180593,44.07881562316903
45.716907507333026,0.0,27.989476793044197,6.446067079295656,47.03219417845211
41.05600896618982,0.0,45.1578387272168,19.78523051024358,27.09260115860549
35.064267099353145,0.0,29.096452377279252,5.113860584037216,45.30043454846002
55.609446298747784,0.0,65.05724201879309,4.817694438833888,47.18686167443513
65.25953706865164,0.0,48.190303161638056,31.18866863480727,39.97176917550358
64.01082484086538,0.0,58.71758845155299,32.3455062677052,42.62056461777556
58.06563285860216,0.0,58.09704315609973,14.903651907932392,43.03570337121257
57.302825949920006,0.0,40.73346975877311,20.06097398307137,49.58610743922764
68.6192615013242,0.0,75.15837519830346,17.29098764751688,56.45845188208075
54.02823448714911,0.0,55.30466811417941,1.9630887261344867,36.619125029270414
57.38388734514266,0.0,36.170299950930016,12.236559005751403,54.74753527081883
47.052269377298394,0.0,42.645690544726726,14.604707995791555,-2.410606844125006
35.926253419313824,0.0,36.19449726593512,-13.338292727568842,21.813208912168452
43.17286431174664,0.0,32.9887727240336,5.455760765599532,15.115885191206502
50.38202793139166,0.0,30.658419305365275,16.630548120560295,25.75598724983491
51.12939458363305,0.0,49.99849916749747,32.63834942546215,46.071003991773544
71.06255049418766,0.0,90.04020736851243,22.353715168011497,67.8930331818909
51.34835252563047,0.0,43.172352524764506,-1.6328612308262649,37.439829098668184
63.07601484321362,0.0,75.39783035270122,19.414892362797406,74.73792998059987
45.83102726069807,0.0,33.884538865994635,4.9078025163073775,33.91154283198873
47.14958948473572,0.0,45.421478470398064,21.397471817219436,61.131163105579134
36.279245249292586,0.0,40.621250618349926,2.8805042062361723,37.68038000059096
42.548006116561126,0.0,38.529282535779515,-27.1089668988479,20.901872512701825
56.11076983213391,0.0,48.79718112907109,70.56240599600834,70.62955645803444
50.560675324283075,0.0,54.17654254193614,17.49719287809745,47.32871891928106
60.55533597773852,0.0,76.33001787110396,22.24086674531781,81.60140395130642
52.41661960840798,0.0,51.49771735866971,-5.209943548701332,41.14906524115004
46.71387200990155,0.0,37.2518256462215,-7.261296567816142,39.176998551728694
73.43477183465497,0.0,66.96564998448679,26.766690441229898,70.6807139771277
49.47651975887115,0.0,72.08968543272225,19.632428235139816,46.35211797819183
62.90673559958792,0.0,60.054161592662666,32.170259997930955,70.98959905218372
46.19291235751555,0.0,35.91073993132447,16.436474585659514,59.09572470852097
58.06207183125898,0.0,41.748914197451015,2.9018599978655004,17.22401781158158
60.395881876277926,0.0,36.83837022928476,-14.39568802723955,56.32559447883192
52.707662011748006,0.0,52.45035263221201,15.258720596419451,33.81707981982921
25.321886116389944,0.0,28.615712827091706,-5.904476340441515,-15.619150980474814
50.67492396452951,0.0,42.40774648815672,-2.2378688906589446,46.834186262407464
63.62754609155262,0.0,59.176648025344896,34.34116913191971,61.882417889600305
56.116106442148464,0.0,39.567737735796996,-3.658213850561019,52.18619235346314
55.24374972660021,0.0,52.50212449181455,26.75893230654483,51.57580518427197
32.077316802924955,0.0,33.42273840513859,-14.538354383916442,34.307657572022904
42.781721825160204,0.0,33.185202150083924,13.105365553579444,24.001983480145487
54.87531239801507,0.0,68.62085880566657,31.023573420868928,54.83059228670385
54.86490127368444,0.0,41.865442795363386,13.094575220142481,52.14693478655859
63.45879262891599,0.0,62.16879467496092,46.39347570044573,73.06526733565133
48.931970373610916,0.0,53.868810345625036,41.62212304883627,43.06139242353362
54.8161856350612,0.0,49.85751279368929,21.172026348952762,43.14682615246684
50.654854910130055,0.0,44.59128105857556,23.1718321068956,40.33710169410109
39.93426065245861,0.0,20.930105598475226,24.598039855226638,10.733596343887267
26.376420757934547,0.0,37.087662480859166,9.871533218347665,29.72647538830221
55.085297653530304,0.0,49.142113772889104,24.13921841455196,27.614884600169816
52.3385459827805,0.0,53.92644214149395,9.083154588621818,50.02623723129197
43.87459946062805,0.0,47.040416364933066,-11.961163500569043,37.6200707887433
33.17878368559016,0.0,22.76204466000999,-13.650567945835444,1.6426234674015134
57.20875597960833,0.0,50.93660376048034,52.71625422189706,29.33095290580047
47.63849727889587,0.0,57.74192032532727,18.429041986491566,32.03847279372775
56.430184612903325,0.0,40.440020038842334,15.254789473871211,39.90885268970055
70.39753523242518,0.0,88.504941329324,44.1955368508854,87.95895176997843
27.598379538895905,0.0,16.044160936371085,-7.68985653939642,13.302211375369325
43.004552780838495,0.0,26.586021000926294,19.555257389346295,36.52302008437666
48.24268342911842,0.0,45.61499718962982,15.30488035130334,55.295226772071764
66.02493221962756,0.0,85.05866036916355,30.47258543660771,78.47501603171256
32.994678918052514,0.0,9.008655000521195,1.096417317946484,16.60723846514438
71.1648626483439,0.0,65.25050241605429,13.2207527466183,54.21887543048334
51.93153458536165,0.0,52.87990613779908,4.648857400479187,50.743593970673
49.4541120015223,0.0,45.761622384660114,3.8366834020643914,31.902058133949218
48.36359500555486,0.0,48.375086116524855,14.241712315384683,63.06667067108729
45.81835690804759,0.0,34.23456122889503,-9.043776249938812,45.00980264399462
61.679180367120246,0.0,51.07430987981095,4.023336808609429,54.05642178669608
39.062587147844084,0.0,33.62235525682681,11.081601522258772,35.206475706606454
54.170696627208216,0.0,38.08513674401492,15.675934051182914,43.97997813320028
46.37485421681915,0.0,41.90645036523719,15.871255634013256,32.33094091243628
42.33638202952734,0.0,34.29684884296554,10.336343440200327,37.747926838915944
78.11143105411585,0.0,68.59591349152824,66.12880459579674,66.3383521441683
54.95751437811943,0.0,54.20565805658481,19.69346566289488,71.41486644056843
57.032729111456476,0.0,33.58856346834358,13.706169067598589,33.9429506992069
62.63721130970395,0.0,55.937665568292026,23.553299947371688,60.0105782162607
35.2925536660895,0.0,56.008642973911954,21.47272183017588,22.92360075691856
69.2033987648785,0.0,53.32235282285951,25.037542474475213,48.006868084351666
23.671305237894405,0.0,33.668923650683865,10.361918841353004,-5.285971755546083
42.26550782849354,0.0,38.91901467721888,16.513070308313935,38.005796259880256
45.575070521796306,0.0,35.21312272692833,8.6585930760248,27.641139242908036
56.69569613211422,0.0,38.54823389050135,20.425219919278017,57.35584505268385
52.816931532625006,0.0,50.18853533837013,39.262521766124564,49.540064048710356
48.697452815414145,0.0,60.04093838730428,17.892427459703505,46.053600085597985
50.351700199820336,0.0,42.16928800478746,1.4815464757704095,22.45432960597156
40.02956914000358,0.0,35.28653084615238,5.200854083769828,37.35430235400953
34.481738174804065,0.0,41.38203633221126,-23.138972675484762,19.376487739765654
58.24278064663717,0.0,57.64986664176677,21.64923151045666,32.92055427324764
57.892248793254346,0.0,37.06154460508111,38.009531198363746,49.674655155431
67.41045663617444,0.0,64.09922822308252,5.848888058624617,44.088899968553434
42.03844101359165,0.0,54.1191211783252,12.917317313793008,11.197287404420177
57.88272936759644,0.0,53.298221794571226,33.401536440824025,65.40217757276739
47.448444178382076,0.0,14.4255353979195,29.156555367200426,22.430311535726723
63.200299626719,0.0,63.02303226014751,40.47216252525534,34.46282718645951
61.39972109192846,0.0,55.04562139954724,-4.878702056494351,40.424513446487516
52.73669814947417,0.0,29.277216911439165,23.802286657452292,28.986069203257387
46.851962370783504,0.0,25.07977322254371,-7.763103789054533,46.48086436830194
60.74759988469824,0.0,66.82270249012926,7.02153097264382,34.74867851516041
57.39216670547318,0.0,45.4573371506071,30.81653627249862,29.747470863444555
43.16654402748047,0.0,29.623595743397416,13.654473346162682,42.983534097577106
36.29216321046582,0.0,32.09302910390332,17.884520353514887,20.6040707347417
47.39687579437081,0.0,36.56714035403481,0.6594856687620982,38.94115025132808
66.67232036546142,0.0,63.38608522777818,45.111334624482325,52.884774795839704
62.73028302190098,0.0,56.308168490943835,31.879097844831144,79.06439853579052
38.59450574019638,0.0,22.03518638240923,21.44626564185288,8.840443298398192
38.00222834828233,0.0,28.74156680568777,-6.632251889831895,30.03657253613855
64.10008412998116,0.0,64.48442421829859,39.439140040962116,76.13112272180786
38.34545157214875,0.0,34.93163844132201,4.322473025781739,23.972722239557307
55.921791513083946,0.0,50.89485516822185,9.824281619809158,37.56948033924359
43.89707916904367,0.0,60.44445789774973,20.642635401442067,50.216378318531675
67.75826419859355,0.0,71.13010287560854,33.16107458600216,74.72434439553413
42.247787689157974,0.0,47.343305742982466,-1.0106835330941415,25.423014948917444
62.69688520649397,0.0,56.66423012302172,51.137655071993876,72.17690169335552
52.45513643631271,0.0,50.684382846543905,42.09942562844261,44.893089988960725
53.1746339594639,0.0,44.50039315923822,25.4536042888164,49.28348195160377
29.426847286491103,0.0,33.95056431179092,9.941241567803061,40.08799141934323
26.941429980642862,0.0,22.112147216585207,7.157422203717529,25.614020629188218
48.123113086466674,0.0,46.45054052417069,-7.690606078444535,39.643443979221026
53.11812242652985,0.0,50.70600478681485,18.486245325230463,36.38622876224595
38.45698401002065,0.0,34.405467037381904,10.241713107629847,62.38757033133763
38.847039251269806,0.0,66.07126679052165,0.9364233027372393,28.620844441733613
56.47931395223574,0.0,45.25606669415041,14.38463581647947,49.6692468410767
56.49407923604742,0.0,45.17436883751788,-14.804346605018345,52.05066484735654
49.00810950406363,0.0,52.311766201958235,-0.8245985502961712,49.05738933704473
58.81646750512563,0.0,48.30904207422844,33.01840171285172,74.97898411249983
37.93336382881609,0.0,30.99959481051931,32.94665194031103,27.73996838151225
46.67667501479519,0.0,31.180143039114363,0.06266708154207379,32.72487890423046
68.08771607949585,0.0,68.91984838393199,27.700360922293147,81.15067326758093
51.20992598124082,0.0,52.46691470155348,31.325898664207003,42.14176280887296
51.829562046425124,0.0,44.40494237828292,8.85773732623339,52.80644037868508
75.1192830536066,0.0,78.1927934570609,38.517643286657226,72.40661271964541
35.527710131373595,0.0,12.057223269158552,6.752959856568067,31.058556576720775
58.98987304597227,0.0,47.297682689013214,36.89837795845709,57.29869757083031
68.25983970737934,0.0,62.08900224307194,7.1464729313595186,54.80647794837012
47.00873737794623,0.0,30.597846786651726,-2.026351918902506,10.972770275285498
59.665179132263546,0.0,36.937003307897314,24.43395910433219,24.729976511947463
39.986866211821265,0.0,32.843271320534114,11.035516544634692,6.308790504883813
43.142053729119105,0.0,46.54585847444839,10.620172546837876,34.71404673533421
54.59331825740285,0.0,64.02285233080677,25.821807085722448,20.56877389780959
59.01269980496361,0.0,49.00854765933805,7.021808664524839,46.782203049735244
62.457270486302654,0.0,65.94339289328254,2.731686491827112,58.22168277344756
67.25161343185638,0.0,69.63227473310253,17.616861216854407,72.03649981914484
49.75921692962629,0.0,58.60002652197359,9.579101592954904,50.87769881276715
63.233816490231234,0.0,55.24258196139691,18.457607961665218,65.1645442792141
46.82231442119845,0.0,23.788351515363185,31.319445717634718,36.95099086782082
60.11887628622365,0.0,56.62944002000519,31.60058762618982,47.89784957209613
52.69694295887728,0.0,37.86519147883894,24.179356951969158,39.233940155911526
55.242029757504746,0.0,43.438143744917205,21.192218950628206,33.56774138194636
55.00513958797383,0.0,47.67371925610828,11.815254927324986,48.14609327368371
33.333376961593075,0.0,25.97593425842299,-6.010363853861973,2.3199597000156693
38.46848090084539,0.0,36.106896829796014,-8.02459591748882,42.41014061470889
51.57556450312591,0.0,54.9308965613502,6.262083894785057,32.9244307258179
32.45106048731396,0.0,24.80397383682641,4.933379094066192,22.982306611108413
59.36151049717925,0.0,59.3294872645772,4.052266048713257,56.185545640584444
59.79260148522121,0.0,55.722888639507666,22.953634023705316,65.92464019297078
53.97576068373994,0.0,59.748252275024825,14.627997522034155,27.18144940285042
38.500406490127325,0.0,32.6448026017736,3.2642826661412627,24.01724912200759
65.22688777021058,0.0,60.071715284875516,39.91935734945335,63.76265803486947
72.24779866320878,0.0,63.8452565294454,-7.26411873912874,85.28945258546105
52.05143188216549,0.0,46.241354544711236,10.902979994261418,42.113595385057785
55.935041687009814,0.0,43.48452240719094,-14.704973468672335,37.32532139571525
52.63550180722378,0.0,39.19305364376707,19.993101888489683,66.21301927298983
56.14696896426577,0.0,60.19193137464139,29.3016183974961,59.984478243254074
49.20239018054693,0.0,33.69634741551039,-4.294753575295335,53.758003155366545
50.110569497891156,0.0,42.673991977853944,-1.991212288587139,24.93050382686096
60.15762373383114,0.0,66.66863083881198,-3.166412495831459,61.51142295420649
75.54324397702679,0.0,67.3135980795216,30.118015885953014,53.488441245488545
35.51991992318375,0.0,40.480441192895576,2.4225621144072997,11.875499842308304
49.37064149015987,0.0,39.06941597941637,10.910325488298337,45.631676063327646
37.86649412364089,0.0,22.894559237187806,3.329154217194274,32.7765818181919
67.4909214223374,0.0,46.25640488141102,11.076113668905691,48.4363270426836
44.19982420483418,0.0,54.13219569911973,27.945179571859974,56.83677932416902
35.059074032395756,0.0,19.22854839513266,10.809284673105696,16.76891356315812
57.29901863350951,0.0,61.021748936177524,2.50051314657604,47.73239309435157
69.11812276514016,0.0,54.15026848332471,15.818161568411082,57.64271682403944
57.5705376347572,0.0,67.32209698236319,7.05471266730563,50.186444404356855
52.66819006399605,0.0,71.91523211204526,36.461168411156294,66.7903403791322
54.85162653243962,0.0,32.86428027134964,27.871569904263975,27.69328809757481
65.59768095978286,0.0,49.79301146469315,21.972781719421253,44.65507137967431
41.13894171078455,0.0,45.414337101743456,34.37054373955874,19.10092858233734
49.284790358870936,0.0,50.66787713670056,35.25153652153082,65.32579037006354
45.64283067578222,0.0,49.880814278767055,9.537170736831829,34.73111049682314
38.00107551237889,0.0,28.07848345077474,2.8029033817575257,16.720713557615
46.9711541416447,0.0,63.99628351236905,8.4119934497861,40.49019642370325
62.31606175519258,0.0,59.29527567833561,8.525915250938112,65.02815596022957
56.53412363698315,0.0,39.48651494957267,43.20855845256248,52.278198658168456
57.3644491742578,0.0,50.50107942453171,5.048324082163127,40.78673360003244
52.04500780013267,0.0,35.21640559408334,28.542671462445767,34.26654268181469
56.07168772849783,0.0,68.74367182602478,28.250740739757557,34.331646814437434
41.925464279636664,0.0,31.019235860075547,6.449180954364638,31.947704900096625
47.17273352188907,0.0,48.3746221572502,39.13560578009128,55.50593902830426
52.53148807466954,0.0,43.449575793670995,-5.396042973093497,34.85933576425499
53.44519273885142,0.0,42.816272369904084,15.953375439806399,50.56695630291476
53.90114949583182,0.0,29.562840925297913,10.435563463754558,31.70056317687572
49.001760155737344,0.0,51.29053285196936,28.17063902112165,28.110743696232944
46.44706729999191,0.0,56.19745971398445,18.21259322209783,49.80352509630959
84.22115928247862,0.0,69.88199289396579,9.650041033053132,103.7527038411014
60.169053346217964,0.0,39.585355986142915,38.238024345329436,53.59587806079085
54.8944371614848,0.0,59.25248188711719,24.71380192277723,43.555114730753274
47.988025435248325,0.0,26.545118992768348,-0.5146280213249632,29.153360409974475
45.65855197011595,0.0,54.579722378906524,7.869352679948079,64.04775247072442
49.08226944417288,0.0,35.47032282781417,-3.6389781230678437,40.8889596134517
53.608814305537585,0.0,37.8143415729835,14.75889231622253,31.681032419968048
30.387154336190985,0.0,29.295844005179948,6.519331074167127,20.061635790183903
33.71072752697795,0.0,18.948132420064724,1.5147889999326196,22.94068239302981
43.674708619141995,0.0,32.243377102146226,5.358822467969423,37.78626005314181
52.69320998275892,0.0,52.334542849670584,-6.063095560232576,63.809738074061954
47.92322374041304,0.0,18.19753942489708,18.793834273227805,46.86222095350415
66.27384338685188,0.0,79.31495030766848,-2.9919012882636977,66.00549683365794
34.64025889344841,0.0,31.30843710131162,7.179340948309925,24.194263166844515
42.451653222229446,0.0,24.842189509706017,-14.318640032299843,33.691934955678825
66.72230471124946,0.0,51.61264308478152,25.085004429030253,47.893106312606
51.88092354208047,0.0,58.28363702135941,16.13042585705077,58.347201056933756
59.93457100009558,0.0,62.06563869076263,26.326641711231748,50.901559940484574
72.3977786979172,0.0,82.62846672778835,39.643511170814406,75.3623276710442
43.06648809666318,0.0,31.903475255823068,26.134587781860972,52.74478787072218
49.4187048696939,0.0,48.50904059696727,-7.8247103497038815,48.16460506054615
47.568970847235875,0.0,48.06655903792271,13.026633216393503,42.59034921352671
29.594770611571857,0.0,33.24493366754349,32.305909929539155,14.968107611376809
47.16325667021985,0.0,55.0823740517022,15.302200043101692,40.54960450786433
59.89417690101438,0.0,48.07626479263304,8.905579308554122,34.99306418525907
56.25617498593033,0.0,50.88246765356264,17.49812089468912,53.88657809193266
57.09489131500809,0.0,46.458577807145424,13.67570430664687,19.89355851083492
46.46752317362102,0.0,41.9136616077069,-3.336726386217542,49.089591200782856
43.469395060662315,0.0,46.914258631684405,23.84088364163555,45.34817640991385
64.04208322618098,0.0,42.240401164077,31.134779258105414,51.81504219289058
45.165984427635266,0.0,52.92996770191198,-6.279235360927757,32.68610977305835
53.62220488660386,0.0,37.447740778870156,15.859248447424385,40.93759866353359
52.225149512528546,0.0,44.87648667025223,8.423428324209038,20.174499763167827
66.0985619138797,0.0,74.92622639469099,1.4614252402681203,72.35012689267785
60.85958218930294,0.0,60.08554254381877,1.2140819131884761,51.50670080827513
36.63985861562967,0.0,36.404559057658716,-9.99912528858756,46.70372258756838
37.790707744405395,0.0,21.4501796946081,7.6494585843066805,29.037385797399377
56.6656329562656,0.0,41.445042661231085,12.392961593693373,47.575876507746244
49.79243611759744,0.0,55.69789605820614,1.5523033893801124,48.733190813507456
45.616314024250414,0.0,35.39983103421508,7.251416277055994,22.199191942917768
61.3320318017167,0.0,51.84217520265751,31.94487512302296,45.78818825859075
52.48292561019089,0.0,58.58222418228559,21.573942529640064,48.326544689212184
51.040408792853434,0.0,35.85496839029312,29.872699241998685,34.8999371107087
58.81248108407179,0.0,57.45175453026965,16.80885319106623,43.986599534750304
46.4717970815157,0.0,42.92859151099664,35.82653217198663,33.787550313516334
67.23975717170084,0.0,62.856679833356694,29.56271286665246,59.838592794587456
42.05948513786128,0.0,32.652408550956224,3.929248878794792,59.756523272900964
57.499280470463276,0.0,47.176566877496,20.614282173714713,43.00122355888074
65.80061524233413,0.0,50.06009244608462,6.279308544877036,45.851765004988465
35.76328221815097,0.0,37.05764274706932,3.0439265800345856,25.409003942633216
46.81130516302406,0.0,35.738262907954685,19.48949410887105,54.138468433705555
62.68455307398328,0.0,68.65899469201378,30.773636983952187,77.18445141846999
62.84522735674069,0.0,56.190088934020906,16.462647353762485,78.2247327356456
48.647437118888895,0.0,33.41284849198698,52.964590431891665,36.861414541205946
42.62982146083259,0.0,36.18230785753969,8.70566098473403,40.32891472571671
60.69421305922908,0.0,52.1047522993117,-2.591003692420479,37.900987711826495
63.126295519388755,0.0,69.52018806381265,39.493917192379925,53.73705524222257
38.03528892811959,0.0,30.278712182877946,17.162674261788105,13.087430919600441
37.61589350802401,0.0,30.848383564964692,11.641631870181707,32.764013757597425
52.886795498687555,0.0,63.715342336044955,10.217966377739707,49.0111534035706
57.20470757880959,0.0,58.40095395581187,24.685445110423085,53.05953495950216
47.284295062664,0.0,60.866889345907204,36.505007068148856,32.8064379388636
57.73825125896177,0.0,66.86961510028051,22.277114140332465,63.828980689667404
42.89197617801584,0.0,29.56891397669581,-9.438768395488868,0.4738092953363058
27.884071448783654,0.0,34.6818476766348,-45.63519922800403,17.402564030473183
45.950446326050816,0.0,58.10208008663038,18.376408274252093,40.176696771649105
51.15553873546598,0.0,63.29705378940865,1.924841615296451,21.842280809415282
47.53250179395154,0.0,53.97248662462475,12.421692882778261,46.26613945299944
38.100041854932996,0.0,44.484674789061195,-2.758401424478988,29.195578020013286
31.079408654397906,0.0,24.144510729303754,-7.629084031249402,26.813436890085136
44.98677671519634,0.0,32.1544102559004,1.6437332404416747,57.87171331950066
60.071481868490494,0.0,52.11323246222708,11.207983649999226,54.58416598452293
63.902554029324335,0.0,41.98948596861842,33.76204960050216,62.547340063600615
63.170791500126,0.0,73.0948551589548,30.505023060128217,76.50281526211444
41.76177637850579,0.0,34.84796889053112,-6.367270452978204,37.3916550319003
38.15236640269292,0.0,47.96244708532713,-6.430916232722161,21.643756751768855
55.786509918634,0.0,38.597945997821526,23.70557154889356,22.67724134010626
57.266033706009836,0.0,64.53874832146113,34.00774231396073,56.815242736805786
54.75576664194535,0.0,45.37942279641624,32.41166614813856,39.416742967152146
28.959321749311023,0.0,11.673035524382977,-10.513438904320422,30.42720585598915
41.2171002320638,0.0,54.52754400172083,24.296966309484013,30.86176516338391
50.162664416702185,0.0,57.81885439762564,-9.758251713400874,44.47643560712163
55.68589403741568,0.0,53.771152449682845,15.448845233721105,33.20133308192662
58.678689325787445,0.0,54.83048449306635,26.81563340634607,45.99436290039843
52.0212644377997,0.0,52.579171294847185,-13.000008710760259,32.72599590367317
54.014368847736314,0.0,51.946777496703554,46.88097582793735,35.2039256874432
51.386693957352456,0.0,38.92146740330001,34.640352998086996,39.211871861868815
57.80584076644365,0.0,49.253445504537375,28.590272997550798,40.351472096684844
53.82291064037251,0.0,70.44636108563307,3.685107712239102,84.10730439410634
51.182310528014604,0.0,75.37924743964825,14.873010553791222,61.18981414444781
47.61233228107934,0.0,60.13074105922861,25.00900728351371,56.93642558773779
51.34850486866365,0.0,52.327639001666775,0.10388838960027513,42.51788580727817
55.6578261118329,0.0,47.9286341613381,15.749215899192995,47.197250398882574
53.337908792534584,0.0,40.77656476559876,29.846205202277748,36.56829932166359
54.549081753337866,0.0,42.66424551102092,-3.378266435257295,76.18976753394983
64.82708061554877,0.0,54.659584052733386,28.01612603500044,53.5945118827805
53.3132104257343,0.0,71.96062608648177,-7.723776889216623,43.82006510419608
43.5452459139921,0.0,58.71143413953831,-1.664898479968354,30.43477822775373
59.92136632357017,0.0,63.5893540016697,13.525046705491933,58.07856123615167
35.88185696801657,0.0,21.9022320485714,14.660593062923002,40.553750779607476
38.92482747440608,0.0,44.50729729352728,-0.7791447634468653,45.565766257939224
54.068472667242,0.0,47.415592866690496,19.188088773772698,35.06143127194819
55.997670453533004,0.0,29.05458185708859,8.79499215866395,30.673913277875812
37.17633227778216,0.0,36.37702261689216,0.6579109379988815,43.74990293293772
46.38943073769184,0.0,33.48497956046968,30.822474013248026,60.61885465369693
44.00379587412418,0.0,31.49868631210564,-4.321139259938342,30.146559873227375
45.27968324217409,0.0,38.65329984541586,23.286417603078284,50.16391017207456
60.56237916369896,0.0,51.04967455748327,20.972890215946496,32.28688740545945
58.02901180225425,0.0,53.470391039424364,11.485071458152921,38.84657045134813
50.27557025359951,0.0,45.34170329930598,-1.8225359707557338,28.360815492073343
44.646207559046324,0.0,20.83166170724222,-3.911825047158384,34.36420071348769
36.05868199244762,0.0,48.32738554711964,-2.887798142651512,28.72132971960797
65.65478535984896,0.0,50.921875191469184,21.672096633760695,57.42852694812309
56.806720579642075,0.0,42.55388729637099,27.428260960214367,60.34839213757472
42.92902697155554,0.0,35.516211691344836,7.065925701626039,24.195453282374196
58.16892354456499,0.0,52.82404345765682,16.384731395521325,50.46043350365643
49.72954360028091,0.0,61.11433917195933,13.850717974911468,28.620410822044278
47.41208499482933,0.0,46.249560489232536,20.479213841108034,53.56650585335416
55.130194910899405,0.0,56.977964886036126,27.08875055073497,61.89860402943542
42.556872259820594,0.0,41.532009648820846,-8.452371011154,38.40185857719669
46.806803042065354,0.0,45.25300509512496,9.453075851360097,39.7706321111853
51.77772356239353,0.0,50.96655873003548,33.456082143005304,37.464015733086185
45.14318181645597,0.0,20.717734338105483,-6.032634409779323,12.14636376070882
57.62917071408899,0.0,50.79542308222291,20.42301526294282,52.07234850127632
70.45115303870415,0.0,78.33960648980018,24.015166122104763,75.8808186588073
42.42010356970336,0.0,80.208102465672,3.0316998590271824,70.69951304625846
32.68777702608981,0.0,16.184475467905358,28.08506864500586,13.720773979866355
29.090996016191646,0.0,29.869696496854004,4.210644736265537,23.389763050144534
48.872118709961526,0.0,38.79109264433724,35.857574154119206,51.81180308471852
43.39387930878104,0.0,61.11670784134108,11.631566223954527,54.74490151258271
52.70091466416769,0.0,34.27152542226946,23.15307510805006,31.701708879801863
51.89671990799689,0.0,54.41887891064167,8.091331157643108,41.47168889536713
33.34927821117299,0.0,14.68759700810109,-1.9453225815629471,12.13246858697822
31.087584359833667,0.0,23.98424150213353,10.557251545815454,8.510267809465274
53.641985256281856,0.0,49.1582705349035,23.21147481455613,63.072057356224285
51.926971311262974,0.0,59.15472304989787,24.668584079994893,47.19654557567041
45.92996368031297,0.0,30.544099234745048,18.254091100075236,32.219013821437805
32.773062821898634,0.0,36.03114205288684,-13.117185487498226,27.80138529307109
55.51678086728057,0.0,51.56257868610342,6.851814013631527,47.54064411453798
64.0703334162434,0.0,62.65676668542078,34.89291099820789,54.03635163930562
53.45017823128307,0.0,59.47337752146893,-10.518909810704717,38.17346595873828
41.42450644816543,0.0,23.942866167513415,14.593243296398104,47.226520018940704
50.955940302742874,0.0,55.458790991210186,14.131717323503675,37.43086441508607
35.882757264026026,0.0,26.047950352781367,19.396251991302073,12.457837767908044
61.78436451639765,0.0,69.11950368281374,27.53035102873051,55.99194019700869
51.35441279048634,0.0,50.81325054439212,6.570711155038643,70.3783744867582
31.586868570749548,0.0,25.62871345884917,-4.932641326699118,10.3934891691968
47.26714245326225,0.0,37.01291016645805,6.314089688541589,44.98876941855079
55.430340633145676,0.0,59.99056790059243,26.341417070183425,46.28103755190961
46.92122924894088,0.0,56.258937560035946,-18.951126695026744,44.7504382044424
47.53190597339012,0.0,37.878104015775534,16.044218006495473,48.10729400689792
37.39697015395792,0.0,21.56710072716652,-4.186977247468215,2.4123025124130955
56.53347011908768,0.0,59.70881913611271,21.46282356197835,38.92885974543144
43.55090178341504,0.0,24.276420044096533,16.49310937984039,40.755472521989546
27.437947362019987,0.0,9.95412168429299,-20.6418525469174,13.933223678713006
46.512952271703114,0.0,31.270130922430116,10.06955456453986,36.45775145866509
60.96362733695825,0.0,52.32092625150249,23.400646463757006,60.15939883048709
46.345493760756156,0.0,28.21014122143847,14.413805293357369,21.653667756469513
69.05052710959868,0.0,44.149431821715,23.930858832622846,68.18133827945536
55.06348131334408,0.0,38.90376439510129,0.7614315648340053,52.920404139187774
54.099576049662915,0.0,56.76936712766389,2.3772675045262712,50.333520734945196
49.10793868158393,0.0,31.6105900299311,-4.726307840292709,41.751199501284
49.750245150335076,0.0,42.09605506973252,22.85307196068859,54.11795700555617
47.665172109481425,0.0,64.24625689694179,12.27113985345936,37.272404710179984
47.25009929801245,0.0,42.719145244625196,12.942315824745577,46.10154650913556
56.152289882113045,0.0,55.61292206034294,-5.469068341770832,70.35738200245828
40.480394862409554,0.0,26.57583048562806,9.477532830611521,35.7576615761684
38.983804725772494,0.0,58.008106176252504,18.057534124998554,33.35643022955627
38.47838398489538,0.0,28.891061476132883,-17.103788114279492,55.86208718621332
72.33802310186701,0.0,65.48194625745901,19.914885032096677,66.87692529343738
56.14668808017229,0.0,65.91931144251146,-3.567740775329586,69.15863809104462
53.73343905772431,0.0,47.688226528452745,11.312306605512385,39.065807346623615
39.180188824287534,0.0,35.81518822209203,-3.4599886422548813,42.89009618864067
57.14040077951197,0.0,49.9788950062205,24.474835365807536,40.81553145164599
49.234311111852925,0.0,42.281420733990394,17.146969170757373,43.27326339002003
52.76832130412887,0.0,52.58316746995859,34.90378360063781,37.49577150886906
40.04455728432651,0.0,42.00887719836642,8.949474195929852,55.83141344960128
52.19239072548288,0.0,41.29022156178016,21.15768294755129,38.44671336216423
45.95116793844268,0.0,33.856676643453056,5.098708162027913,20.335923537613645
42.29922218597951,0.0,31.92827917051321,-4.593341713754803,31.96560690251692
58.32393131325407,0.0,39.29545207977275,31.52083608018866,52.012916978061995
34.04925222995904,0.0,13.436803571290962,23.93608292719233,18.513859263773092
56.51461378836231,0.0,55.4889958577206,28.707128883715285,38.67262563911118
57.79373191786226,0.0,63.53333068091703,21.31548572969561,65.19065334150474
41.08076741094509,0.0,46.39322794870483,-3.445575152650788,49.941352454949616
41.71455948340029,0.0,12.594339090034943,26.716758366523187,3.9039432849774336
48.09683038040565,0.0,41.47849735149346,22.303200146414184,27.173337716241143
53.49349338185503,0.0,37.713711452735204,45.636782017528986,39.13232292941728
48.84661485188233,0.0,46.32946347535362,-1.7187063089612415,33.53808971856104
55.11257436788161,0.0,46.54546418232797,30.147715937113073,51.60487490147173
69.31759892609298,0.0,71.19045253229277,33.53746773634569,86.36718015772632
45.05486287902908,0.0,40.8793559655884,7.645399968247,30.849679873928437
32.152935229857334,0.0,8.339739274316077,24.593057274320966,35.527597347507196
59.305012541318135,0.0,44.853767184292145,25.96655443143011,29.41728919106038
68.46636548621366,0.0,64.1518108919587,12.129455230922163,66.31099861839849
54.67668324577863,0.0,51.491741680394014,16.08557858337799,38.78005841763553
38.85713388950366,0.0,20.11689336005352,-4.312059666656548,30.518049769135317
49.156084935919324,0.0,28.854721915254615,8.116953227980378,13.181440222697425
38.5283003840257,0.0,35.2629435562888,18.796274034690448,12.849597906592003
57.34890221266842,0.0,38.31166788641931,33.16229459008851,50.19543560883482
36.0411505167891,0.0,14.566960913305781,10.62854002740325,12.853232209658174
47.272971990183294,0.0,38.55173442904942,3.114382788604665,32.56857538944644
39.74839147676617,0.0,30.69842271446441,14.926242947596613,51.36882313641635
51.835034666497805,0.0,38.4507713736416,26.385326717258245,41.78984604460913
46.56547720349562,0.0,35.120096449135254,-14.494963288066824,46.27230162630423
52.36862356153082,0.0,48.41631010747532,18.126065162483187,34.0230700431241
50.71871272234999,0.0,39.02804169293806,12.897826920729065,22.649592971443063
39.937292123823816,0.0,36.80060494981031,23.091933109143433,29.4334137095841
57.17817025732554,0.0,48.97077868582821,24.56295579283895,28.755493126903822
49.958825254343665,0.0,47.67556260733164,21.985603651364784,32.706611252412685
39.917311102072,0.0,45.32556150225946,2.850666896898206,35.97543076668836
74.42453416299344,0.0,78.82666106972273,28.62964045688365,68.2501800552275
55.57062232111362,0.0,65.04790497663825,31.542546899294067,55.17067007903242
48.84228136476549,0.0,53.67304841118124,13.632387056966921,49.87924332743741
65.6015689005497,0.0,63.79938422000285,26.218745675869645,43.3907179926306
70.15997309543653,0.0,61.16872970932063,4.618439136762479,49.26048372091009
48.926813001635146,0.0,40.78426960738951,13.627264973139376,11.353872940394076
54.19188854004302,0.0,40.77365606350221,-10.865665096857718,37.96017808839473
39.92293352065411,0.0,36.086344377583,2.3713447595263784,39.41011657397172
48.90711675721279,0.0,52.247332259348916,15.477321259804127,60.6182817082949
48.35288003636148,0.0,36.64467918146259,25.086409043958536,39.230666268871325
52.45479856712386,0.0,47.960782164972976,2.452236405809405,60.56944376286613
54.03548988924856,0.0,42.7406269079944,22.66660381038882,47.851781691311544
56.46174562861977,0.0,54.50785257913532,39.427714553325366,49.82807818371727
53.01914151493761,0.0,43.09596960956409,7.813066548481794,34.75812802306639
37.54292484478882,0.0,25.874293045416632,-13.463875702546172,-4.477684684969219
40.45223012764825,0.0,29.363586256680954,14.019895673203028,43.852002396149004
44.64144526862629,0.0,46.001657920332875,-4.559286075841889,36.17400296343621
47.46411006887691,0.0,42.426058369451646,2.248181540826165,55.25080504180103
61.707576491541985,0.0,52.914817164940594,34.628609923180825,40.17720195167243
38.05371399427732,0.0,36.96740213009742,35.0659817763024,59.36290115766647
46.660859589423225,0.0,38.274205722339055,-0.7536093001835518,32.94251753519971
60.66294484171051,0.0,68.34164640961502,10.65169151166623,47.261146568849654
47.27565730060544,0.0,32.95970110895757,7.487171556596392,32.23250618414744
55.39950477667599,0.0,49.27020023251689,10.430906029887907,48.212947165124504
48.98886573216375,0.0,30.08389638515627,41.87049069294699,34.48160790831248
53.22366174318589,0.0,45.43980425297623,9.478030603116778,36.822761226611775
48.038629827083504,0.0,26.241494658998445,8.640907751268792,10.950240930207489
57.607589511807085,0.0,61.31580252086647,42.138569439562104,41.38849136616267
33.970731335157,0.0,38.29936226953542,14.49973487544784,39.72691885397563
46.597849674104246,0.0,50.89609425101732,27.206081569615705,28.841465444849497
53.64881773075419,0.0,49.83358153962919,4.419642459184221,23.48102227705411
56.1825084097868,0.0,42.707867903989246,11.109648744778259,31.52384029290672
66.43231911209492,0.0,53.62281026104782,9.56258797134421,54.76491391695137
46.30173571040184,0.0,58.49884198505583,24.441491168217404,32.42092433633517
66.28838091804535,0.0,77.14161050189344,41.400525222231806,59.39100970773728
43.43812399515205,0.0,40.78991801610065,3.124775931503624,24.369925228447332
64.67668229715706,0.0,54.90999169923951,18.116295401806244,67.51754755357577
59.214654021383886,0.0,69.4801040347258,15.73095408905439,61.26122299658466
40.71945002640275,0.0,29.472390524455218,-11.72050422662604,56.50692024796045
53.76065451954821,0.0,52.05953292386325,7.7544671092152395,40.90753119206695
49.932430966554506,0.0,60.18128367286193,26.042379648166467,41.637905267873755
57.16436002068739,0.0,44.13345084080416,6.784278844483177,60.656743455742294
48.09420282498883,0.0,52.84342348633014,15.44578182562312,46.44117662160768
47.19692107553888,0.0,48.69549147673045,-4.789766483684982,27.86357825905454
65.10887714825242,0.0,60.372751213060475,21.45737542581721,63.84530764177592
49.425045901851014,0.0,34.865045601994225,6.928806119134658,42.0864908975518
59.310341666353224,0.0,47.42654701330897,3.084410427593504,26.138108404162136
48.07197881389107,0.0,47.110017872702436,25.261143643289408,31.677283377281377
68.28844363894702,0.0,48.85480032044854,37.16441524646678,58.22755401033278
43.23178513641887,0.0,40.67377856686784,-2.1992150055041826,52.195474260011956
43.91767676623465,0.0,45.689500875773625,8.793761192903885,44.900840050375045
66.76959121093945,0.0,72.84806112742307,25.02381868676968,54.912455871098494
45.72557390169885,0.0,26.944575602894965,-12.739244175603229,23.058829070247317
67.58761571647571,0.0,77.15474657031433,5.16153159062026,73.8425665426121
60.00934565840789,0.0,73.71849504307288,38.809810355561474,26.74219984641891
48.827438052306285,0.0,49.12965871277819,-0.4709028958221868,30.91819794227364
31.104577570818183,0.0,16.38779603171446,22.528084095922704,35.07075835852732
50.27347463441238,0.0,42.73895367168381,-3.6258805923920754,43.87779953129704
51.565826202295916,0.0,46.9772809482712,25.32744878642311,32.97870341312942
62.951792358915114,0.0,61.532823126054794,17.914302251160606,40.591136003764646
67.45269291593809,0.0,63.326965830504264,22.36834190876327,70.07531572757992
43.16070163159805,0.0,42.195590479221096,37.577315826148684,35.5203945166036
59.040642448064695,0.0,53.86686653741223,2.477994702738748,47.54211508773465
58.658331904096954,0.0,57.25657783152487,28.32312695501699,55.673371377284
61.94947136050749,0.0,52.81286710140597,29.549794459029098,54.239983317206026
55.80847108081734,0.0,48.07205509268911,65.64665997097163,47.13354914914243
29.724010873095118,0.0,19.91985747656547,-11.139084552742482,0.9609974468555329
48.81918135801938,0.0,65.06889887948562,5.712795824946948,33.00767181507138
38.13098272882719,0.0,49.767469111220436,20.157532148300092,42.32216110455608
48.315020201655564,0.0,50.16187619569661,11.434824684137103,47.897295070209886
60.95138771525069,0.0,70.72861875665986,14.676525109960984,61.615148562633465
53.740476664102715,0.0,58.067012215582295,30.731558085566103,40.15526854200399
62.74741888180115,0.0,60.388184629459246,18.432366207679248,64.64340446878654
54.13158618339573,0.0,34.0714340472569,4.8858261047169,35.88125561760316
36.60708384635555,0.0,30.00556789326631,18.055822744564672,42.07312427804142
23.544260619539447,0.0,16.39645494403425,5.931571663747144,2.3575621462206175
52.06993786242765,0.0,35.98680969917199,11.912008338671054,32.94998158204077
48.194056873394906,0.0,28.441469710353715,9.113150040504685,32.35626457752046
40.04108008462106,0.0,41.36820557647201,-3.182933761109892,42.48032500228665
32.30843326397584,0.0,31.988688201433376,15.677644986548328,22.690672831434743
42.629050849863305,0.0,26.34523369240119,6.057415518979367,29.81091482766895
48.401722601574235,0.0,36.47882090448459,3.4561249241927534,31.952397541385302
57.594899301675405,0.0,65.69362613309241,1.241396328158725,56.09074649530869
52.49544539703497,0.0,39.107264883115434,22.08048863577812,39.89549547456772
67.66233635295423,0.0,65.10770126607623,17.723164960387557,50.504071026418984
39.414307064423824,0.0,33.5304199429025,-18.996772748222796,30.638208130414878
59.89414168998529,0.0,61.023955433586316,3.6645846008446377,54.977222497756635
50.98528790098445,0.0,37.85153931093987,12.432655455597814,68.56954007885123
57.90253871823545,0.0,54.66179257468283,16.62969933146919,42.012415271437135
45.815666054660966,0.0,43.61505803916441,9.45134412579406,26.539565632651055
61.93096116723699,0.0,60.10331267973093,16.34637435002675,57.862213779293825
53.634415018527214,0.0,50.3506289840437,-3.6168613510871133,32.66504112014527
43.219920818426665,0.0,42.925120471198404,-0.8671670829082689,21.4215705473615
50.35141507417842,0.0,69.47947800226157,32.05742238122271,30.39590858864611
47.92020292206086,0.0,71.00023696209041,28.642049015808183,37.2577402471931
55.706838601983435,0.0,44.78685054756102,26.46362600667262,35.60310353119665
37.873799945097154,0.0,9.494229886103419,15.416395732997547,4.569358878390176
50.166266254984954,0.0,52.40664608372306,28.023799510376087,39.89453050305897
54.70381166663911,0.0,52.535723196409926,1.9742335980957062,17.007813297048127
50.832752700436956,0.0,57.987809285175196,16.104604931995013,51.358787149541826
64.87216536397665,0.0,63.572754567024994,7.57007985219767,50.737479362258206
58.750444516993575,0.0,55.162006807433016,4.45017950729736,45.326632682330384
50.39996019978292,0.0,58.28057130727367,20.589374114252802,52.30244698173034
52.79524955755796,0.0,62.11470255032853,30.06043107386048,52.616800414612264
53.63912496012326,0.0,34.84675779011583,14.45128623248554,32.50321329405952
54.789211156157926,0.0,42.00797611707106,41.05215033802472,49.05671381764964
30.972460758222493,0.0,26.12466527424491,7.709989548959555,39.660663173839005
47.258039394950124,0.0,44.28889186410921,2.7297788095355777,25.693679130191324
34.61843680875255,0.0,28.433990619033334,-8.58441152474076,33.23362073765202
64.13851966594187,0.0,64.43176784650488,37.30044012543594,43.4905932823218
49.82970728824795,0.0,56.31490009337681,16.899528379045453,58.61581592463869
48.414016244724245,0.0,62.61209196764049,23.837902415223496,35.87823011097591
60.062309310843084,0.0,61.95690664739377,-16.74203669912353,44.143297845095525
54.99249823516256,0.0,41.82971658856211,21.374571329650088,57.86404446065909
38.420262491431714,0.0,33.002158128101314,1.6070839332472753,37.133205048978695
49.72225908400052,0.0,44.8717555028528,-4.610095322999385,31.919230116668334
46.8985836483391,0.0,48.33964072345516,12.59511772087852,40.86868724034086
31.839294845136255,0.0,32.20127699472058,20.58745466532284,13.971111032419408
43.1041872855223,0.0,60.861044980565765,43.327952410659506,20.278104674358158
48.51873743942717,0.0,39.60281359016499,17.781160234193916,40.23894462492863
49.25162549175935,0.0,49.277766351229225,4.77857533809526,36.920061721545245
34.64202582561484,0.0,55.76460830772329,-4.1012097952100355,20.3144732680015
62.78561527198994,0.0,52.31529110170982,35.78187089830471,68.96215028829413
49.388906961308805,0.0,46.87735545998694,0.799468240421545,29.363367364341276
50.8811539749953,0.0,36.80985408471382,24.43821907043013,40.64072393001584
54.76081038771245,0.0,51.48952052865201,21.93785815367525,59.746850356915026
42.05917921479798,0.0,29.8820855717367,13.398934210774808,26.77824283066506
55.35612651460912,0.0,62.28264279496494,-3.970792420563388,40.82892842096891
46.557645319714666,0.0,44.11778537608122,8.26090968338732,41.45505859113078
40.89974100995107,0.0,27.100574954223347,-10.366328668564165,33.93016334712287
56.60726718730286,0.0,61.33000853795222,10.524821424473876,61.60612894147908
66.41865532510074,0.0,63.97925187275941,37.13042134435578,82.35425254237549
58.224805562240704,0.0,64.10748460358465,37.05081445509859,47.03948261639944
60.34204907678614,0.0,43.9621955724121,23.881680539784732,50.715834838739895
44.916876565445406,0.0,44.84910059174148,4.352253133030818,20.857845226129534
33.40908426094298,0.0,37.819736602906424,28.44367852181192,34.057133726707605
66.40223933416368,0.0,57.58205660186382,15.973648386355126,59.34062279839605
72.43269719857605,0.0,54.666617312056374,11.507978317109977,58.56250580966583
66.9650182855271,0.0,62.17482149946631,34.32129357181035,51.15565444517603
46.891969905280966,0.0,55.8827258701254,19.925008074945136,37.209199726095115
38.14245042045634,0.0,46.20252932248009,1.0203545046655913,34.86105961117128
39.09291220994182,0.0,30.689297261707146,10.60084574578255,15.882298290675479
32.48895550682424,0.0,15.155507895944575,11.789810868558376,14.335367378400868
49.332536806814346,0.0,40.72357771263566,17.686259119192414,39.04848306696491
67.63680643623627,0.0,58.31815176807414,31.343113785643475,39.000164188352024
48.96620691730439,0.0,49.650094479775966,7.488401103890471,28.140227740912422
53.71025974360772,0.0,48.477388148093226,24.637695726557027,36.31036977969457
65.17835608233997,0.0,52.88856463683796,23.772189486150268,74.26149794862067
46.16207388429156,0.0,53.85485846306844,6.425049511505757,30.014703946615306
72.22985633790074,0.0,69.27522070310162,23.935273199557145,64.36529849615812
71.7657248715037,0.0,71.94049052319201,25.76551531709714,52.52421615373203
49.0789490871611,0.0,26.784042148126947,-5.69104523238288,24.73268146783013
44.30885234529719,0.0,14.696667189278418,3.08354958531287,9.11499779834574
57.929988042772656,0.0,38.52427013852036,20.455775622412244,53.13971098822248
46.76653687002154,0.0,37.679402054813465,-5.631847966152723,19.4032138008509
38.12192554374441,0.0,40.3670765543475,-0.08088311370989132,41.44944994890617
64.17012320432681,0.0,35.083978270893525,56.57423798818304,54.360719826946486
63.477818686617965,0.0,76.0425557151588,6.677061720431231,59.4527814178333
52.14155874785085,0.0,49.851583704954095,10.951323820525289,55.49438202928115
36.9859920025398,0.0,47.54588727035153,-3.717883952650899,70.16499471547485
37.34221896396811,0.0,24.127290659857096,6.579454730247499,30.571633967965074
51.625654877234766,0.0,52.871284481076266,4.592816469677176,30.298673375455422
45.13869574499968,0.0,42.065907673069496,9.0835041274851,54.61414981333388
46.83526387753549,0.0,51.48407100027889,3.318102666607702,42.50566439450639
61.39972513499611,0.0,54.67173136846213,36.316569100741596,78.67785137648096
58.31402598105567,0.0,59.12027874520841,20.90261325282154,44.98888641395119
65.20555744640669,0.0,72.54870966586952,9.406181222788272,76.66327709577664
39.894934091348574,0.0,29.120525264694123,21.4774988180314,28.080662426941696
46.8128396273952,0.0,45.37303362310104,-0.07226570946484046,71.47623839706165
58.589728308206304,0.0,34.407664530315145,-2.136733876520619,40.51749599764812
55.26767875853775,0.0,58.552553943738886,18.035101253188852,86.26269167013822
66.8536107126091,0.0,83.18871944043644,51.32197289213633,70.63923904876185
54.97339220549276,0.0,37.66193631584856,-7.838563561387609,52.81442958982544
70.22722004210935,0.0,64.85420079671206,7.543753869886931,83.40946907763116
56.25006585626558,0.0,61.40129783567028,29.222211439419024,40.57933328803257
61.8293141052632,0.0,57.90021510324463,12.63280727112684,65.7304193045239
47.023087320108594,0.0,44.76336189158268,22.17020571466468,34.63708625266731
50.63255467718107,0.0,42.42638603686094,3.7289634112249743,42.24010161791985
60.21347292117662,0.0,51.44927968760259,22.796608426650277,51.476837074353206
67.7148103153724,0.0,62.43462780924927,49.50129179124035,66.66945909327725
58.27190117917396,0.0,54.512529342015306,2.895323077851252,56.49545947069599
49.59119063695896,0.0,33.038941278363055,29.384719827631546,29.53174285399526
65.19692757316673,0.0,60.17882077428913,33.113167078550205,58.467267148217886
27.058268877614005,0.0,39.99249315756045,-18.41150400969799,-7.614515319393753
35.28310204890669,0.0,27.04340736763391,14.970508744349207,36.27336921849232
57.763258827712754,0.0,40.479773164658766,20.475475811179127,66.381218326912
50.63064357760794,0.0,44.959642096421234,16.81317789832037,43.499031082877806
56.94989895197047,0.0,45.210712432005025,23.744591556380517,25.999147748586235
51.16809780562725,0.0,32.928476641049684,10.887659191804618,47.161842038735664
56.58053508777101,0.0,53.8819308541538,19.787315789682452,38.854995532043986
41.77787584803452,0.0,30.345637003125944,14.066595371107303,32.17455284115106
56.57562410090341,0.0,45.79413519289953,29.309993650289492,54.491821655318056
61.10536387410916,0.0,58.47976366935729,-0.2339173536494279,60.07476451320197
63.52166217959782,0.0,43.00781794253433,40.80498177999469,63.91391029886274
71.99502702417263,0.0,49.13023251362176,10.991189164293171,60.60737734081622
53.088122581438846,0.0,56.07581026288757,27.612716812553167,48.53637316827543
53.40667520231386,0.0,28.859117255565433,18.17470098168724,47.57066130361675
34.2045645914435,0.0,20.08382157766915,-11.551679236947653,20.087123875943526
44.80168213844938,0.0,21.788326871079732,19.768422800322767,21.04145604375781
48.4167823705979,0.0,39.24206322891459,0.9904612858171848,43.330909891016724
61.702717544873096,0.0,61.972828532932645,36.67569126904186,40.679661550865546
43.95125386385456,0.0,41.18610387983859,1.841761094279173,33.840481616461005
58.988907675699366,0.0,80.08568901822419,-0.9436997275496743,40.97555583584314
50.46256535684363,0.0,57.89777446249458,37.051546469989276,37.98384530737299
48.586825437724386,0.0,34.70021790747861,16.96140340863699,30.036091354199677
53.13936350095475,0.0,36.36083172435815,29.128430245981633,28.155648572897142
46.300328418340825,0.0,70.94667729797959,1.1509779361381636,59.40358518607643
45.895565508180276,0.0,53.15178592128569,-13.731562677398603,52.673176744100424
32.2639973916853,0.0,34.747670101605046,29.0417780071445,40.33172259880448
47.83046529430452,0.0,44.60189431124391,13.900002498363257,36.51735055617053
45.35136112913079,0.0,44.26766714010197,19.552037966731366,31.445710778469493
44.96655843136406,0.0,25.31278638653375,21.66911367097029,40.85240676403555
54.9342456203967,0.0,52.45307288126922,13.168510758169067,48.295043046340204
57.51747607073004,0.0,54.08387521197468,22.50238541060936,50.710524257741035
52.96092718723137,0.0,39.28493777053776,39.27163138541481,9.437331550534491
61.11605610210378,0.0,51.16841205665706,20.835026252772135,60.4906649058436
56.629860219352175,0.0,68.49053621066489,32.102375727725644,60.63933649886882
47.32717345958976,0.0,41.99069599589525,-14.345990696008318,37.61731385972433
45.53420395612757,0.0,63.46906472535758,28.564208428493913,52.997388285815695
53.82244674745382,0.0,31.279835698679125,-4.163858970267015,46.93673252465685
56.61068233863264,0.0,46.914075078705395,33.04030957455193,37.60516599259223
65.41607231740575,0.0,44.72038386513286,29.160054901316826,49.65177749786597
63.207758501104585,0.0,46.125076824837485,21.090072023396615,38.54637277744865
44.694172357335546,0.0,31.963941030724644,10.863533622849904,50.87917400701906
49.38994105709887,0.0,48.6789174297079,11.286239112594986,53.49107814978157
57.64982078137101,0.0,56.2836142264971,7.822586059897056,39.777125468203586
61.89161207161276,0.0,50.441137383140116,18.815867942249476,59.14761861481518
60.512924994573474,0.0,32.70073921098928,52.07589681039647,48.469025937644076
49.79734930585889,0.0,61.37898875131257,33.42319343471249,36.89070929914719
37.08047119750665,0.0,30.221077765591247,-4.19137908668921,27.807660378606382
39.806106790685725,0.0,24.111657655209655,13.352627594562321,37.21191387250338
53.393024145868765,0.0,52.18583860077555,18.40019074693113,57.16054105304275
54.13662592833711,0.0,52.17080401123953,15.451211835840466,75.10266764279842
38.740337720799815,0.0,31.461797719973653,-5.136053623104079,29.082470291897522
50.95612670861588,0.0,48.45339195132498,21.991832912501458,39.4594176138807
57.22462174785217,0.0,40.82046587487013,31.076033243492617,51.94367463483813
38.178862011730715,0.0,42.365326475404345,-3.0648524632424845,28.49313837921062
62.28695653230564,0.0,47.469261821744425,49.4924940829117,43.52521065388214
46.44591600234744,0.0,36.04134323855956,34.67717033267727,23.65092165818141
63.917680712025714,0.0,66.48544745609395,30.556474545951787,15.052528310961783
44.779873266586826,0.0,53.5513715390796,-5.042965923580191,48.403537501556016
39.51024448195319,0.0,52.41259140938365,15.074377617595733,14.396303073963995
45.584630349102326,0.0,52.7745260573199,16.72981661417397,28.631083778096425
49.46322150651642,0.0,41.98536393955169,22.119115335097845,42.97308462427854
46.32892685840227,0.0,26.027828608194746,35.577603155355916,28.071047326140157
48.171885661788295,0.0,59.012894312617405,11.698442974614224,70.31654667521734
54.04836198221881,0.0,64.42465846473789,46.2651062471669,30.799469545064884
48.65081609077899,0.0,37.50561975180153,20.169739041355985,65.28651531626886
49.77347268099006,0.0,55.46691767955814,10.96531646538394,60.8766496538542
32.21655004533078,0.0,24.949751690643886,39.220518549549425,32.273623916805725
54.66524642512834,0.0,66.4126582260014,29.441430559817565,68.67930525562085
49.52674286842124,0.0,40.0289351356416,8.51487131007148,43.829405589769976
67.68611865132726,0.0,84.26073446690327,26.089759053956808,44.85264603870411
40.44049717365412,0.0,44.86535214378638,18.88060531303827,39.6963750529219
31.157983493219664,0.0,46.44491107265246,2.7016795920138237,8.141818443971513
57.084049353671915,0.0,47.99654066167608,20.963214293649223,40.39735542537106
54.18258745599058,0.0,54.338444294365466,5.965874479748118,45.71164622920536
39.70463370452916,0.0,25.567517042947085,-14.222468177307654,15.488456763210843
34.13429378835148,0.0,39.28001678844237,7.962930377103368,38.54686441185558
66.90721115370162,0.0,72.07141943560937,26.44815266730914,59.15519840351488
65.58987789024113,0.0,86.62755153743456,31.178922728301735,70.32988009290958
23.901040487951605,0.0,25.392943275100322,-7.280236447122936,14.56058608512015
45.58371100489121,0.0,49.263720091836106,-6.1348447335792,40.124524266358925
68.26203844424053,0.0,58.90772786569062,11.616513510142378,47.80636132717092
45.393092933895886,0.0,47.14299884533298,27.526635404976496,23.10637934328446
45.23762743396251,0.0,37.24185050384762,3.1719198190552103,32.72353419169487
47.45856729909226,0.0,44.6703301840476,7.556525756096586,26.538156243808483
38.502939287724814,0.0,36.48948788609563,4.461842167352845,46.64061858556656
32.26410596951895,0.0,24.783515895761898,-3.2911499725628737,3.7314308133769565
61.7265214822627,0.0,58.132798898581456,11.859197642104796,82.79636673342446
30.787832975021818,0.0,23.089380495583285,-7.6514380118158325,23.036062497945093
53.12202666018584,0.0,44.99224722292578,36.63631013084884,43.90698495402876
59.95313014671217,0.0,67.1165296543365,30.23678609293605,48.24162833114852
34.973320291649664,0.0,33.03011819262245,24.508278756434024,33.689067946226785
40.603945426686934,0.0,40.3801660339267,30.442541209041885,29.487167322859364
63.44289748528492,0.0,43.7332199688537,-10.542699725532337,54.33232348428803
56.17392259345932,0.0,56.490509317272526,23.415878600551075,59.3742113870173
43.88410214250363,0.0,45.544049755627164,3.5614667887476497,44.47291870130957
63.326106798601415,0.0,54.823813592547644,38.24448526827436,69.32721664174014
63.37191105368982,0.0,81.14641289933394,12.083416770516662,68.57186982709796
53.354762526528646,0.0,25.01578121459934,2.1719492164635295,25.296208578340874
40.861544934157614,0.0,45.26059975533444,-10.047543926619731,7.752545671011081
46.0621314744106,0.0,49.614448636714855,8.753522005606898,41.65711108754964
53.539979492812236,0.0,55.151825328456646,30.021538792044048,49.2536765979896
48.46472926325852,0.0,46.29778513902442,17.94896973503179,63.90223015908652
60.51279366903598,0.0,62.10088495026663,4.01333291473853,52.44985586652086
34.134025322786954,0.0,39.53567777269222,36.79767601034007,31.48988965059701
34.51346095258564,0.0,23.04111916153836,15.82476328040982,31.81183655883501
52.41252893840117,0.0,51.4789751250697,27.46380772050469,50.8701306166739
45.227666951468834,0.0,39.31209899774102,30.66827404779161,45.79649334625142
43.779783990064445,0.0,28.25525738455964,-11.348984392887523,20.58923492387575
31.587939143667583,0.0,35.43555773521995,-7.7797512213251085,11.43231989572263
50.68874396833724,0.0,40.64720147026484,27.159031780119115,36.35608272562
49.91619730954227,0.0,30.01020619991888,3.7122213159724033,8.906537257984702
57.46241579489344,0.0,47.571471892065304,15.408784060851604,46.66007780394286
51.216166143906186,0.0,38.6837942956972,14.755815593300293,31.435226304994792
49.06299893830557,0.0,55.90395285234143,-3.332795372657671,47.25296361796033
63.0563241680935,0.0,60.394667882323915,17.274016771301874,52.022614434268306
36.45598122715286,0.0,47.25871834767048,20.626138264199703,18.261821755120543
56.21129389727808,0.0,44.993326584738526,28.87578347262237,61.7753385842559
32.62343244690291,0.0,38.11451256476551,21.31716664874045,26.25560884528754
41.52186966460735,0.0,67.65710128369747,24.754251030672023,51.77306770487354
37.52246805754377,0.0,37.44659834813037,14.044841712380357,31.07405081241248
58.83506836988048,0.0,63.74253642131421,24.642010556357807,58.896970682663266
49.780975371016126,0.0,53.065202947183806,18.632393290216005,25.934194471206126
50.33560943003656,0.0,31.224295973053565,6.531236869249369,52.68665079393009
38.65428362920052,0.0,40.99038621165411,-5.566178165196984,41.69321152695977
47.277623139494025,0.0,46.50927346370894,3.969167157040628,38.780247389326966
42.3221509588145,0.0,35.64784482659577,6.3689691053903665,35.517336368537194
54.577168706160826,0.0,41.08607539288747,8.456809226179047,55.490111997466194
39.889934381068784,0.0,43.34932064710167,15.45811301758101,27.744836719266402
64.68894835632345,0.0,50.08877080222069,26.100834248850767,33.702757343165395
32.57606212536015,0.0,51.39500957216197,9.96579844410353,24.801951518271117
41.86210677749719,0.0,39.15228860182668,15.662344062354965,34.53288456917348
68.40103576305921,0.0,51.082055058691346,42.14479562725835,56.20800642677891
45.830370055627576,0.0,36.40536841351407,12.770531065485192,51.29055365651773
36.43021546919971,0.0,29.662753720149883,21.934707499642364,13.605967344014038
52.820706558262536,0.0,74.2406010867546,24.01268648963028,41.26743886533196
45.40025535747037,0.0,32.0612565946021,28.573350736398254,19.991997291833737
41.5484930494613,0.0,36.40625581227433,33.29086366307388,36.9099631769257
38.77034763901258,0.0,29.21467670916949,17.137172783347317,8.19981399688433
80.06038597332724,0.0,80.76794264237734,33.16603095552772,83.83619186150737
47.79202339986375,0.0,38.249803076458576,15.340667290246328,25.264309347510444
29.904914026557236,0.0,14.139969799157504,-2.4865279745693813,6.2280338938026425
66.44040922790757,0.0,60.033012506137986,17.11940025497271,79.91526785634154
57.0092790546257,0.0,49.66268026877702,31.74745734665013,62.82492659654949
42.29008345353628,0.0,32.09803615228758,-2.634067839643162,32.31076122465108
40.509374501920384,0.0,30.91338276974349,32.721788217230845,12.732633466034894
57.6760527355399,0.0,66.02176627228792,17.26355902924145,78.05037389694338
47.841533827665636,0.0,40.43742514591225,54.3280479469011,35.15875480257472
29.90052821930438,0.0,14.187815373329546,-5.630662376674799,18.979480693571848
69.57682404420464,0.0,60.292095952344255,29.4676931421507,71.68766303523145
45.84263966317951,0.0,42.43119045181,7.9399439743205695,12.17777706605985
66.46030473996983,0.0,47.97941994771808,13.053452137051366,46.19465726588469
64.1401652915858,0.0,77.0440221251463,37.94489419575108,60.35591152718423
39.78395467328223,0.0,45.082061050972285,-6.010785935961991,34.46330877013023
61.51968422855778,0.0,72.39674266494674,11.987001256542296,41.51504959730692
43.51913108885423,0.0,43.72199793124624,19.88331828948696,39.35993452470486
30.533914440013497,0.0,4.656681720736575,14.982305497655332,13.909769650404302
45.942997774131676,0.0,58.20089594732403,-6.660725041690554,62.343770037642315
54.728710732384336,0.0,41.45159009324784,25.97855088377124,55.68822789782001
45.53548230331058,0.0,33.27771774101173,14.545682673559536,30.3100146007675
47.19903550399649,0.0,44.843436111878255,0.7113045327390637,36.003203496673784
62.69907047736033,0.0,73.00620075719571,11.04554146003785,71.53974850575996
51.617797998226955,0.0,58.67728729658848,-12.58264246739116,49.572088580590645
41.46912314679116,0.0,47.14774516541337,34.69607005892542,17.635973396606722
57.981194253134376,0.0,50.486306963964424,33.87824058580281,74.5701020581152
52.592087096697064,0.0,45.022970436878175,-1.5586792389673185,30.288514544911013
23.536163466084016,0.0,23.59425463892255,11.896621310530348,44.79614085071631
55.05690957336455,0.0,49.535591720466584,9.873217010658587,51.24451250309123
54.66664288584714,0.0,59.93863067792117,30.638841680537013,40.822231493650065
50.6948909735911,0.0,55.4088124736694,8.57432793561658,14.787935396504334
60.00784975290842,0.0,62.034893515997375,15.56286057373583,63.18394676038726
43.29526610442505,0.0,12.624432254302342,7.434784351786126,6.345117597368937
54.075444986338304,0.0,51.301653826217475,8.159515844053427,50.14410888863157
33.73669484163723,0.0,28.806819610849843,25.962832226553044,47.39695037038685
54.829716207841834,0.0,52.46659463513822,30.49900294486789,32.41536339230848
71.34863304722731,0.0,58.94142567975975,28.46524096828807,70.46810823325367
39.84970246426283,0.0,21.948320308379643,24.04228553300603,15.745178982122503
42.36129250059696,0.0,43.33547758126825,-11.943352348183385,48.42495692637639
42.8932708331745,0.0,35.18745677514619,-6.033869391201023,33.04296781657224
51.86894443038951,0.0,53.85990177310043,22.897328422474544,44.52763278349634
39.12118966253367,0.0,28.151240440816636,19.568971115039474,42.2647476430552
54.98098585212907,0.0,65.81966676862037,21.85772490661234,58.58132743166417
59.52850704990299,0.0,65.89926068833326,-6.110595343465516,44.24648893789563
56.1894747595884,0.0,55.165854620485206,3.614537979173292,70.78420964153487
31.584106310637416,0.0,25.586212232011718,10.932219015653832,1.4630818123768456
61.11341125678674,0.0,65.88389508636597,55.48371962006144,58.94381698870172
60.495806799508244,0.0,60.41093324414835,38.113692849827515,43.09980907798773
59.35029396361955,0.0,57.655980473362256,42.548552865225915,33.09358648729639
54.46376968789424,0.0,61.36400095163495,22.42344713192452,34.87287516443212
52.832649904548205,0.0,63.82073840577919,21.42505701652866,47.90742772338317
61.511131125275725,0.0,44.002767511272566,6.945790661635444,53.54607540487446
71.03292732914593,0.0,55.49842147835547,40.15511901207731,73.1882577444771
40.296511588627446,0.0,28.149293666202492,8.818740619465695,46.520792378769585
61.99982720489187,0.0,41.837553781867115,31.539628922159473,52.366179060239496
49.55865086547005,0.0,44.844328417176285,15.372779363318266,34.72988159125592
49.09431739842513,0.0,51.4020446853513,18.618404594829865,54.86078103900807
34.06182991610302,0.0,30.051552241000294,5.187247433532015,16.215544179306384
47.43687556589351,0.0,37.77126967289102,16.939586902624793,16.57450086900146
39.82396614876461,0.0,47.86068583023328,23.68301401772498,45.42478821060733
45.52353863815707,0.0,43.029920004840605,-5.120556253851262,53.14061419292124
38.74560539013197,0.0,38.510602225449055,-12.040108179145733,19.786448570677024
45.683239368387724,0.0,53.91303740253419,18.811610179338057,64.50933473315885
46.140542820462294,0.0,40.84494186394677,33.361872476202294,43.70490017843686
51.51373464357194,0.0,69.22974006574073,39.86841336223161,54.56473396995078
33.22604618749477,0.0,24.71826681194959,-11.289815342739644,15.181489719928848
35.03431275347239,0.0,52.375079565925326,1.2807900036462119,44.09297401060533
54.34700258446407,0.0,39.900147680080536,-3.2726008453704623,23.41208621004291
41.95914628536437,0.0,43.51531537635706,3.0047307123966345,29.785312419097657
61.961407613476716,0.0,50.898685425501974,37.57955382783474,42.463413465415044
52.88693483340356,0.0,60.62590763631411,16.58787860903508,31.257807521684754
56.96323935423566,0.0,47.72506339793148,13.741333351291576,57.58944618635995
65.55335529130697,0.0,64.30555363137128,31.41202321709428,62.690371122091534
47.170586598359804,0.0,36.277670115391416,2.424309825334234,45.878738487991185
44.34141597170925,0.0,50.29803595831544,34.520717460132914,34.43553166818105
59.794168134818335,0.0,48.62886889158879,20.668339335871295,61.55993477552415
55.92412344369527,0.0,69.57714878872014,12.776805900634635,53.60111551730254
48.47824084426277,0.0,33.90741019511918,22.616250571379886,30.226832894503964
65.34783330399995,0.0,46.78707099226952,36.854004509801285,44.994031674613865
48.2120309711352,0.0,54.25363388271434,36.69019441106859,17.32718951162798
50.83008494245322,0.0,40.49741447324237,12.680315576456552,54.45505808210639
50.70666089543806,0.0,46.55996823993884,30.875618944510855,54.780167658027054
40.49361597360785,0.0,33.18950695362611,11.384556376961816,66.31433017374769
51.30890531602436,0.0,33.33915854702967,7.286925162933141,33.94393884466157
65.4044882276634,0.0,60.266713129186165,12.702494619798411,48.771726992433756
55.2344476623848,0.0,64.47102625113664,2.6014055159565714,29.324843366033885
50.81181107656472,0.0,57.35451200679552,5.177388940607685,56.99505945397079
48.75138568692488,0.0,47.167624373746236,30.218840698339882,49.455746941172535
54.01525808603349,0.0,61.65759019979201,27.348362606077632,68.14411960224403
58.49126391841108,0.0,43.0759536798938,2.35890134836648,35.14057210204983
56.98970306339509,0.0,49.367684037792884,-5.585148463938037,56.277094927415234
46.933867210086014,0.0,47.11686984067736,-2.1762383053407888,32.41940806543364
53.95023429656909,0.0,48.44432329652016,6.408428166811262,61.495282104916
55.608122656802415,0.0,48.84190993067573,13.991564981645016,52.808805154389994
39.717862275160954,0.0,23.132350733073427,26.05955385414106,6.714694012689694
52.277462525421676,0.0,26.15675182221623,8.716352155917214,35.051168612122595
27.386033452464556,0.0,32.37148225106935,26.43555545776239,-4.850218921811273
55.63583960593924,0.0,54.0545248194038,-5.396475689476802,33.195427848295445
57.535759452978475,0.0,62.89254509054874,14.41167908919254,38.08535612549638
58.4675375098725,0.0,49.637274729689764,30.906257289893226,40.550897939942125
46.25875804970222,0.0,34.72299023021509,25.065293731025,31.384872288021125
53.78210600657688,0.0,49.72835058696181,12.530757672983995,47.03701309893734
65.69505670084,0.0,70.40563589073969,37.92510145605435,61.818271322929135
65.58623700686164,0.0,58.81094180823987,35.19412474586785,56.49551428881532
50.168178928035054,0.0,54.591367432311976,5.663227181617735,47.83063985727474
51.96854505740198,0.0,37.228539622751455,20.702670043574397,24.204833695244517
62.35014791048284,0.0,56.371301978657584,31.885491150694858,54.48412801748406
34.44359623478179,0.0,29.911476443456113,-1.9701461132511966,42.04331129057719
47.02778028268503,0.0,55.9979421834585,37.425260354219574,39.62787487246432
64.75066675855594,0.0,62.63584175424312,11.518089816331877,63.485033503602516
60.900059510671355,0.0,75.13050584772436,23.203973777088173,63.15239650584004
54.425533181842844,0.0,36.030987097385434,0.003717636520828904,52.09100249639635
34.3898457530887,0.0,31.975286390298223,8.060270730281362,28.30609301630989
49.94659523044994,0.0,47.78785246031408,0.1167463235208519,52.003108597457164
44.17655806746741,0.0,46.78030614382455,7.837656269056442,43.04946934776733
54.017094590210874,0.0,41.2834982246422,-4.967108340437207,50.80969189112483
41.831901431034495,0.0,55.73837916721919,21.964514261592633,43.14961782249406
39.51988342823951,0.0,35.7794817272933,14.443739003380735,17.24463720383128
28.416494628742626,0.0,13.227286707296349,18.64427729720485,-0.1544497726932157
63.53506222598765,0.0,59.07459699447162,17.720486556870668,50.88983967195707
46.20828503312707,0.0,38.90189773805146,29.0768144853932,55.25847464148153
52.1590202086318,0.0,77.51451532590465,16.923006479990125,50.00980000119698
50.455979034476954,0.0,57.500084738590004,17.028235558803683,48.64756569293114
39.07419999655434,0.0,35.729779895831236,38.968720992163696,4.898198116535795
37.02659389426747,0.0,32.00768818908625,1.2229981664263736,29.17385911614206
39.73794888104344,0.0,45.92015700927624,26.83993397844239,34.122482990871845
42.75272907443476,0.0,49.38889890293738,17.959452689763957,3.04585642403287
54.397137063478084,0.0,19.455153204882144,9.540451920682257,39.91690869591141
41.9775295927734,0.0,44.86143885015798,-7.766394702960028,13.840645587392718
69.14141123363524,0.0,65.0499497962454,11.144948466647417,52.35765753300069
61.455158429423356,0.0,43.32628296221441,37.41161617805033,61.34603803251203
59.117338177900216,0.0,64.21639530332976,44.634253875703834,55.43080999737002
49.20132010696827,0.0,68.92499382183937,16.03251216219108,41.6832206008509
66.66021323759297,0.0,68.20722543983442,26.36671379482622,53.797038260197525
48.15047037844969,0.0,55.76845735386401,25.107947514828176,37.27218912411187
50.14586069188337,0.0,65.1755575970189,16.296028380861973,48.878455963327426
52.29609741490266,0.0,39.41327113386152,31.941414832938037,25.731436193724676
57.97897940148086,0.0,34.127946911686735,23.677513436576678,57.51414906096954
57.285353180768894,0.0,60.05259850562674,21.096866518875743,36.47426381850077
45.4031079058878,0.0,38.80419078847815,2.8034566049222853,13.685695731625064
44.78477482728877,0.0,26.27586564679695,-1.0036821757766674,43.34582463277587
57.31735390853272,0.0,52.30631781611195,-25.312307280736636,43.023084812409465
58.122305148858345,0.0,61.623055115693866,37.037586290174474,52.79582490694657
46.276877153879994,0.0,40.7066725336458,11.070797281205667,44.66111800389254
33.52054812653129,0.0,21.420462378017913,0.4837399981458095,11.87796586706349
48.26468968422414,0.0,41.871582383261284,-13.273563073438016,40.080280105429345
57.142361485117995,0.0,52.75539789157855,10.08803464571591,56.56962006291721
69.77104678636718,0.0,44.956144824984655,15.174526301242969,76.32020544288791
37.6795309239281,0.0,32.32286313576254,-2.7879349538154994,20.973025885024594
45.92191504199114,0.0,27.709110364597088,17.63185954508101,26.502381603200327
46.31905746710965,0.0,49.29789566888918,14.882598047052593,46.15580554207392
64.9668795654253,0.0,44.133279021680025,4.225640621747619,54.476294037396755
50.106538410938654,0.0,56.76248528843911,-3.0472508089333417,42.58150178986552
40.78497159396308,0.0,32.556068954944976,-8.196170778955931,49.68644166864286
56.449637578852276,0.0,46.53522664077507,44.24086472588682,25.062514864821004
46.15626962210279,0.0,45.28022390690639,34.10537173646729,20.03608063869349
37.3971297226958,0.0,24.39220387767881,-3.753774421528627,3.8772670558788995
40.94047530236813,0.0,39.987975320873524,-17.649567307485704,47.176018809949255
69.00839522785186,0.0,56.87654067606307,27.43407117062466,65.25888894898131
54.58522752028639,0.0,44.557316663652195,18.364371126684382,26.923096169211
51.63132620357793,0.0,51.834526520564125,20.54535989806665,42.43407070598307
47.80974113795433,0.0,31.741677459075582,24.42635801006113,34.60577196137092
53.60154838660218,0.0,36.10311926675817,23.52754228940649,13.141653244626742
53.47425728275166,0.0,51.983093718389654,1.3598565111986538,47.77937138024333
53.60176194099277,0.0,49.197184681029825,21.305929838679855,29.985066945748592
51.70703087647322,0.0,49.40471238537848,28.15286567352299,52.11273122274216
59.763135811510445,0.0,59.004046609207855,10.346248679958919,38.066201849175
50.726767094007414,0.0,47.26342481215276,19.809222811931395,44.626682573014456
40.03046870124533,0.0,42.578590875256026,1.914185350053665,48.421653031051626
43.936062069596154,0.0,41.013492683672844,39.979570748510056,46.95083135127322
29.333778415754452,0.0,4.391368089124629,-14.872184830950072,18.81764607309747
72.13674228458399,0.0,49.20268761723182,43.63824762652297,57.89570244283267
59.69855746405088,0.0,75.87414448652333,-3.0313719483619614,38.717781103982034
41.61046437091955,0.0,37.69766564495543,35.839194637509394,26.51618067764049
47.46833863785793,0.0,53.50887486948969,-2.2947629263995424,38.460689965665104
43.674771818957105,0.0,36.06764329856298,14.379429833101456,29.37028968800987
66.96224482191867,0.0,61.99847993806014,1.5471565630234103,39.67318757461412
35.308290555209595,0.0,26.705950965949054,-11.91493856612696,29.253681389628994
51.70308771930054,0.0,73.70885995580258,28.769652726450232,35.90949376236209
49.320257172222696,0.0,47.953673189029836,29.297842286208102,60.31939311562951
59.314789964702854,0.0,49.436965537671604,23.67518339565402,50.98846115801717
49.3685392578938,0.0,27.845808875961403,25.278937789497853,47.19100325107498
31.693164836273866,0.0,48.8352085455141,19.845754657890723,39.72383358433062
47.79666145608505,0.0,42.04891467325173,4.330808255728982,63.99994854800699
40.0921927375194,0.0,44.07977114965305,-9.975973722836866,35.034930089300836
51.33021318711087,0.0,56.30704371831125,15.720885255878647,40.22445274851253
65.8042930487362,0.0,56.576931981767075,15.735061758633615,51.65589620847381
31.893870800812053,0.0,35.26305224579124,10.708313186272731,42.47660934074123
41.929392215695444,0.0,31.61769813544033,18.47003115572475,13.921032133102067
44.57428551705715,0.0,30.12959130297739,2.595423582059354,21.018828527567543
46.40210744768525,0.0,54.727780044702584,23.127608287646925,43.79071409741209
58.388248750089765,0.0,52.51206175583564,29.010893322867098,47.45380390307078
48.6255451963025,0.0,50.077857540043354,24.620271414808307,53.20905285039768
54.922808908425694,0.0,55.12826529513145,12.141971204950357,30.783851407823793
43.793413659517796,0.0,46.59251552277705,22.762238786025925,35.530807251041544
52.93667019121899,0.0,32.35779468952036,24.124568861322558,36.73851846215321
58.79077943514501,0.0,48.38832441261432,29.03548852849857,35.037144383940024
42.65516176792301,0.0,35.29021197516544,34.789086874399096,43.03729480484316
58.828823799971985,0.0,45.82069185877686,24.65401871365503,46.526940199827784
51.039504634945416,0.0,51.50316976628904,7.201119654497347,41.74166299655379
61.650795060517794,0.0,69.95135065994607,5.93792732110038,46.85279720208802
48.327691433025024,0.0,58.532498599292076,30.15831751315404,38.84606715362718
54.55355067723071,0.0,46.827960405703585,22.720552698805083,31.9442210775155
50.046009897724275,0.0,49.076684467542975,38.74156920282291,52.699440276467115
49.451851020115704,0.0,50.118880446427625,-13.718075645857745,54.66916164940205
53.24660459028801,0.0,55.70655547413977,29.800016740104372,67.35302992824928
56.21576296606674,0.0,42.75891241157222,14.919175481240648,50.15764842881943
37.128102831658296,0.0,52.55602786298569,3.1269761666853455,28.822667826554422
65.79848644122177,0.0,71.2725400848182,13.088183335973858,54.87676536256052
30.6091116903163,0.0,36.96528467519653,17.202345809431606,29.455848751133068
43.162572274771335,0.0,51.95662634931511,20.070882542869853,40.014071348835515
49.47261431394946,0.0,51.07566276596848,-1.204973528846832,39.90861853887222
54.8859797904324,0.0,39.87349580023853,20.192212566567083,39.57390016492607
67.32153643295302,0.0,61.49494044537528,34.6529536820904,73.55707323418358
30.6237669351614,0.0,9.428794078900712,7.042422824031023,9.612507121631968
45.05510479898748,0.0,45.47432073684378,28.076557262885046,53.8055536777798
27.754354894437117,0.0,22.288747566759007,-1.1301567833646766,18.968861619194264
50.81777924153269,0.0,46.3169705764746,-16.135257022136955,37.08235808127303
53.38287400151181,0.0,62.006754349259076,19.67326601850616,38.59310672443591
67.47778769951732,0.0,58.283382880854326,27.33382708921092,56.15655242233375
51.76889438610249,0.0,45.012677903762395,20.54021374911389,48.29235804379798
61.635460681150256,0.0,57.60976515560814,37.176796754861925,48.691322117347866
56.718281514594814,0.0,33.074959578327835,-8.638217711118024,52.80649702155276
45.829200575983,0.0,39.027700308387,9.530071438338119,30.308448889044715
35.424934133514554,0.0,5.314572151408445,-5.829142374180064,15.884228531024783
53.41833496228872,0.0,43.10589910283422,0.03845600902014823,26.637035023776946
34.53655703566301,0.0,39.79386667688727,5.665573767782901,34.18604068711954
64.31937788386625,0.0,64.74770025499801,32.942515854433154,54.284115562697785
48.74823548115114,0.0,38.41778149415331,18.7357969632282,57.40119519501202
63.25054576594004,0.0,59.39624797890128,12.7769430851903,63.97546782563123
45.348729504629006,0.0,29.99590704502141,10.57669831962289,33.58836000896232
53.352605123693024,0.0,49.212158345135286,30.129246781961164,59.789506659556764
52.71681797687831,0.0,79.61908386061455,26.302468554396135,58.27454940877773
49.99859040841635,0.0,65.47187945310068,7.392702648500574,59.432183100957474
45.856861053404984,0.0,42.427035492406176,4.2043540430783,25.924335467968568
54.673345796508634,0.0,52.22951861763202,-6.436756537250485,52.180850514174544
40.58369855038252,0.0,26.322610722759144,3.9567122822221545,34.03891401528897
37.55689351889329,0.0,25.229025443435233,-16.115800322107408,5.827842426801695
63.75968771420969,0.0,63.297351198875575,51.87350767978265,75.5561343356806
58.24979402295081,0.0,48.49574650283029,7.6668864208529115,33.55493239312181
51.183955491699734,0.0,56.672823381219374,31.460976288416752,28.87793996051845
68.27219284065214,0.0,80.50928167333669,50.84522319745995,29.86882021732889
47.61877842388906,0.0,47.121414608820515,16.920860608410916,45.377394649163975
64.61317839297374,0.0,61.38025019971538,21.80478953306016,36.3156649086594
52.35592940534608,0.0,30.472383775394206,-2.156596877908303,31.60380572444244
39.53027628666284,0.0,43.56330284110688,2.3182293400108813,42.6353619283755
70.22648370334944,0.0,53.71874560353339,48.90167712927867,61.20978324704734
61.06578947402443,0.0,52.39425597693108,26.21427957565217,43.59533968260372
49.186765556731814,0.0,55.296495970490355,15.135447096753547,23.28696375299584
58.24982897025557,0.0,64.94620594104853,38.206910895505196,51.677443353849654
46.16626115845563,0.0,37.237977387993055,22.887821409330982,46.03014040055426
59.339476985997734,0.0,50.79387782992887,18.232012432894166,58.31869417506097
24.930856118681124,0.0,13.904573043569814,4.452603199687047,34.29191335706033
39.58316155221909,0.0,23.02949035764484,-1.3653607135454298,17.84199410414048
60.94343270682299,0.0,49.98009582499611,13.291316786870139,34.11593287897678
47.812286315404684,0.0,26.72276963831021,11.073487987809665,37.30197475969658
52.697514582835886,0.0,55.82091662571469,24.521128586835985,48.63444230030297
36.08928435391587,0.0,36.44537202423884,-10.039654344774569,27.31950779565098
70.2246330770569,0.0,71.74980299045656,27.372499108446238,54.95547059826841
63.20088366134934,0.0,48.816779233454064,16.944173383917036,18.81577167139251
48.33554161856076,0.0,31.66068544078415,1.572572505807905,22.76555633104458
46.155656969449666,0.0,42.73012906758339,7.651991178860008,43.96312513850191
61.4813725851861,0.0,57.90411686665576,-11.219450193152277,56.91261436319882
71.66289142615184,0.0,65.67378233961892,16.412923656535128,75.58435969499402
60.670966800632335,0.0,53.36621565271143,5.553977101983795,55.68037499425986
73.68593491533272,0.0,87.32278391848274,24.2559605774839,80.8323313939208
40.62442964847611,0.0,41.2357939415496,-22.095787104431302,41.85732064614338
41.72462094969783,0.0,58.66168897395056,13.324857783324891,38.68951988138304
37.77587727425089,0.0,47.355776529613465,21.279953674008787,32.32228744843468
55.20017326704479,0.0,69.07576403584684,16.387975326730018,15.621868125455975
52.3562442420473,0.0,36.88839150554624,23.50668373230274,31.80392297540814
48.856272822362044,0.0,51.09460410356322,7.329119862835021,33.95921039944915
59.12694496773516,0.0,50.343218498358375,-1.7081918743686018,47.9130331143328
63.64751191167674,0.0,41.75367154873644,22.70726953627754,38.52663825846503
34.17795914983922,0.0,46.22216909637247,16.07495806584335,40.57706524410877
44.10115688679933,0.0,37.03704464257245,-6.721831652857308,22.70546967517413
59.24325248221007,0.0,43.86173764300517,13.707085456914932,61.158115147172005
45.482034790616034,0.0,37.11516522155564,9.217618497087926,22.79483478440587
41.95094052376497,0.0,29.606333096721222,50.94028339046428,22.27130320931795
61.363120717463815,0.0,49.76928826846534,24.575629117538597,42.328096138281595
36.70138960683244,0.0,30.52743891670776,-18.978521275428704,19.8635597892762
47.2574676108724,0.0,61.56121598205556,-16.661566029519147,58.27060066491177
53.99150496569648,0.0,42.81427100139187,27.67053762567035,38.9666211654956
44.348540740197805,0.0,57.945310627688556,47.095139792178486,36.465568416372754
58.84803074727709,0.0,63.61970574622717,16.086301803460483,43.8188450661278
44.401356790876726,0.0,44.6328833604056,7.3032576367510895,32.99675698906507
65.53120682034242,0.0,69.12213214431425,29.78901197031218,62.575750399071815
49.13627536684472,0.0,45.23768776273501,3.4589122443748117,37.37117113308352
57.652516984835266,0.0,67.07110890214268,-16.462679745645353,51.329834060572374
58.451272862339664,0.0,60.2473316951499,34.44440807462204,64.43440967273185
43.774533434177286,0.0,22.209185385175733,3.1207252970055865,32.382800430354486
28.538078076144334,0.0,27.984273010978185,18.185582700813935,4.656394836141532
54.334623664383,0.0,58.497627694887036,6.841619471077891,46.998350342955355
51.252305614091405,0.0,44.114757469103175,17.58724020688966,34.621064889857436
56.41897914980667,0.0,53.586521781262505,30.756708546218192,54.67853875331526
48.059413210616434,0.0,37.54994991056277,29.199404280896474,38.18688812687756
45.88070833123946,0.0,27.31640806809459,16.202197194781427,46.239103610290684
71.94073273665133,0.0,51.0999653403578,29.823437064123993,50.09781937366262
34.74756694013764,0.0,14.687748806388605,15.533036717616525,17.358916189007534
58.3222659528102,0.0,61.20053305084008,26.29765563479772,38.65941130381428
44.34018554690789,0.0,14.028908694371847,-6.122514484037563,26.40189699223435
46.892048133834834,0.0,35.83527943474856,-4.450914941112426,16.306856453658344
47.09160173405971,0.0,34.98200279680614,-16.13562536028292,39.39424148445006
41.895076436285194,0.0,34.990967993054355,21.529906517656514,30.703463883120357
56.58351106959252,0.0,32.768557355386406,13.224656223373273,43.933283149772095
65.33913162614735,0.0,65.29089717341898,35.17106294371945,68.40385093387572
55.50206098588294,0.0,37.87755111934616,23.89573654660318,45.51957146958451
51.58454597583155,0.0,59.48179330770528,1.927921739300924,30.313055392289087
39.939627135361754,0.0,29.475655327159874,7.959719494209051,21.28599151339398
56.002250088645766,0.0,50.82927514297433,12.072494134080024,46.01925389276843
73.52081688284687,0.0,69.09798940622173,19.524728660679003,61.90346750854576
46.41211378911821,0.0,45.00033378829073,26.10896500115753,35.32331656761643
46.46245201431657,0.0,42.85705146608888,48.61923877966372,57.52283683772218
44.484571088830776,0.0,36.002106766041074,27.88085169512849,34.942090077079506
45.25042824086802,0.0,44.90416595254931,12.192748149798492,41.74479847246652
21.145951073024303,0.0,22.517103902189444,17.07360262435882,-13.381648996865678
54.80775824706387,0.0,42.57084619275716,41.96283125516199,52.913845072627964
41.44504025629616,0.0,42.0459086152503,-9.139590937398502,68.78562457065746
33.273987723052,0.0,42.114008380776546,23.250715896371457,43.73287231489489
58.52784262569169,0.0,61.792491443330576,30.715813023687225,46.78439122389836
38.91836932265985,0.0,44.917004799723436,25.83513723920793,60.58980491474735
46.86116338476101,0.0,44.676403857436426,24.918411169170483,38.48387510298164
66.14905326252078,0.0,51.90735783145402,20.84917743172065,58.96080335345132
35.42220887236873,0.0,23.04795947919495,35.8176302829973,19.472376282285076
34.10384880326001,0.0,33.70435566952891,11.232078878028057,21.364900996377102
53.357471175620184,0.0,59.21752387866496,10.907762475392651,19.469634367811572
62.762340670838825,0.0,87.9636687627756,29.327020709913498,73.28493441658803
33.657813347662795,0.0,40.270203672240015,19.90410038821353,22.96520683222844
54.83612039033606,0.0,38.31005581042952,19.176135190041617,39.98602194280332
56.68796195198984,0.0,44.39606809159019,24.39848647030621,49.00982980841269
28.477451218752783,0.0,48.89988844425745,4.599608115281511,20.135178627444628
59.012001688395145,0.0,52.53040791188274,10.834256528902381,53.138467093169865
59.84656057832229,0.0,56.121917207420054,9.013614300638379,66.59040667756987
47.148417457241734,0.0,32.97696325516764,-6.152273997659439,39.8707127757622
63.86140468559786,0.0,76.12591947053494,44.19239501137898,58.797640990082705
62.62309401930899,0.0,63.64213164482306,18.972110085927586,54.440793089025895
51.58172434249733,0.0,39.30016374689955,-32.24797002402771,42.639329563686715
45.656131105988095,0.0,31.15685201825234,18.383382598078672,22.734143099733807
40.08507990291925,0.0,39.448430230665366,15.029814806061768,33.95106556503397
50.07852184763696,0.0,46.48698551470054,-11.076943945199904,49.70331724494577
56.56785421776851,0.0,61.20178167166286,7.062701139843691,51.6880704711927
47.01601466577656,0.0,48.79712954328538,1.1945963117967366,34.21344928298749
26.999261740229212,0.0,20.538592484219933,-7.917801942647479,12.0021324156618
64.03629425323169,0.0,53.982572184947884,39.987118505083785,62.28184995730889
52.51245765764352,0.0,46.718850638781596,14.46580650451319,29.364147053839922
46.42354825986433,0.0,36.6001624499836,7.196897097884457,25.167625977953946
59.63876117961469,0.0,54.03726681163322,36.296597602747966,30.725187298502696
66.77088855256991,0.0,62.59826811595328,31.38027505614327,59.27400488156449
20.541043088097236,0.0,7.488713153035741,-25.540644612175377,17.43485878620806
55.12006668661699,0.0,57.64749080689523,9.307604930942425,65.02776239638696
35.23593020967196,0.0,27.512427270760874,11.605730284154497,43.35039715753315
55.8129651986586,0.0,42.746631516456034,5.217605903809478,35.8082541617507
51.84681523060875,0.0,44.03657201616527,44.79768148673777,44.894372680560835
57.27272811223296,0.0,55.65304692356299,20.77057521789232,44.43443843071611
45.14535708247032,0.0,42.04962249716839,1.898546745240676,56.594327403488094
30.464038622267978,0.0,31.20893031218514,-11.377951944494304,37.746568764358415
45.66764114159384,0.0,51.190039937301215,25.872296777893744,41.295264353615224
54.827122405835134,0.0,64.49422572034733,8.70640694436682,42.525918788120606
61.32951485736395,0.0,60.09742737075849,26.763249459160214,10.87687608707158
37.95869827304759,0.0,22.79218413346957,-7.661651069061151,6.785479785267377
61.45419025828521,0.0,54.351529040974775,22.467214023515684,29.15072211567984
43.557279861381,0.0,28.98309163984677,2.6813916440635204,12.799815129607527
54.352725667872775,0.0,68.17500218309615,13.13069962948612,74.4595414580306
45.03159934044207,0.0,62.08869962634721,1.2314321675466626,25.845130541973255
52.426414466633034,0.0,55.20792592698948,30.969214154071178,32.35887377662068
60.00974159644711,0.0,64.86323767683587,13.765102967707584,42.85619741962365
37.369061923845024,0.0,36.183837841548396,6.2195499452362615,60.718631254347635
43.214995905548314,0.0,43.147215923718534,10.113245680588824,34.09949024850959
52.456246979209084,0.0,31.45267661652304,39.25238907239395,50.83977128705467
76.14117972213322,0.0,70.85101102915073,42.09573031539662,70.73026850519871
41.25658050806859,0.0,28.02525406025004,21.519630428776622,4.026294809357694
72.27903399355937,0.0,70.81479974279152,5.192197597817355,84.69636377491658
71.89746099917566,0.0,66.83188260230058,17.96786300756642,69.07312477597173
49.44010922791812,0.0,65.99195282325425,31.624806991945942,45.05655863121425
47.29408863507104,0.0,52.981940103551594,-2.8045660370025693,62.9585769299167
43.08507191829404,0.0,42.156676753222875,12.56644204336956,30.153633223482572
49.75113925639749,0.0,42.87286982109023,0.03485594790168456,38.00992517420239
35.44888291640858,0.0,49.376069916150236,-6.411344790927622,26.49729121996627
49.66526817267556,0.0,45.29611684169269,38.68399566163028,53.91497723670568
66.47428666043912,0.0,65.64238667337047,34.37270895055719,69.70220053661586
43.950356969443355,0.0,40.4435876379427,25.712170720111708,38.10235564343404
47.90771790926469,0.0,39.6092527338439,25.077234117767567,24.280922034444757
32.30294938102758,0.0,28.935867480269703,3.4940177681181313,17.578407120714335
54.476803857906724,0.0,29.58139394545472,7.897580796183446,26.28175476933324
53.305920611301815,0.0,32.81412968367053,11.33370000514914,53.97832601642546
51.16056303546768,0.0,50.78222997371568,13.117599651457482,23.63378600275
48.163063694310395,0.0,60.73052181215015,39.20415952085294,63.90331632367267
47.35173083454762,0.0,47.02403676808322,-5.104006298518286,55.300873947739305
55.84277385419424,0.0,44.06173463368715,10.59203768876468,33.38281919451126
50.171983885366096,0.0,30.84362111681224,2.4122793237836593,31.293673858455016
53.84541592156819,0.0,58.02270293840374,32.18587895646078,38.650667297879494
52.77701769621651,0.0,42.66953898874517,42.832069909628125,47.443609558088525
62.483884792058035,0.0,65.01742780209456,26.395228872849636,73.9223525783427
57.71367837371417,0.0,57.64830098977036,24.932326535834754,65.1979701649347
52.54065172693748,0.0,53.5000770911993,17.866094260802292,39.768249880311416
66.70446360275017,0.0,62.71457193753581,30.528302444951755,74.4965598855741
54.970526695157304,0.0,54.88653634393589,28.809694919129107,62.08389156111644
64.4236181234043,0.0,58.853429293074306,29.107952021082056,53.55682183014185
56.9651675772921,0.0,46.06489195761179,26.04029390178405,46.19811606389643
30.798708614441058,0.0,16.876031713028773,15.55697415025389,36.636581332802336
64.42225122032157,0.0,34.87928470805073,-1.9496473986617353,61.86250614103581
51.92427231267301,0.0,45.916806931726605,16.26878585470814,57.69029442717985
49.9247490329784,0.0,61.94528594800673,19.442460217305623,77.99332140389339
53.486143461547584,0.0,57.093485027892356,22.963077571738708,53.81722305314049
46.79369618126688,0.0,45.20041738455328,11.012701083856815,42.31258076695125
52.9057314940353,0.0,41.03095114409637,19.04512929168759,58.62586313503435
44.1556080098149,0.0,50.75151841742683,1.826238482392661,62.71632588508335
64.09568621823684,0.0,58.53267659544719,-2.080742030877982,47.93352614151415
49.266187407638306,0.0,61.885921872040996,28.63364668672974,42.67910529218007
46.39192719802158,0.0,32.01477101103137,-2.7852041193140114,21.231786870297334
40.59692086763357,0.0,28.76505680817192,7.754033466714623,32.79200298854208
53.35180376666412,0.0,40.270841242004465,6.468559723409314,52.887899986873855
52.479161423917176,0.0,32.69561468113912,38.909015667965065,26.979967299594286
54.630269624168925,0.0,40.577358766988375,16.60533671437309,57.01432388471861
39.50355125346539,0.0,36.71842906841219,5.039345917546628,24.424878091756987
33.37102941703463,0.0,22.06317307040121,16.582488716373433,14.26264436419001
57.16443170557127,0.0,12.17721838464859,49.50868647651083,50.30975407959322
66.34351737021925,0.0,73.37162958194004,29.881964542772383,53.981399433165656
39.51314935261375,0.0,17.815569636145366,4.10100182968246,6.847029385550087
67.46331510361397,0.0,69.33968577762604,34.59671620509478,70.70526186496976
53.5135264203404,0.0,49.725401557567196,-5.047729167947033,43.13170202929378
50.40442544128471,0.0,68.74434405047914,16.059450989578984,63.10388213709702
46.23202546266369,0.0,52.788159770194866,41.210234490418316,50.51207609786652
35.68610838680213,0.0,26.53507450994475,9.539087269643556,2.2467088493539045
61.033922817664916,0.0,49.35723617111816,22.7658020851173,66.85685188825855
42.19242190921976,0.0,54.16985187699774,11.182765171598179,61.14552970626196
42.1475409131508,0.0,22.607914178238303,5.294383148320312,40.74067827925968
61.07877688354348,0.0,58.84993578853006,25.703380699323063,66.74968218780317
30.359929609945436,0.0,25.252558795609563,15.313834313198608,16.50138967727126
34.20001969956732,0.0,26.782177818942788,1.823537008194795,17.053289329209186
50.28612650346025,0.0,49.963935520878486,-19.75862958988692,45.02255702554569
53.61368230490657,0.0,51.49935280024754,23.730275846653306,56.872166852573905
55.659356964237105,0.0,56.343958933150084,48.35250138414939,59.59532464453874
47.255130921976296,0.0,44.71498368588249,8.372225840524274,32.99025394876793
77.51727776825926,0.0,77.40540121416413,9.574983346417422,64.8523716154232
48.04482705534013,0.0,45.008464754678776,23.65424387927924,20.549394429718227
48.01390857117381,0.0,37.01246304676875,38.664857919116784,44.77921737174517
41.96397007852976,0.0,38.08666584617321,18.22615444165312,27.520868881078016
51.803856797310765,0.0,40.15563159404695,40.478166018726625,36.80738666131294
57.05084778864421,0.0,44.61404901316686,30.242083163707,67.5101249555051
63.340307912179746,0.0,55.49581471209186,32.475296395450854,61.53468926625791
34.56666515116356,0.0,29.510667431605707,-0.5985509635275816,28.141714788505805
47.85139610670598,0.0,44.20315986157394,18.02392402929499,49.11999878841448
55.252989557572405,0.0,60.80122906656824,17.65460751463033,67.19750393943144
56.75269254448446,0.0,47.304062359643794,17.995980205122837,26.33876558721111
50.549867051824215,0.0,48.56542857684099,11.907740845409172,35.089396901581594
56.27577612465557,0.0,53.358717716183186,21.81127963974664,45.09856866940834
41.83599162027853,0.0,31.478394414055607,-7.571566637600316,18.074720915290825
67.12634974469198,0.0,63.553925884074566,36.033816794290516,56.10135118440303
61.08627564929647,0.0,67.44774782653946,8.906930838020417,36.59383719992675
36.10913603092668,0.0,34.26376097826085,4.021923134784533,38.245446654880666
38.99225433663538,0.0,37.521338090659846,13.791320620082171,23.474547595658493
39.29337578490392,0.0,27.956314335088585,-3.7681323488408545,29.776681300691408
57.72410573046723,0.0,74.36655729376115,-8.282708546463109,56.110727321556226
36.75238239228653,0.0,26.061898054841414,2.5044189137334767,31.702097094811013
46.94284837526579,0.0,25.289983907720984,-6.663781266728833,1.6146781814260933
55.338479166624964,0.0,60.29062707585993,28.154521871336343,54.99641717502327
49.77290059160902,0.0,44.50393150113379,-1.1966605487536413,36.889496013853986
53.24614606357096,0.0,45.925712804098374,37.89525486578437,48.49815119861621
39.09162984715962,0.0,29.448683532581175,9.106170824645487,12.843346366523074
56.83600295095926,0.0,72.46581476585374,19.773770077494685,59.376523360832074
43.927631467964325,0.0,43.72626368062478,-16.06474831995195,51.80958117221398
47.011283137817266,0.0,48.82192490214081,15.581707035636631,41.88010860547311
53.020093258572594,0.0,50.63087135761387,15.712860190511563,35.71844023468756
51.581300097237445,0.0,50.353645956281376,-2.254324001221107,35.075768140915585
50.73612379313294,0.0,61.46495108281624,16.817238610879414,53.39216664941333
42.4593320812389,0.0,35.87676266032253,5.431261566078363,39.20745689527564
47.27916270675133,0.0,27.851560930937048,10.632679340818468,37.81622181495468
50.503225648486996,0.0,55.621873385886204,15.824202327262944,43.78262119808437
35.78689914023717,0.0,37.22938033344004,0.7279923009985696,29.9189067148576
45.53765867301991,0.0,42.69909017146478,16.203446761009403,35.71578367588543
54.62231202141062,0.0,55.46605081818632,16.50357918949847,42.61107400292481
36.83028957145593,0.0,29.07599742913512,14.60708271443881,35.17190787084987
62.838144210865345,0.0,58.77819782642278,14.788719766008153,58.54513715135229
64.04590413711992,0.0,58.35263743741912,7.8959121857432955,71.58103460462911
37.1752706817032,0.0,27.07925397767694,-1.854533739478562,39.31788176483385
64.98626556822182,0.0,73.2535377601285,43.74861307182755,64.17057169384285
48.945702572096764,0.0,29.962185160419814,28.074633646203782,42.71577477281614
54.95178526045922,0.0,75.79011716129989,35.00287663943196,41.82587644874518
45.173101745616044,0.0,50.481972135677395,30.605665305872407,37.634871211603496
60.34276778239163,0.0,37.29329113514905,14.295995674807306,50.52909237536968
54.81906990133586,0.0,48.306180794015454,21.9999026381697,25.591874188908143
41.78054248149509,0.0,36.08059961821148,11.734294658477221,36.99793472381746
38.02953335555687,0.0,38.32432491158543,17.89807162039785,17.465195659803754
34.87634039708229,0.0,20.609645390950934,2.7962694906338648,11.048476525307855
52.488080067001384,0.0,48.726182836703764,17.86049826810787,37.07683542539915
56.59683760745919,0.0,51.14373549195661,19.826889840602973,47.190898617569026
57.4355607688788,0.0,45.44458406445553,26.769873318603732,29.912691441495234
49.2192477387715,0.0,35.89744489506473,23.99396305344056,47.98443496478308
38.117210842337734,0.0,43.98603858120491,9.972251908796368,33.435005348367966
43.19182086607927,0.0,21.298779001514944,13.18845524117435,52.27197076874147
62.79291382815069,0.0,63.57143046846026,25.397034315758383,59.8368531752254
45.3015638503426,0.0,49.76327613927242,35.80333654066209,45.60915864687304
52.01233280912634,0.0,45.60709030688442,-8.089648392292759,31.718081081969274
38.986404905642935,0.0,35.672187197715,-4.534413958839902,14.618050103284645
54.07633459615841,0.0,62.2596672564369,26.916482310781163,56.73219561911347
45.589464612716604,0.0,34.14908819353443,16.560645497292647,20.329637364363624
61.66417792783384,0.0,51.03913731877741,25.29599271506783,59.44093744428845
58.74547519624852,0.0,49.29408463207369,29.395444809339295,69.961700171243
45.183200341957885,0.0,53.538960866518195,15.551172936832478,51.34218951310517
49.12646928402966,0.0,58.75786753380582,6.821623409377498,51.26451661887318
44.59113294280707,0.0,25.85576191361607,21.0712244942076,34.06214767761465
35.31303441777286,0.0,42.155322956582545,7.405463638621919,23.721085277728946
41.317991095523475,0.0,46.0746850528988,4.1042844026662735,32.87970689715738
52.59787589274858,0.0,64.93446707823988,26.33900140015882,41.62139492827102
53.95534077465031,0.0,53.9043100114205,26.53086968066774,29.96130623738265
52.06715055416002,0.0,47.50528867917208,19.34541505410981,43.43532518434198
47.255830152303524,0.0,55.36313814855478,37.87179485107802,55.509059243692
60.449852007303924,0.0,63.607453138274025,39.62321549172941,38.216799189613475
51.15884854724061,0.0,70.83518592671658,29.937628731272483,66.81805125713055
57.994267583730455,0.0,63.94322910400041,55.740800779825335,67.71384418654496
31.526837032181312,0.0,29.411581524789792,2.9663670932979547,26.703515452995546
8.568451385127759,0.0,-7.200131198543302,-14.137193201478464,-1.905428850210491
53.512211816511105,0.0,43.24688123220215,29.23712529064244,40.48774244713092
35.25605630316472,0.0,16.25740673269646,3.5197806110822767,21.15086090209502
48.20981494679543,0.0,41.90701249888908,14.367134327285918,32.55047632181258
47.25194089523603,0.0,53.040405429806164,-0.22062194669218904,41.36867173416812
67.44151011571128,0.0,63.0445339141699,33.31740666476083,61.244830993250346
54.75391755230431,0.0,61.42546227155886,-2.933300618437073,72.75316935984696
52.25212253412823,0.0,51.727424664422195,15.061685881937905,51.47393004563378
59.423271224390604,0.0,50.93784815734668,20.145453665389354,47.064865468922214
54.41734631669074,0.0,51.21057038519201,11.466135421930138,44.684565543554605
45.58954548532537,0.0,46.602960579672796,-12.003071304915704,28.845165348744132
61.928776655943395,0.0,59.13870648496711,-3.127723851438777,47.23986896938109
38.62204502848254,0.0,36.3543731335532,-1.5850761624415473,40.66398160570043
53.93383892931516,0.0,41.670536729234044,24.941019885902694,36.49291139692215
33.94387541631697,0.0,25.580756709211524,10.4300826486052,14.734831472959435
52.659064733123266,0.0,72.45309163904525,16.412708970402427,43.6074278712744
52.54201727462632,0.0,61.43924785102628,4.114671614088113,38.47598302625839
68.39306946892603,0.0,48.42321993254109,30.098656181743703,69.87123282241161
33.757909972608864,0.0,4.933587036042578,-19.09483932452246,17.828193367372876
44.05932293645078,0.0,40.9098417005794,-21.853344943994724,31.32554555316726
59.27038029244486,0.0,64.50710001046768,16.85253516035805,54.03648119459781
54.06280944783711,0.0,44.433208846013635,9.721027887140202,46.30664157725266
52.40648049980232,0.0,59.117722276189696,30.782747459936544,37.4427378326871
40.26343848358934,0.0,37.004293123845564,12.05806689433465,13.408036651347743
44.1669098899373,0.0,38.48393113869852,35.23870151483813,50.904679407370814
63.78334586806806,0.0,67.488953230689,15.03283434298827,70.37052141452222
49.92951009244869,0.0,40.2447683776681,22.003602477453878,43.869265655062435
54.490668996558334,0.0,47.32166947599366,14.095938347395407,56.27111078822628
49.24908886572673,0.0,52.295390003883064,34.2409360582858,66.17634360970625
37.83844527931879,0.0,33.65759151911846,5.623658845764037,21.195363448597888
60.45779984072782,0.0,76.4174429951842,32.97040721014055,44.20915171761844
55.85700808810536,0.0,59.03991900665503,3.2164351023814266,57.652490226453665
75.11597334277764,0.0,77.27950761823104,23.13534120727929,51.39192493005958
39.62825240193533,0.0,35.22497871524337,8.298413562087372,30.20074782660862
59.269210210900034,0.0,64.30788458989612,38.08080803654009,49.88468415579318
36.465847227594324,0.0,29.227179774681236,-23.21728592051926,33.894608313462946
52.161165615843984,0.0,51.05398085926997,11.683161704822613,38.12022558093633
60.91401482521908,0.0,46.972537972570535,16.016827666917322,64.5975850871438
28.33881530145298,0.0,35.65244561990947,-25.989805012975005,11.868690304036413
48.29015904472851,0.0,47.33665005210817,7.704180144236773,48.853046646120376
44.4619121231261,0.0,61.47709704902785,-9.57129256951604,33.0692776471079
42.97937333173175,0.0,64.356187806825,-21.518430512595742,47.967549720796406
54.59594932871345,0.0,58.535910194112006,14.012379670161042,35.60984950489642
62.4545905862851,0.0,58.90632588563167,17.854646837541004,54.117641558998926
49.05579033964523,0.0,35.00337779840793,11.212191622963006,53.39798930021156
52.67554732826669,0.0,58.145094866353595,20.21655865271016,48.11801712448878
51.70130003185633,0.0,49.839181020722606,3.725782059023336,58.186522327399025
50.49916438809973,0.0,52.125801041368135,40.69336846813593,42.861094034086314
38.84010215967734,0.0,53.27784404888944,8.580397942109519,28.28534607217996
62.323792523885956,0.0,49.33016559293925,40.08386181898982,53.56466321955163
53.63410097992287,0.0,39.733147794783335,-6.492371833622272,49.56077939633175
54.699262328110976,0.0,48.05871102767535,6.005680550381543,21.39568397373898
41.86221580270649,0.0,46.633804802804555,20.381792295720984,41.415956105427895
45.57305396854194,0.0,47.462583518185625,9.557254944309314,26.26469148046518
48.59787300217542,0.0,35.08639159368561,-0.7105421169422002,21.734868750972545
34.087538358659415,0.0,38.308864579179414,-19.471717365375767,33.130775829037766
32.44299057386657,0.0,15.97666327829842,15.865834579394294,35.08969494477148
44.06081079271859,0.0,31.240575925290386,21.10095804535442,34.62330433172437
56.063107377550224,0.0,50.67910406231226,21.943923302177133,30.102922095831993
43.50102146540263,0.0,33.69883137944257,4.623017609540861,23.86692743593805
39.59380541774183,0.0,45.13093874512738,-6.221482125870326,27.479632948688597
41.774853742557156,0.0,40.88875865526041,9.915874281821013,35.537396905478
45.61449071857895,0.0,60.314178095142026,-5.762316046762017,41.02275303316232
46.69885690134846,0.0,40.08214847119564,2.7775884842726377,42.80617761747998
73.61881917729072,0.0,67.86129892700752,45.9366541009131,78.18133176474798
61.74867519726037,0.0,70.29609899708468,-4.441471535455015,61.62955978293117
61.429760639724485,0.0,56.21302456113274,31.012069647532932,64.02632862388823
62.96635227772013,0.0,74.49395153211489,43.36476375855709,56.16581570164827
39.80734099957405,0.0,41.64754980509579,21.083594606668754,72.94937160946478
37.41874213450627,0.0,8.681484506888754,13.879878331899128,26.89669509412737
38.65281651720017,0.0,47.250537472665954,2.414129395723875,41.1586334209864
64.73929431425438,0.0,70.0856238809023,14.181839289349545,81.49764547265863
44.63306629931835,0.0,50.73394354881465,-19.446559019283633,39.36584307671116
37.10896283635398,0.0,13.051997344303828,8.61963608089224,13.020399334098341
45.87463380725546,0.0,34.87230439281815,7.247432777755006,50.72126131217259
47.93035731273016,0.0,37.678690101858955,4.2090103172557765,53.881835364922736
53.347930233993125,0.0,40.33209509825501,16.73992812079777,43.71970836481071
53.1613434094157,0.0,67.48101316120612,17.799245779736868,71.84682727208695
41.63065857335317,0.0,37.592231302771836,1.6271729927274006,30.94102166372503
57.806236312549,0.0,53.227068765218405,42.20410599953412,60.7677869470852
43.65001368591132,0.0,45.54238863884756,21.988436302514764,54.85543007548585
48.81005726222875,0.0,50.79661241893933,27.15898261491045,42.717429801201256
57.81817887157598,0.0,18.337744964129215,18.023994210713333,44.27509334803722
43.621934493872054,0.0,32.83437052506479,18.881760806413013,44.87482533431038
44.396287237856164,0.0,25.48546104249431,-0.5187734714332102,25.865770747953714
56.80195659837111,0.0,56.862750634711276,28.309878280364487,39.29885076598471
41.31488441906397,0.0,34.34951804648289,7.529307788696466,47.39461687683047
46.36833245001227,0.0,42.535709200896406,-1.2144382812913914,40.943159039662184
56.41808320482307,0.0,30.255966294388273,18.389404188373636,34.79745288970301
72.42818327788532,0.0,64.70554898078427,23.393670299791108,65.00469892302793
56.94873270652599,0.0,64.57086113469231,51.73774132037095,58.255967583855366
55.53012128175653,0.0,66.29098289278275,24.357633403303012,31.75232049377529
56.15158916701129,0.0,59.594367994659876,40.82458657540799,58.72649083271295
39.01269261779109,0.0,21.012712903717308,25.08612033840239,30.048190961005123
51.715062353780134,0.0,60.953865233388875,16.657888261238917,67.4551920889817
50.161834201235784,0.0,53.762077420272156,9.019125356718261,40.69223943258838
53.91607329194648,0.0,48.550698004941566,-7.187514768099966,61.918199510825005
51.7247998800634,0.0,26.209389015124287,3.8578178608084226,35.723281615630434
54.53704235543693,0.0,60.491403589444985,27.015714747307975,50.55904210563819
47.15181937832679,0.0,36.87692381295787,9.360075366785146,39.50842357360489
51.106138830102445,0.0,50.6920807572634,21.08676807540975,69.34899534273447
37.36035898768253,0.0,34.24365203153463,-20.373610015213615,12.217404013776648
47.0616358088259,0.0,59.33267396836766,19.958799133504577,48.91301431770218
65.34116129453173,0.0,59.6926172674543,39.065480054343425,57.39940512934193
53.88640916545465,0.0,49.60164840288707,-7.704518211581117,44.66816275282849
50.25634918776063,0.0,62.89799327443194,20.559753371929794,53.54244868469874
70.74025876196558,0.0,59.36042256344424,45.514148283606445,74.720823525383
35.93916527723156,0.0,40.73991219665366,31.13043531853623,35.20152842069878
38.625192579753616,0.0,32.661374149702574,1.836321237533003,43.59848393728387
68.78047513551482,0.0,53.79097390185249,36.49495920097517,54.59205478821545
50.970993229204936,0.0,46.908617226447014,35.86466206923346,41.365049322277976
47.887857072402326,0.0,51.185487259334735,19.678234543418153,28.407021728652232
37.666213348644064,0.0,48.14472117374721,26.51327217357595,56.884745079669656
55.263596233231695,0.0,66.71942495679458,17.57038136755931,48.93517484142685
56.29753002523597,0.0,49.01217054314772,24.20050610282477,42.98650491358259
38.78505521587544,0.0,24.473616567979324,0.25981303543672674,33.39583347694614
48.98102771786136,0.0,41.567902831601515,12.30341522407262,52.644965003562874
46.894856039019174,0.0,30.388065669470073,19.588142822454877,25.200408952727976
53.21504832575634,0.0,46.80150909177248,7.133357329236503,58.47340628811014
38.52053486434886,0.0,31.04484901440608,5.723234115463342,23.824698328519375
63.857142295346776,0.0,67.25858647967638,33.52061157719913,75.881938327162
60.26560981340435,0.0,32.68903684955101,49.74870196860623,38.04652480263406
46.59930765939416,0.0,34.83726692800082,-15.566031845321287,44.13970716091728
48.16742685407991,0.0,36.463997578200534,42.028982327952,37.18909273373639
49.02220225885492,0.0,57.542583310766126,10.983510213999503,29.63640488047841
42.163548582006726,0.0,26.454406088153902,24.47312438874617,11.342061730138742
45.74178298490959,0.0,44.155479292297244,29.204361938015992,27.850099168578197
47.5920137325259,0.0,42.2197259831547,35.90585647361473,50.34680084868099
67.71363708691933,0.0,74.38770235436114,14.659948939356713,38.88906689563076
60.59465400736923,0.0,62.65911479132858,17.83117573417239,58.29605737091845
60.466821114203526,0.0,57.51166174213717,20.180107068405256,55.55231628619712
54.43260499309825,0.0,44.42919944484056,12.582195508899481,22.87833293379276
38.54108490406892,0.0,15.079922824232984,27.468746102751403,12.844133212305538
50.036554896441444,0.0,48.59249550787455,14.120379648278915,31.793325622193137
60.849710198258556,0.0,62.21836889363745,-1.662210070188003,54.8476695337755
37.03514502981635,0.0,16.535981939732647,-0.8626272899230507,40.37927720271138
57.28156131817923,0.0,40.044044576163515,-3.0574777262336497,58.15334192476425
75.29732588452023,0.0,73.47400206284783,25.868371351507825,64.19027545555815
61.82556573691313,0.0,61.15269291308892,31.15944925601969,44.263281869373486
65.58900966774978,0.0,50.7802983524257,14.52780540439586,34.91140073893666
52.81287634975224,0.0,42.63209070497772,11.049444208397786,37.36369943394452
60.82239349166426,0.0,37.14550780215807,17.25888689990022,35.35648919720458
42.809523055014814,0.0,53.448746300212306,13.214407926063812,37.23659899697703
58.98381932724202,0.0,41.016723958151,27.392781086131222,46.35837613932873
57.472130223223516,0.0,59.02345870223688,30.665076784742396,44.69365375818355
53.57763856338891,0.0,49.088181246285274,48.93310232831169,38.956907924271704
64.5416327503969,0.0,73.87915327893624,24.915096035147883,51.895181880260445
44.7228958476354,0.0,32.37258957903932,22.651219684438345,26.376253780108293
48.48115568260309,0.0,45.097487909972514,-8.023113996676255,57.43487470358274
51.499920055656986,0.0,29.444373516053226,10.663943884339652,43.55107895227333
39.47834408716545,0.0,15.089097732868684,5.589715915478994,30.1456321277577
52.90469592556931,0.0,55.10681555985126,2.443661757979493,58.569411986882415
32.112861184946375,0.0,9.474640101875472,-2.2006713888638867,27.687227416101514
61.66676181822314,0.0,54.993151265698444,20.080201332932578,70.41291770664417
50.97822099198827,0.0,57.60438587939615,8.608998375605228,52.56073943098093
44.91407387852477,0.0,48.844649301566285,49.05188618702555,40.46930084435764
41.56448491061906,0.0,30.619453438586323,17.765659696814435,22.443905737001213
47.97338109900187,0.0,27.14167944923287,42.266822451934424,23.39644814377258
57.834053163429694,0.0,59.03245715958262,40.52234207142594,61.92296295834958
56.33256780504407,0.0,66.36862397596383,9.65519351669456,50.59375076514713
42.941113553660934,0.0,31.997228213569578,11.832723639526401,14.317645271919101
41.43983128459776,0.0,29.029011483476165,4.350950958889435,3.115097186453955
57.49895606901365,0.0,47.75773159676788,17.023910011043892,74.04558506411624
42.761501949680635,0.0,44.87656908633601,-2.554838618067148,22.748122747268404
51.12003868154572,0.0,60.04228345564198,9.576518037563536,37.4974856177559
51.802230795049,0.0,34.59645318832823,21.239618077390535,54.209191738207366
53.81432490968632,0.0,33.83676673421144,21.973467351903622,25.108762340119945
59.65064351465698,0.0,80.18710242153486,24.05767814134789,65.34491910746098
36.98494290078997,0.0,31.274664060231746,7.189074269198204,49.24375540729049
30.0588660690141,0.0,29.020085515511223,16.352778212590557,46.88799986432626
44.416633288019646,0.0,33.133161318262225,8.49220341298247,27.183272749553968
69.72949822964028,0.0,70.51649040045368,45.63529416993907,63.36832342104184
72.08713095411159,0.0,77.8078607188142,1.2860579743996254,62.588676683818356
70.04629938732194,0.0,68.8156098365642,35.455687542875395,63.02252286938841
48.41785843212677,0.0,62.80790366320483,21.19534591739431,61.0320838678191
31.43772340242379,0.0,24.241820296043542,-4.524453200786683,2.6475483155546335
25.44416508187692,0.0,19.02716801242128,-3.318480468529815,22.022373766619403
43.918802657454634,0.0,42.4141249367769,18.39043244018253,32.756952695746286
48.36344683529742,0.0,49.25362203583298,27.19052576203697,57.761807529892835
64.37727354539012,0.0,62.483888100842904,-1.5683166886580295,73.39711503042469
59.7525267511685,0.0,41.9357836751214,29.39581968687162,42.12308024568422
52.90975144692972,0.0,52.10857986031351,10.333024846993593,43.651220279269786
40.9717671577751,0.0,33.10990950737419,26.078293151500453,41.26095322235208
40.213818184734166,0.0,30.17672976365854,-16.113877119130265,40.921216276598365
53.19528657180914,0.0,49.42605044617513,51.39730715250935,13.57873052867782
57.927989197590406,0.0,43.55930989220749,7.05287815437695,57.39980685471743
54.66720443897452,0.0,38.51486718780725,37.89847260387785,62.817441619607166
39.4250573576369,0.0,7.873713629570094,8.396124762476694,24.477600505450756
57.43237605950816,0.0,71.73477627666988,7.731303415799161,66.30954566635147
55.03081700241132,0.0,56.766714549423256,21.683691975567996,64.0343746037322
39.03966052927821,0.0,33.93481564113657,23.661315292333036,31.650232869825448
42.09930499030074,0.0,31.117157712767987,-11.039385229512838,40.542573315066804
57.836577677890965,0.0,23.211225797161788,29.3763565973893,40.22175831610388
47.974145028304726,0.0,36.24218612837102,13.897916499344136,35.7892855510569
67.4601738621047,0.0,70.67661005821567,32.910334567458875,53.567861212489966
55.83453605479077,0.0,61.645719692548504,18.544174136427696,52.326993355549774
45.28016551321483,0.0,48.09981464458828,4.530375973448571,61.51608307143083
50.37084525904794,0.0,47.98252646411048,-0.29901162748966925,30.570635804735495
51.15715482327264,0.0,60.8761406138842,25.297556676484213,54.0441543537187
42.69693255345252,0.0,35.288281409293916,20.57219849981191,36.10741204382914
40.72875018440336,0.0,48.31321457604668,19.420053181049454,52.94441924528347
57.97435116286097,0.0,49.709725703194245,25.59106869963835,68.95112247499898
59.51176717358069,0.0,45.96637964762981,33.72284289293761,36.70392954437756
56.9313903288686,0.0,42.112266823069675,38.80616707437556,37.92569497295154
66.6712975717814,0.0,51.06253020298289,-2.0965479564666474,48.793855039112756
44.69096435949399,0.0,47.69826849651706,-20.73465546820743,31.34636806331398
68.36973100469075,0.0,56.136315845330046,49.48742570445023,53.14616747924373
40.85341470170334,0.0,26.021964348088105,-8.741498040563034,32.211931870890446
39.659194638608255,0.0,43.331556259926494,-5.807230096231528,21.57858247408201
31.674465761852545,0.0,31.4023077060344,1.0584530464784665,13.592141475736067
45.71650303127508,0.0,51.917873809096186,-10.478430195888347,29.58704327640659
45.09754399488354,0.0,46.548004488170264,7.111398465834781,43.502910829665325
56.09961334639587,0.0,43.967688928493494,5.174828714110403,44.22071365481248
53.08590539232338,0.0,49.780117524817314,13.590739358743166,41.45203428485659
37.73279203905629,0.0,35.210056263185656,12.384425891471206,17.758982235593116
46.28355415991494,0.0,32.563556240275844,8.29938190204976,14.00672502313818
46.51076555092034,0.0,30.824358648598547,7.712498742267181,54.0414611170799
31.50325367585027,0.0,20.5606403275167,8.652903132051671,15.44542551690418
39.99832892427079,0.0,57.662465804966246,24.40190747976056,70.63912970237517
42.2436329657947,0.0,33.95175447496966,33.50851870648293,40.994597129969854
65.79839466648541,0.0,74.51403451973015,20.78597232615222,84.54510990996575
52.5255736186172,0.0,43.46505968792454,42.28664301419761,54.522172421340834
57.55526732811848,0.0,62.77247029517593,31.6894528612408,53.807867879065995
34.466745809781756,0.0,40.22578604354532,-10.715012604657634,19.819748337222897
63.24025672873451,0.0,69.0342006810088,4.687108781379223,45.8959719445218
64.38236675089574,0.0,64.1806532368145,14.952365968983708,71.47129994630828
29.127274247260583,0.0,40.003065698465896,24.068358243643388,26.422406542767334
42.94347735888089,0.0,43.01050138916457,4.239641446831389,42.324485408630835
55.77722407328967,0.0,69.75143615605282,-8.308413476133612,62.74651108928816
57.36528211849357,0.0,36.03950560783286,16.00543789729775,48.030250602542935
